idx,token,latency_ms,pred_occ,gt_occ,n_obj,n_vru
0,30e55a3ec6184d8cb1944b39ba19d622,7170.955082401633,266773,-1,9,7
1,cc18fde20db74d30825b0b60ec511b7b,36.113111302256584,324609,-1,11,8
2,08e76760a8c64a92a86686baf68f6aff,41.167352348566055,358196,-1,11,8
3,2140329a6990437aa46b83c30f49cf49,42.541371658444405,375259,-1,11,8
4,01a7d01c014f406f87b8fe11976c3d0a,40.15480913221836,396107,-1,12,8
5,a2fada921a7d4141877f4a51328a21af,37.30446472764015,365964,-1,13,8
6,b06a815164ec466f9fdb525522bb3799,36.626171320676804,404673,-1,14,8
7,5bd85334fdf94fb99c7eaa45d5feba0d,36.97304613888264,408893,-1,14,8
8,61f89208546a4045af336659ebe8db05,39.59308937191963,378476,-1,14,8
9,3bf56ebb22b741339967a95a9fbe2081,36.07324697077274,394752,-1,16,8
10,296fcfbf2e29489699f1cb5631f38ff5,35.653868690133095,390188,-1,18,8
11,f7d75d25c86941f3aecfed9efea1a3e3,39.03213143348694,384431,-1,20,8
12,1dfecb8189f54b999f4e47ddaa677fd0,35.99848598241806,403942,-1,21,7
13,830ba619959e4802a955ac40c5ee9453,42.41042397916317,413492,-1,20,5
14,dc2b67cdadca4deb89d7d684f2894292,40.86543247103691,399565,-1,20,5
15,e1dffaba060040cfab07dec04790fbfa,37.05387935042381,400571,-1,21,6
16,be28204a6a5a42ed9939d95ec3f22f5f,36.93556413054466,377162,-1,20,6
17,77c3d98fab3e4d3ea65747caaa74d605,35.080013796687126,391636,-1,21,6
18,5224809ffef94a6e83454ad3930d3533,34.90331210196018,386377,-1,22,7
19,3c18f85f037744b6ae4c8a6f8dc578c2,31.77216462790966,404781,-1,22,7
20,08d95280dd2f42d98a4a6e33dff8e815,36.87882050871849,401451,-1,22,7
21,f38aedc5545643d5be815165c6574186,33.51266868412495,409861,-1,22,7
22,56f30b8972084492bbe742d423fc00ff,38.24481554329395,385515,-1,22,6
23,d536032be01140afb6faa25b33de5487,30.797727406024933,391054,-1,23,6
24,4094ae4656fb4b8fb1906192b24a34cb,37.0157565921545,397148,-1,24,6
25,df25b3ecaf994001ab5d5b92b9de89fd,29.53110821545124,404197,-1,24,6
26,27f42a55215f4223a01afa79fcda72e6,28.888050466775894,398777,-1,23,5
27,f3c9f3e85f384381bfced8c2a863376f,35.41073761880398,390759,-1,23,5
28,9c0558316d134feb8835997f8df4444d,33.040644600987434,383486,-1,23,5
29,755ef1d006e94b2a87523000781a7a99,35.421861335635185,394738,-1,23,5
30,4f9ad42bb4a24970b770ba0a87baf47a,29.99982051551342,397008,-1,22,5
31,5ea654e6b56a457093b835dbf8c886e4,39.13985565304756,399026,-1,22,5
32,8d4ef2af6b394e5e8ccfd6e2e90156dc,35.924166440963745,395394,-1,21,4
33,91cc3d4e0df748fd8f7b2955fa4b549c,33.395688980817795,391349,-1,21,4
34,adcff599db1e48f19fd5c0fc827c8d79,37.790268659591675,396158,-1,20,4
35,ec78e68b1637464da5305a9cbed214c4,35.844337195158005,386959,-1,20,4
36,9288108d128d4579a54fb135d08b46ad,34.01895426213741,385139,-1,20,4
37,efce90566e4b4b39a3869c023d7c6f19,33.84891338646412,383887,-1,20,4
38,e59fefa1fc19406782779392dff95366,32.577281817793846,391792,-1,20,4
39,adce54dcf6404d37bd170ffc4c2a7836,31.587587669491768,379626,-1,18,3
40,3613b5ea52bc46d0966fede34be89d38,33.91996584832668,355669,-1,23,9
41,c0f6cef97fa44973afe8ed8e18e652c3,32.56726451218128,355357,-1,25,11
42,895d801ecf3e40019e43a0d5b80bb453,32.97061659395695,380004,-1,25,12
43,18f10858b2b1410f8485ffa35253033d,31.815484166145325,412715,-1,26,13
44,2d72c60d65f84eae91bb4e5b2486b366,36.66231967508793,407191,-1,27,14
45,3d2ce1b79d1c45e5b7db4f26f411bb86,30.610142275691032,401103,-1,29,16
46,9a7a58e327f04340ae8f9ec098a58418,35.76008789241314,400908,-1,28,15
47,575d8e57b2de436b805fd6befde3edd7,32.03790634870529,371336,-1,31,19
48,14d8b49233574552ae43c6f49172ea16,38.15624862909317,408747,-1,33,20
49,5973a055a6ac40e9934cfce8afa82fbe,30.706103891134262,421144,-1,35,25
50,1220f9a205ae44418fcce91722e1e601,31.319892033934593,424331,-1,39,33
51,9b3ff4bc3d1d46a19ddae004ec9c0ae5,29.96313013136387,425799,-1,41,35
52,692096a37e2c43b3b1aaaa06b0a9666b,36.72820329666138,435027,-1,46,41
53,0c97832dafd24fce9a0e4935664dc824,32.13762491941452,457236,-1,48,44
54,ca37a1ae2ef1461d9c3dadf826e78706,32.898787409067154,441409,-1,50,46
55,9a1174901ea1401a9972a44616214c9b,30.085863545536995,451841,-1,51,47
56,6e147994a5e3493d86a928a612ff5791,30.199047178030014,470059,-1,55,51
57,4a1972f8731b4cdea40fc69a38a735b1,31.150000169873238,465205,-1,53,49
58,a4be46a1e7d24df3b14fe5322c65df71,29.705064371228218,458247,-1,49,45
59,d02a787e344d40d78b57593a31fe1813,31.57472237944603,456146,-1,43,39
60,1994ad9682bd4175b244af0be3e09417,35.901905968785286,459579,-1,35,31
61,802619f6fb5940608483cb29fc1beab6,35.66602058708668,437679,-1,36,32
62,b24eea3e5ebd423fafe109de526cb484,37.703314796090126,420144,-1,36,31
63,6e90bc3643d94c0fa0edf8795f8c8aa3,33.17269682884216,405381,-1,30,25
64,5512cfa9df6842f89062f97cdefa378d,29.984213411808014,392220,-1,26,21
65,6ea8ed46a7e04a10abfa6acd5290ea09,29.698139056563377,394857,-1,21,16
66,1db65e17354d4873bd22d3186e7dfcdf,30.14485351741314,393547,-1,19,14
67,d0a9cf1d37cd414584f676826a1f400a,33.99234265089035,365113,-1,16,11
68,21e50bd8b149409a9791a74acf49a676,31.066332012414932,416364,-1,16,11
69,459ac79bafdf4b88913f981c1fa71b2c,29.690124094486237,449534,-1,16,11
70,e05526aafa644218b37ab46567a6e776,29.277388006448746,441906,-1,14,10
71,9260fb448a3a49c0be2d174e01157940,34.27470661699772,391691,-1,16,10
72,5abd3d15e63c44a8a8189a6e70a496ef,35.606617107987404,428366,-1,19,12
73,44a799dcf8cd4393aaa748e1bcd96d58,42.399995028972626,440256,-1,17,10
74,addc85df1c34465090f92fa811ecaac6,30.453547835350037,425397,-1,18,10
75,7483e0aca67b4ed79c12f553d5123923,36.55400685966015,405954,-1,17,9
76,79aee76081974fe18eff436a020ce606,30.919352546334267,394711,-1,15,7
77,c359678db3e0441397c0d631f98ec7e1,33.05408172309399,383007,-1,14,6
78,8cf0dfa0d78f469e8b10760332954028,35.64574010670185,380599,-1,12,5
79,51f37263b06c417e94138f2d9348f909,32.096536830067635,364868,-1,21,8
80,d14ff11d28f8410a83aae3cd04de0203,31.04989044368267,394655,-1,25,10
81,8b93ca14a898421d88a437bbd88fb716,32.67936408519745,401640,-1,26,10
82,c48d2494401a419b8c56b7f413526bd8,32.90417231619358,408393,-1,28,10
83,af4baa2810cf431695fbe4f3f5ce7951,30.15374206006527,410867,-1,28,10
84,8d74da149b1041cf8f0ff4a23c53342c,38.70247304439545,400057,-1,30,10
85,752c9911f5184076b7498c32913821be,36.79847531020641,379452,-1,30,10
86,5f610345cd6841f2afef4769153b5fe5,32.55695290863514,359735,-1,32,10
87,32d941ca626c458381f13c0c7ab267b8,30.90381622314453,360692,-1,33,10
88,6a02dd6bc13a457b9af4dc88220e269e,46.41616344451904,339598,-1,35,10
89,d492d47f5aba43249fe426f07a2911bf,35.30871495604515,329723,-1,37,10
90,7b175346a22b4e68b54a9d21f88446dc,39.06680829823017,317726,-1,42,10
91,1192c1448ec044ef97df3078e92032eb,30.82379512488842,308935,-1,43,10
92,6f82d20df0564605978ac7ee7d2da494,29.960066080093384,307216,-1,46,11
93,2f207084f4794686be52b8fbbfa91f1f,37.936825305223465,302446,-1,45,11
94,71a74ae092364afebe91caaee4ed2af3,32.12610259652138,297844,-1,46,11
95,a95deb56b3a845acae5cc782f42e5e4c,30.06858006119728,297039,-1,45,11
96,76b0296bc28a454894ea616e547ee9e9,30.27442842721939,279347,-1,41,11
97,8ccc7487ae0a4aed9daa021f6efe96b5,31.638462096452713,272730,-1,40,10
98,91bb8353dea24e0eb219c013b45dcd64,32.098401337862015,275259,-1,39,10
99,adebba609dd34ac58da232e03ad80f89,36.83396242558956,271078,-1,40,11
100,f2727eb072f7470b862601edee7250b3,31.02339059114456,279046,-1,41,11
101,849bde6d489544178c838baa28142bd4,33.631350845098495,276876,-1,41,11
102,afd9b98ede4b4c79b3fc1882ffeb2068,30.513741075992584,279773,-1,43,12
103,12a72195b0a242b3bf7a48c0d82cd219,30.620360746979713,280767,-1,43,12
104,12a0035c7d934d259f5fa32eafd7b0e3,34.7687192261219,277340,-1,43,12
105,eab9a7fe8c7c4cbebbefbbdb77960d6a,36.41815297305584,280341,-1,43,12
106,000681a060c04755a1537cf83b53ba57,29.312122613191605,277769,-1,43,12
107,39118d2a1a9b459eadc2c2d28c7658d3,35.142622888088226,282882,-1,42,12
108,b70d359986c74a008d7e9f957521b213,30.95102682709694,277115,-1,42,12
109,c1348c56187d4f38ad1b569cd3a7095f,34.896887838840485,285911,-1,42,12
110,e5062bd5d7774291b8641c5a9a38b439,29.798010364174843,287269,-1,41,12
111,cf6a7d894c034a4db251f41bc31cdbf7,38.18172588944435,288888,-1,40,12
112,9de41b523cce4fb3aa4f6230ec06345d,30.804408714175224,278504,-1,38,12
113,5bbe677b299143128aa0492add6b28cf,34.78691913187504,274968,-1,38,12
114,8b2da12cffd84eb2925b0b9e08ed250f,30.5409524589777,276895,-1,38,12
115,d48f731eacf64f1f8df51ba2a153864a,33.667249605059624,262468,-1,38,12
116,073394e5ed044800b3e4d7e077716219,32.01717510819435,254267,-1,37,11
117,5b8bccc502224cbd82d1cf9e511a35c0,34.6188060939312,252778,-1,35,11
118,6de2f8b9d18441e8aee8011d5f8759f3,29.415367171168327,265958,-1,32,11
119,c28c950afda14f7b93ff956799873dff,38.31633925437927,440541,-1,5,2
120,73605b2d71b347e996af63f7e7e55fa9,31.528005376458168,428664,-1,7,4
121,86287c78bf494502ae0b6110c162b63d,39.88729417324066,427186,-1,7,4
122,c365e8e9ccfd4bcbac8fc09a21692edc,36.83594800531864,420770,-1,7,4
123,08dfcb4bd030497ea9c7d17d4bbba24b,29.605235904455185,435717,-1,7,4
124,b8c2c0c99fa24096abb6537fe3bd5628,35.36606580018997,431596,-1,7,4
125,8b52e309b5144f7880725db89ec38956,33.548204228281975,424505,-1,7,4
126,54dd93feb4b34fc4b57470531bd79ff5,35.511789843440056,412454,-1,7,4
127,7c3248a9f77341d2ba915b857bd8f287,34.22594256699085,430452,-1,7,4
128,9f5b95a0bb20428188d4abae6a0579d1,34.101707860827446,394084,-1,7,4
129,cbbd333271434197b1bd8302ae03100f,38.04340958595276,401873,-1,7,4
130,28b11a54a9554bcab30d73ee193046b5,35.897206515073776,423947,-1,7,4
131,4b791411187e47689f7259a9b4d4c54f,30.5106770247221,432308,-1,7,4
132,ac7124bfc1694aa996a5e3b27d17ecf5,33.440543338656425,417375,-1,7,4
133,b0361d863c2f468d8f6ac82560aaf5bf,37.17716038227081,430721,-1,8,5
134,a00699393a4b4cf39e0b992da8dd2715,37.24929690361023,428736,-1,9,5
135,f4d621bac4954bab8376359358093db6,31.34736232459545,408344,-1,9,5
136,0497c0a2d98145029608177652f791a0,34.90202687680721,397625,-1,9,5
137,4bf4a32aa6e14ed890fcf8a860ad9289,36.24306991696358,413896,-1,9,5
138,c591060534ac4c978a9601baa87c202b,45.95066420733929,418075,-1,10,6
139,618875a2d6724584917e6be29329d8ac,34.120555967092514,387514,-1,10,6
140,f09c85b7ca614a97b5a2293ad5b1182c,36.008527502417564,383697,-1,10,6
141,e334b3012d8b45649fb0614b14264a30,30.89660406112671,404462,-1,11,6
142,101e831275d740e6b47a6b1e9ef8c7b2,36.05648875236511,385589,-1,12,6
143,309dffeeb33c4319bfcd4fa9002d8667,32.971275970339775,388043,-1,12,6
144,8e86bdba7c1f434780fdc7924d9d2286,35.3741105645895,396664,-1,12,6
145,58b9fd4376c741b3ad035aec9bef660d,31.42780438065529,376143,-1,12,6
146,a38cd83451774e5f89fce6eb45b3ac8a,40.296396240592,386154,-1,12,6
147,c604ceb421f54f028c246cb68960dd53,37.01108694076538,380847,-1,11,6
148,84d3fc3616134756aa8a9545a5706e62,34.050002694129944,373543,-1,11,6
149,8c9d04f0d9fe4fa49db9a99d4852f46a,39.3403023481369,373542,-1,11,6
150,fa1a6e0348aa4974808669ff11afc30c,32.6691884547472,369933,-1,11,6
151,95da06d762ea41ed8050c8d7a9cefa8c,30.182594433426857,368418,-1,10,5
152,f69deb5862844f09a690500fe6a2b9b0,35.25463305413723,366311,-1,10,5
153,4a4e46dbe41848b8a2b1d82107b6c24c,32.53958560526371,372208,-1,10,5
154,57417521864243b8877733aa6b372276,36.8984155356884,369260,-1,10,5
155,d4c301dcfbc34ac8b8319353c3bfc620,30.929885804653168,367600,-1,10,5
156,75552a5fc1ee4030ac1d032c6343a165,34.455547109246254,369184,-1,9,5
157,c7bc5a205f5545b7a0af978889ceca13,36.078255623579025,366522,-1,9,5
158,e261f474caa34797b0759aa2ca8a576d,38.62624429166317,365981,-1,9,6
159,3947c3c1848e46c3849a1e178e2e728b,41.93226248025894,372115,-1,9,6
160,c0e18beded2d45d29662c2129503d4f7,30.953550711274147,366423,-1,9,6
161,c3286d413f524369ac040fbcd0b0e9b6,44.326167553663254,374977,-1,9,6
162,e7683144f74449309873faf2cb7e76c8,36.97054274380207,376453,-1,9,6
163,a4fa9d49433944d893b977da960fc458,30.508941039443016,378511,-1,9,6
164,d55a20a3225b4e258cbba4dd9e1b597f,38.36626559495926,359554,-1,9,6
165,1a0f8e5b0cc248cd832716486455a257,34.96284410357475,367269,-1,9,6
166,f9b825f4020e4da8b6a182160e0b0705,34.33241508901119,372085,-1,9,6
167,77d239a5f93b49a38ec0a6185c87147d,33.842962235212326,376438,-1,9,6
168,fdb723ef23d64b47aead300ed1d573f7,37.91330009698868,364998,-1,9,6
169,6e49bfd9f21447858938b77180bcb6b8,34.21997092664242,379489,-1,9,6
170,4c5a8356ea1741548238807ba41235d3,34.035855904221535,379732,-1,9,6
171,e69a14f90e684e0c8dbcee8336e837ad,39.59639556705952,379962,-1,9,6
172,a77fe48ab6e44959860a1a2b44f7be5e,36.25657223165035,396292,-1,9,6
173,160faaad600249d7ab8f95ee44648e6f,31.259575858712196,375574,-1,9,6
174,335da4966e3745dc845362f4c54eeae8,33.53478945791721,377450,-1,9,6
175,68b7cbe911ee40f9a00ff8affbfb88ab,36.46906465291977,368342,-1,10,7
176,f3d292fb057a4490967facdc1b9968cf,35.25969572365284,367515,-1,11,8
177,9a9f358664e64025a28fbffcf2ee0099,30.49078769981861,383281,-1,11,8
178,deafcf11ebbf49ea987ebc7616d4c487,30.387744307518005,383706,-1,12,8
179,670c160e6af24e7c8a8dc34aae1e3a1c,30.837111175060272,382896,-1,13,8
180,5c37942981a148418ea05430a44cfa7e,30.424391850829124,380198,-1,13,8
181,ca924333b0ad4839952a5b6ab70de4b0,31.226124614477158,373026,-1,12,7
182,fb2a700732f24bfe86d1187ba7492ba2,33.11113081872463,379668,-1,11,6
183,f05e94332d124446a9b8df3917101615,34.458303824067116,380078,-1,9,4
184,2b4bb1ecb2244264ba9043ee04854ac2,30.491549521684647,382934,-1,9,4
185,16ada52c6b734169879b2c296f5434d3,35.60475446283817,397780,-1,9,4
186,81f68870ae19470a93ae51e7ff2583ef,34.00471433997154,389567,-1,10,5
187,5f52fc6688cd4b098799012ee6a04875,33.71777385473251,353647,-1,9,4
188,03e1fa4ec2664a34987dcc8c2898d94d,32.352739945054054,358252,-1,9,4
189,d929c9294e4348c58edceeb460d2e083,30.007917433977127,426077,-1,11,6
190,80d7c172efb64b5296f2d22f942bc963,41.72556288540363,431554,-1,11,6
191,edde57e6dfeb416e936d9056824b8253,31.75194375216961,440637,-1,11,6
192,f1d9fc82160b4980a3fd44dc92bdd033,31.009633094072342,438399,-1,11,6
193,33c050305be04c6489a4c61f09e40123,34.46982428431511,427679,-1,12,7
194,1477ef1a6a3b42daa70ac218e6f6c6f9,32.83868543803692,410066,-1,13,8
195,dc80a728399948168b6e301e031a2435,40.675049647688866,415470,-1,13,8
196,90c8d4cb239d48adb447177c64a7ff0f,41.40295460820198,405209,-1,13,8
197,1d477a7c21784a98b2e6a9289a958fe2,32.548317685723305,437486,-1,35,4
198,4cd21f4d2a00448c9efe4d81a6e35891,39.76228088140488,429029,-1,35,4
199,d7f831c213eb44e3b8031f73929278a7,32.86963328719139,433947,-1,36,5
200,915e9d78c1eb4bc7a75fbd9d672be158,32.88094513118267,426739,-1,37,5
201,8ae5eb1e96954ba0b154600564400ab4,32.698480412364006,409575,-1,37,5
202,5eb775d7b9534e82971c5c435fbfa116,29.713807627558708,412517,-1,37,5
203,12404ec129124d9a9bb72860e3c9c02b,29.74889613687992,405453,-1,38,5
204,a9460d1306f94aaf894af8b07d5f23a9,32.80596435070038,427346,-1,37,5
205,a82c0acb18dd4c3a99731b7a06a63fb7,30.033713206648827,433377,-1,35,5
206,11d08474b2544d969d832d3d370c3db1,30.680224299430847,424212,-1,35,5
207,1c9469a9d1db45f99f95fbe9c0095087,30.86446225643158,424731,-1,30,5
208,b513d361d0874bf8aa8eeae2e04dd25c,34.48772802948952,438143,-1,30,5
209,773712537f064bed866ee4be0a425261,31.298480927944183,422673,-1,30,5
210,b3d0ef9d02d24118a0fe3e02104e8a33,29.55741435289383,400161,-1,29,5
211,e42c40288fba48e993507ce35215a7d5,33.39832462370396,421156,-1,26,4
212,e1e84a1a464844cd80f144faa700c067,29.819991439580917,415676,-1,26,4
213,44a22e08d57b40d4bf7077a060741383,30.118416994810104,421326,-1,24,4
214,0e6728061166469695094adf2df3ece0,29.70823086798191,425777,-1,25,4
215,c0ac3dc491e7414184f44c2b32d24ad8,33.534446731209755,420976,-1,24,4
216,b87c4fce91d94856b3d8a39961e97fbb,37.65426017343998,441096,-1,23,5
217,49ceba17e48d41f08da1c994618f84da,37.13412955403328,437742,-1,21,4
218,0c35a9646b7b4c74af3699f46d6bed9a,30.658653005957603,440841,-1,18,4
219,3d71959327bc4d79a59a8efb0da21143,33.308252692222595,426964,-1,18,5
220,bf7a775b373b4705aebfee0609f6e166,29.682572931051254,431746,-1,17,4
221,ac2d1e8913eb40e0847c39fb6dd73c5f,36.96833923459053,430874,-1,15,4
222,0791e7e86b98473795eeffe238d6c13b,35.672834143042564,456174,-1,15,4
223,6e60a07fb4234c1d8b669f62bd49da5b,30.166015028953552,454725,-1,14,3
224,f3c0d5342fd54c4f95312fead7783170,30.548157170414925,462911,-1,14,3
225,a1d17e01d0454964a0699b251b2f1e70,42.312731966376305,466337,-1,14,3
226,8d5c8d68750649c5bb0798abe4a1d8f8,39.4548773765564,471632,-1,14,3
227,e0668ad60c404fa6a7cd4295c536d737,32.94229879975319,463158,-1,15,3
228,4b37030f3df847aa97027cfb887be058,37.030214443802834,462571,-1,14,3
229,c63c15b4ddae40579136ebaecbbfbfd0,29.39624898135662,467382,-1,13,3
230,d21bdffbca9f4edaa4bf4f54fffa6f4b,32.371506094932556,456282,-1,12,2
231,2bdf0127a7094e3aabdf8be3f4670cb0,36.78641468286514,454694,-1,12,2
232,7e33559bf5ce4cbabf24b606383ce521,29.722029343247414,458207,-1,13,3
233,af7a7e39956646a785d8d7c5831fea62,29.199600219726562,455379,-1,14,3
234,489c1b82dd654bc78cd900b93a644bab,42.164020240306854,464110,-1,15,3
235,cef5745a54e24c7a9111d449e336b4ed,37.922950461506844,458689,-1,15,3
236,040a956bf0c04ad09fffc286cab5bc56,33.81872549653053,414352,-1,29,5
237,ea5dbccb2a7a4b4e9ce8c0f5e0509d17,35.7743538916111,411839,-1,37,9
238,fc651dc8a36846fdba3f705117d3d0d0,29.65802513062954,413314,-1,39,10
239,3d65380e1e2b470bbe0c944ecec05616,40.549034252762794,406450,-1,45,12
240,6d32f67b3307453aae7b942c91b7b9e8,36.72953508794308,386220,-1,47,12
241,d6f9027a85474ee4bbd4103cc7619f4f,32.9451858997345,379348,-1,55,13
242,573172be3eda4aae94e875fe4403c57b,31.771762296557426,358868,-1,63,14
243,3387d937c3864cdcaf0454542ebaa961,34.65312160551548,382806,-1,67,16
244,2bb8324710ae4fb1a000cdf7f1eb253c,39.091432467103004,407798,-1,69,17
245,34cf97ab4d6b452d862ae6c8374f7ee9,35.509053617715836,415551,-1,74,21
246,9bd318b5781f4bf797b9b6ee69f9cbd8,35.25605611503124,404415,-1,79,24
247,72fb9f0f545a4d6b92f6de14c9dcce85,45.25889828801155,402601,-1,78,23
248,ef9eddeaa6c641b2bfc687237153a1e9,29.89729680120945,390808,-1,76,23
249,913f4d17b4c54ce19662f83158a3d4d0,28.756476938724518,397141,-1,78,26
250,728f711f0d8e4b5fa85defb9bbb51399,30.245332047343254,402297,-1,84,31
251,4ea42d9dcb2548658a950769437f108b,39.71405513584614,396170,-1,83,28
252,4de831d46edf46d084ac2cecf682b11a,34.66362692415714,396985,-1,91,31
253,9bab9367c07f4410ab2a3e901d76034f,28.895176947116852,403451,-1,91,29
254,2128fc958907421ca888ab014a73348a,35.624051466584206,394959,-1,94,30
255,144689dc04d74506a875106f2ff76d9e,35.3322122246027,393455,-1,94,33
256,d813d750f591453a9b1bb905e6a88b48,30.124204233288765,366429,-1,86,30
257,bf6aeba0f19a46b087916c915f73cf39,34.97263230383396,351250,-1,85,32
258,9018d220fc7340998efa65631a9c3cd4,31.534764915704727,341142,-1,90,34
259,5b8b618c3f9e481bb8522d9900d74f20,32.89497084915638,354285,-1,91,38
260,8491dd8fb7a44826b15e24ef9f869455,31.74707666039467,361518,-1,86,36
261,d90f206c2a2e405e912ee046b0b27d85,39.55487720668316,332585,-1,79,34
262,9d0b36d611be43ffa9244ee9a4e9c5e9,30.45445680618286,330964,-1,77,33
263,1fa5506ca31d4174955140d2138db679,34.73957255482674,331269,-1,81,39
264,364828ce52784d7a8f1b6f586637e23a,30.685462057590485,330469,-1,81,39
265,864f2bd660ba4d5b83fc5dee443801ce,29.375923797488213,343182,-1,74,38
266,1734a670436946788e72ec8ce185957b,39.38884474337101,353275,-1,72,36
267,2e51aaf4465441dcbe22351087a62c46,50.550224259495735,366866,-1,74,38
268,291d30843273487c96a7dc86f79a030f,38.22902590036392,346651,-1,73,40
269,90c1665c6cf24153a834063fd99f257c,34.15505960583687,357111,-1,69,40
270,783bf5ef43d04e538df4986e1461ba7e,34.57421250641346,349529,-1,71,42
271,f5a8490b733140bd9eb51131f5e65b4e,33.414991572499275,350343,-1,68,44
272,cb57adad69c54307907d522fd78c543b,40.57917930185795,339104,-1,67,43
273,b46095be5e6c47d2aff1a67a151fc984,36.43972985446453,349786,-1,68,44
274,de44070678e84676ab9e68a16a55b5d5,32.05447643995285,364271,-1,71,48
275,a6f13e65dcd141bca7ffb425d7c6c8be,33.15970487892628,368722,-1,64,43
276,8fb167b9767d420b9c6368719bafb7b4,36.12091951072216,369347,-1,34,17
277,1dffa2d447444bc89fa5c494f88aaa20,35.956939682364464,376181,-1,38,20
278,8c6a954f8ab94c36b994a18d9f6a5b26,30.849352478981018,379221,-1,41,20
279,d5686f4785d04f7f82f723548f14523c,35.113899037241936,380778,-1,48,24
280,ad7080dc8e08423482474c439e96c2ee,29.720963910222054,373438,-1,52,26
281,96af1a7dbbe643ee9b54c2702c719407,30.42515367269516,372408,-1,54,26
282,99c4cc9ce89246b19b802666bff43cf9,30.91209940612316,366478,-1,59,26
283,5c9f496ba0904ac0a2a62c138dd627f2,36.74008697271347,347366,-1,59,25
284,ce45c7c9cae1491ba4e30bdf649b7de0,36.19534894824028,341572,-1,57,23
285,4ffdd34156524df380cddc090dcadc7d,42.64248162508011,328416,-1,56,23
286,ffec010a27b4462f86b78e2e41d14f42,42.039863765239716,346027,-1,57,24
287,c5fc747cb34f44d78820ae649d183e93,34.267330542206764,348018,-1,54,24
288,88aa269105204f8db1a29debf3cde07c,37.285154685378075,347561,-1,55,23
289,6b282c1c40c1454bad559e58b5fcecb0,29.65657226741314,337363,-1,49,19
290,4523fb98c35940f1a47555072262965d,35.219648852944374,325895,-1,49,19
291,6e75580faac94693acd7ece6419dcb88,40.03831930458546,313723,-1,51,19
292,bd0a172dbc9045d5a11b1980ccfb0d53,33.61994959414005,318481,-1,52,20
293,af620d74bb47486b89cdc3844acb6c18,31.592385843396187,353253,-1,54,20
294,8a51f719699b49f893a8ed0932201c22,30.40965460240841,337407,-1,51,18
295,cf4d66093d824995b2b56eb08503c663,38.71988318860531,301873,-1,52,19
296,5bea7ebf706d4a5c906769ca8de1be22,36.1845213919878,298313,-1,53,20
297,c49a39d8f51d41dabd03de50bbcf06d9,30.108144506812096,289593,-1,53,20
298,b9853461935b41f88ba20195a2d0217c,35.14038771390915,303559,-1,54,21
299,a4093bf016f74a93bab9aea589de615c,34.099746495485306,315179,-1,55,22
300,33c965ece87842c2ac898543d26dad5f,35.19505076110363,322117,-1,55,22
301,5484714099f84b6c90d7db7fa8673073,30.830755829811096,316672,-1,55,22
302,318791a3a2054db9a90bc6eba32795bf,30.692927539348602,316220,-1,56,23
303,9f6fcb159f6046cb9b2f9165479c2e51,33.31859037280083,330577,-1,56,24
304,7967df27333942bca9eb8c1af9de61af,35.43473221361637,321227,-1,56,24
305,1aaff367ed174989b350fd40619b6f9a,36.369238048791885,328613,-1,57,24
306,28d072daaeb44926a824bb2671878b68,29.75926361978054,320705,-1,57,24
307,0a4c9338501444aebc937ec231dcde43,40.069758892059326,321980,-1,57,24
308,81d4dc6d876c46528e7c678fe85410cf,38.864865899086,325597,-1,55,23
309,a2f135999c12428caacda927ebcff835,31.506432220339775,322099,-1,55,23
310,e32db3f8b6c244c2be60b6d7db30ccc3,30.691232532262802,324150,-1,56,23
311,38f030fc7723490e98b3b40ba7d525f9,36.601243540644646,318956,-1,56,23
312,e2526ae0b641422f9151ffd49a19f01c,47.67689295113087,316487,-1,55,23
313,b3bafb1ec0824002ac518570c7995935,51.643162965774536,313982,-1,54,22
314,4ac8bb201c7f44cfad407f00d3b18c4d,32.94374421238899,308579,-1,52,20
315,91d55da975464dd6a50d71a4d46881eb,31.32888674736023,321638,-1,52,20
316,3502d36d2c76428f9b79f2854e96b696,30.428960919380188,320061,-1,73,47
317,152db7f344954b7196402b92caa57e1c,32.026130706071854,315268,-1,80,48
318,ff771831a0b243169b037f4659e23a9d,50.78799091279507,311227,-1,84,52
319,b22ec0c7883143c6a201e71ab917da7a,34.38418358564377,317632,-1,86,52
320,f38ef51177c84c2a9fa32584b79e601e,29.417190700769424,327555,-1,89,53
321,291e7331922541cea98122b607d24831,32.66097232699394,328363,-1,90,53
322,e4a61a01232041f596e72f03495234f2,35.75870580971241,323834,-1,94,55
323,d628f4a6b4a6405c8f4cfbb8d18c6fd8,34.35766138136387,355069,-1,95,56
324,7b011306ccc34c94a341a54ba2552c52,38.76620903611183,333582,-1,100,60
325,333b8e10454e4be1b6ea0a57ed25e3d5,28.945300728082657,337947,-1,101,62
326,5099c82438074d8885298bbf6d635a54,33.226147294044495,308648,-1,104,62
327,7a344e7e1436415caf180ae067a4203a,35.19590385258198,310751,-1,106,63
328,72fb9a53ac6f4222ac623a6b39c9404d,33.79900008440018,317202,-1,107,63
329,9f7c0eaa175c4627aab13b7f76297c2a,28.86953577399254,313049,-1,109,64
330,c62b6ac878934607be0c524a02f1692b,31.93695656955242,306090,-1,111,63
331,19eea651c57e43ebbade7c4b92a6e4da,35.24087928235531,314203,-1,113,65
332,0c43bcd9eafa4b8c89c371cb311bf938,35.23360565304756,315176,-1,113,63
333,7f770beac09a4af3b8ec2f4954b9e1aa,31.696919351816177,327096,-1,115,64
334,5441646ff9c54d4a90fc1d7f4256072c,39.73904624581337,311450,-1,111,62
335,4070ae6b1ce047b5b0a3a5868f2dbd19,35.92716157436371,311289,-1,107,60
336,9075f9ff230041c59042130739b92ef1,30.064301565289497,333656,-1,105,61
337,c855b62fda9748c0a719c329b6e216ec,36.50291822850704,311543,-1,102,60
338,9851e24eeb8e40cf962e45b1975aff53,36.093395203351974,300084,-1,95,55
339,5aa5555debb94e988b4eb8d8ff26c8da,35.20200587809086,320916,-1,89,53
340,6c662b1258e34752be332dcc1eccb7a8,30.299315229058266,330072,-1,88,54
341,7ff6ab92e1c443209f8268fcfb214925,36.631422117352486,356581,-1,83,51
342,882b922af4c740b8be9db39b2cdd1861,39.77282717823982,360484,-1,80,48
343,ab7f9e0665d24fe79fbde77325627d18,38.44648599624634,357566,-1,70,42
344,bea5dd7080414656b1b89ff163cb7599,34.125905483961105,348250,-1,61,34
345,afb4301624a2479fbab49b0512d157c1,34.73539464175701,375085,-1,54,27
346,46a4a199e44544018017be7434e46fc8,32.1530532091856,391678,-1,53,26
347,50f8b4a1ce354890bcf834658cbb9e80,38.553327322006226,380267,-1,51,25
348,56e7460943344e33a5a657313541065e,35.20537167787552,369304,-1,45,23
349,f733cb92982f4f58a1ce5c427786491b,31.90874122083187,372464,-1,46,25
350,28285c367b2d468f850572ddcc7efac9,36.70401871204376,358269,-1,47,27
351,ff6114d5779f4a058ec6c812afd56294,35.195453092455864,382744,-1,52,32
352,3ae0f5d24198405a82bce2964fea6f03,32.045548781752586,374655,-1,52,34
353,d25657fd31f34816920f051407c47f0f,34.717800095677376,368331,-1,48,35
354,3fb21b1df59e43ab8b29d4a1ea9a0228,35.142362117767334,392191,-1,44,35
355,fef6223e08f64885af98e24ccbbcb373,37.45906427502632,379391,-1,36,29
356,7e2fd590b46d42cdbe8dfbf035761561,38.25665824115276,379796,-1,39,36
357,18cb702eec7543c9b7e3d951226e367d,39.010992273688316,400112,-1,45,42
358,61db69a026d34c558f0ab0321f0886f8,38.281435146927834,374824,-1,49,46
359,5d413e8d6a4648a7bcb091f7e362a3fe,32.87185914814472,401557,-1,49,46
360,e3dbf6e92f0e4ac3860f1cbf73e2a312,34.380655735731125,401055,-1,52,48
361,2dc6dfa0bf9441f6a2397e7d4ec424ad,34.391988068819046,391723,-1,50,46
362,e6d1a6c5413942bdaa26ce0c0e5330ad,33.9483916759491,382536,-1,53,49
363,b421615151244708b1efe89c5147eaaf,33.87836739420891,361549,-1,54,48
364,b45559bc742b417aa85dcce98f5e0676,42.42357984185219,361028,-1,50,43
365,6382c18ecfe44ffaa22119c94be8f02a,46.910785138607025,360699,-1,52,44
366,a593f1a21f6e4deca2e30c009916ed7a,33.30935537815094,353117,-1,48,40
367,d849f5a053f741e6a5f09983cf036225,33.869532868266106,331840,-1,43,34
368,0ffc384fc61a4742a78d179f07ea1c9d,36.7668978869915,345374,-1,44,34
369,4d85541c5f204e359d63ed2b9db1ec97,40.51808640360832,331316,-1,42,31
370,2a07391a099947f285e1801d1386abcc,32.156988978385925,332202,-1,41,30
371,211466503dcd4723bc58b9d3717ed3a8,37.485795095562935,334685,-1,42,30
372,ab959d16b505476fa14530f8f76da1bb,30.08551336824894,347654,-1,41,28
373,13b194dc4afc49898db6ca0c7ae763be,38.902897387742996,348507,-1,45,31
374,7028ed54fd6940e581917af772b7bef7,33.11500698328018,350449,-1,44,31
375,fae2bb46325643e7a4f48fd0423cc55a,38.226740434765816,353460,-1,43,31
376,d5cb5a4a5e5245f8b6300ba482babbc2,33.785199746489525,339801,-1,43,29
377,08babb6cc1d64bfbab2f2284d2076c56,39.25160504877567,330059,-1,44,29
378,ef710f7aad4c4bcf9ac21ef155c8c3d1,35.847824066877365,323992,-1,45,29
379,77cdbd3d755d45d8b822d6d595fdbf70,36.99113056063652,337959,-1,45,28
380,13af3da0edf14bfb8fa9d62fb654b455,31.412756070494652,348111,-1,43,26
381,aae0304d89854d818cb48c0aa52a4ebd,32.33754821121693,355813,-1,41,24
382,3e991036257e4acda7cc1658dadd3e50,34.96149182319641,360714,-1,40,22
383,74f6b583f9eb441db5b95b67cbec71f5,30.50917200744152,366422,-1,39,23
384,10341c91fa1347e1a0b607ae5eff471c,33.00534002482891,362475,-1,38,22
385,f1cfa142bc164c99a2c679a6dea01a67,33.62755477428436,350831,-1,37,21
386,37c8d31c9ee74a07a68305297959da79,30.8705922216177,342086,-1,38,21
387,18039d7b1dc84a2fbb5efbaa84d66f6a,29.88162636756897,359555,-1,38,20
388,b211206072a8491dab37ca3965137daf,34.38098542392254,353682,-1,37,19
389,c0cd7a49d9924264b2be63b6ce9a9674,29.39620241522789,357104,-1,34,19
390,47972c339c9f4654baa9bc8d7143cf40,45.405516400933266,353246,-1,34,19
391,a5d381511d6748fb8626ab563d6c7022,36.134082823991776,346752,-1,34,19
392,4305999c65934df6b503ad4eb90f5648,30.702969059348106,355256,-1,33,19
393,c4b3feb84d7c4c338ac3227d856e0069,35.29036231338978,360728,-1,32,18
394,ebef899df124471f94a0d4befaf785e4,29.844768345355988,352313,-1,31,17
395,49409214fe454b018d05c8d839b35159,29.608432203531265,345732,-1,26,14
396,f4b5b6fc59e34da6bd18d4d8e299dab8,32.317956909537315,350899,-1,30,6
397,bb972464787f4ecab2e9d77c7a0cb9f7,28.088944032788277,361349,-1,29,6
398,695972046c1240d69835d02386355ddc,37.45843283832073,365894,-1,30,7
399,cf7cdd43be9b4886bcb7b45af4d9d104,32.74826519191265,353247,-1,31,7
400,b462e73472684c509a3e5f8734c33b10,35.04364565014839,350113,-1,30,7
401,c75fae3bcdd54b3a8b3635fdcf8ba74b,29.523320496082306,340600,-1,31,8
402,68ecb2433f654422a7567d9f349c0708,36.90227493643761,346113,-1,29,8
403,3eb6673bad8c44e2853283d958a68ca0,30.010700225830078,362805,-1,34,8
404,cba4c5078d8e40138b80902278069671,28.66487205028534,365094,-1,34,8
405,943884d0b74546ee8d6a18ab456159a5,28.242837637662888,351661,-1,34,8
406,c1255d993df4492a9dfa2f67a50f3073,39.495375007390976,358453,-1,34,8
407,b0b7ef23a4fb418690e43900525d09ad,32.33369439840317,348056,-1,35,9
408,01fbe6d2d7384d20967a88e4142b5678,33.84820185601711,348499,-1,34,9
409,5ad38eb017f34421828852889c7dd9d7,30.941523611545563,363236,-1,34,9
410,29b8d47b841f44ce8216353f373ba2c3,37.246882915496826,353435,-1,33,9
411,4c687bbe18104da1b9eef242d5abbe6b,29.485970735549927,369374,-1,33,9
412,690f0d215c29452b9ee793fc6a033308,31.021296977996826,358688,-1,31,7
413,cfbf02c6624c4cfb951493700683d461,33.66837091743946,349052,-1,34,9
414,37d0faf82cdb4af1a3d85b18077ee1f8,34.669360145926476,339895,-1,34,9
415,2e24381cb9434a89abd7f3eb1ed838b6,35.57315282523632,342732,-1,33,9
416,2996dec1589e4dad840eb5801d27d255,33.231958746910095,343272,-1,31,10
417,91b1849b2b1747a39ba5732ba4caa1df,29.108596965670586,348313,-1,31,11
418,ba4c95ffea104b088e07bdc2c7a0300a,30.39691038429737,326570,-1,30,11
419,fd761d865ef147e7bb7eec819b9cfd54,30.445851385593414,329704,-1,29,11
420,42b6df359dab44a9942600fbcf14a929,30.857088044285774,314036,-1,28,11
421,fa5cd3e2f2424263b9558b654fbbc831,27.812212705612183,322843,-1,28,11
422,03c4ae55f4f747ea89deb0834aa0a125,31.172292307019234,344537,-1,27,10
423,8d482af343ab4ae79fcf4d6aa13806d3,34.70565006136894,336666,-1,28,10
424,92d457fe8cc54e8d87c52bb5eb670768,35.11185385286808,340154,-1,29,10
425,8cfc29cd1fee4f92bd5134e2af939d47,34.966981038451195,327855,-1,29,10
426,ef1a273c61914852806161f5dbb4e4c9,42.762549594044685,336489,-1,26,10
427,c3387194b4df49c3a2f91df1801b662f,31.49489127099514,332570,-1,25,9
428,fa55184474d74849911a4b84da0a4b53,43.82557421922684,346501,-1,25,9
429,ee82f97267f747c78c3458640faf9d67,31.857114285230637,343019,-1,22,9
430,6e727bcf41e44efc8e6d0a0adbc88935,32.448286190629005,337967,-1,22,9
431,096d7f5716974c86a19d4de3132dd58b,35.251256078481674,319706,-1,22,9
432,81fae3cd80704dfb8f0be1144e6218ce,30.901551246643066,311001,-1,20,9
433,ff9fccde28864e1b8127991feee3301d,48.551831394433975,308879,-1,19,8
434,d781184227244ef99557f1163f681e3d,37.102868780493736,307403,-1,17,8
435,6664e576015845e185dc931f83c14c98,31.10164776444435,329329,-1,16,8
436,79070dca796f4ffb868d84f1b067f9c2,32.633401453495026,385699,-1,13,3
437,41c07e6847da41409c03671b7d88453e,32.74087235331535,386777,-1,13,3
438,c3ab533691c844f2910462bdc732879d,45.705368742346764,383994,-1,13,3
439,5a54a45e59ad48cab7213ff7d1828f3c,50.68703927099705,381857,-1,13,3
440,daeec5222fb346f99addae0db196eb1e,29.399575665593147,393431,-1,13,3
441,8e21bcb6b7304ee3ba342c9c3f2c0226,29.720451682806015,378262,-1,13,3
442,cecb41d3a0b243c3b0d37a269ce855ad,37.709325551986694,366853,-1,14,3
443,04828388a55741479c3698cdf6aa2e6c,29.60669808089733,375175,-1,15,3
444,16b5e2757a4647ed97cd9f54f0c42e1c,29.625263065099716,369448,-1,15,3
445,99ca4527b7a24d039d2465b46ed0a543,35.491492599248886,365381,-1,14,3
446,27db2832d44144829b896d46b441f66c,28.93061377108097,359137,-1,13,3
447,eda82ccd4f3747eab66d9c402317dbc9,28.903551399707794,365506,-1,13,3
448,66bd5bc1ef584d849b87f08b78e3beef,29.541976749897003,381594,-1,14,3
449,1223445bb2b14ecda09c2b8149e0ec77,28.418365865945816,379325,-1,14,3
450,524b696fedac43d68c6fb94db5d56b1f,37.6787893474102,374571,-1,14,3
451,bb9c0abebf574b4892f1e0fab92004d1,34.120043739676476,365006,-1,14,3
452,2f91d61bf97f4268a488c6e33c6f0fba,32.927483320236206,375843,-1,14,3
453,cf53df0209f34b319ac84daa331a9d43,38.193972781300545,384366,-1,13,3
454,6409f6f3378044b4bb58446424d74a1a,34.08707305788994,379767,-1,13,3
455,5dd954d0ac0242a990ba35eef950c937,33.0890491604805,394079,-1,13,3
456,af0f72a7e15c481ab2bb87a561b00241,28.995797038078308,409214,-1,13,3
457,4fa6e380731d4819bc404bcf38240a90,34.34884734451771,376851,-1,14,3
458,592b90b824a6431b9e5aedcd5d4e871b,35.785216838121414,387199,-1,12,2
459,c4bdc2fcf6ae4ba599d53663ed2ab5c5,34.25314649939537,324554,-1,11,2
460,959c87c78f62434abde877aa3663cc77,33.90820324420929,348227,-1,10,2
461,fa48d1046e22419fad3615fc17225e16,33.76992233097553,311764,-1,10,2
462,ba47b8c21bc446f3bfa60f004ca45106,35.153601318597794,313285,-1,10,2
463,b07273055da64823bcc2ede3f06ad3b7,35.538848489522934,328200,-1,10,2
464,5e80e020aacb406fad737926aeadbb30,29.472434893250465,336689,-1,12,4
465,e9ae8c38b8744ea2a265e4f64829c0d3,34.01741944253445,366529,-1,15,7
466,2d65df5368bf4e068e3cdf602c382c59,28.702683746814728,386210,-1,15,7
467,a484d76a40e24d549a0ab412d0a843d0,34.85353663563728,390638,-1,15,7
468,a5e43b1d5df14313b0ad5e9a7310c355,28.661172837018967,399344,-1,14,6
469,6cf7822aa27a4e599d4cdd249fca5763,33.81185233592987,404889,-1,13,5
470,1244ad3ad1dd409c96c5158b529c89ef,28.508417308330536,411080,-1,14,6
471,0b717009572d49c98e83d737915aad57,29.20159325003624,417088,-1,14,6
472,b840e929d2d642178fb8566866bee227,29.83909845352173,396051,-1,14,6
473,b0f7564c8e3c4d97a9e9d632672c279c,28.381898999214172,425919,-1,14,6
474,e2ff201cd94b4efdbaf986fbeefbad88,35.41216440498829,429185,-1,13,6
475,88a090c54cc844cc878f00d08274a683,29.66398373246193,478966,-1,2,1
476,5ee110d014374ae093565bba2e81a3fd,35.28838790953159,482989,-1,2,1
477,a6261bd83c5e4e1985012b6c6c51fce0,35.78228875994682,482630,-1,2,1
478,684acda1d78c4a959762df565cba29f5,29.428761452436447,483499,-1,3,1
479,20a871df4033487ab94d4d3b86f69af1,37.32210583984852,489870,-1,3,1
480,c51b9abd585d421b85dbf4a95eec4936,29.00760807096958,485569,-1,3,1
481,893266afc2574e58a5abd0f29b2c1faa,33.95107388496399,482422,-1,3,1
482,3eef3752ea664087a0469a01cbf738a9,28.680631890892982,486523,-1,3,1
483,5dfdf5c61f95420f89b53d65fb28e6cd,28.95841747522354,484690,-1,3,1
484,745713b3baae4ea18de5c74eb4d06bb8,30.926868319511414,490357,-1,3,1
485,d34f2eec80f54b608f9b9d0a86f103bd,33.821169286966324,486262,-1,3,1
486,f33e0c3f5d5c426593af8af1c27b68b8,29.0320236235857,458228,-1,3,1
487,52592f70fce143e59b44da5e2ad06134,29.333822429180145,453762,-1,4,1
488,261e4db3a18c4c23944f61bd6e51cf0c,30.155504122376442,449831,-1,4,1
489,5254163f8fcd4362b6019bbb88dc13ec,34.395283088088036,452373,-1,4,1
490,6269703390624957869e9bc071f16e17,29.636867344379425,436830,-1,4,1
491,dabfb5453ac2454d9806febac44df9f6,34.75700505077839,418690,-1,4,1
492,848d0535939349018c41668705f60469,28.866030275821686,379904,-1,4,1
493,b1bae3685d59491baacad9d09e03becd,27.84718945622444,360425,-1,3,0
494,a2d8604904294c2fb73648830a2604aa,33.528897911310196,413891,-1,3,0
495,114d8a1f9c4a46a5b4fec1e552027213,31.57454915344715,430842,-1,3,0
496,c393232463364bb1ab3f264b12f6694a,29.030831530690193,456498,-1,3,0
497,045ecf94b83648229500b23058af3117,38.1041094660759,477255,-1,3,0
498,6f801059ac9e4220828b59fcf10c7880,30.859392136335373,477330,-1,3,0
499,b76ef036cbaa450fab76e2b42f97d1d6,34.28552858531475,488712,-1,2,0
500,5e8e717247d143a3aa8c3239af723a9f,31.117068603634834,484678,-1,2,0
501,1bf0669e9da34c17a25a6362d8a3b3d1,30.62238357961178,478782,-1,2,0
502,7c3328b43154403cac0991fd6e967de9,32.84831531345844,468530,-1,1,0
503,7714fdd1943d4487ba9b9b3909352199,35.3359691798687,470630,-1,2,0
504,56a8812e2fae4b13960c853cebe58374,31.763477250933647,455908,-1,2,0
505,2e8bed7f596949d2b8777b2a856c7194,34.34349596500397,436056,-1,2,0
506,3a699bf9a53a4c17b008cb3d14bfe238,29.016442596912384,440382,-1,1,0
507,d04c38eb3667435cbcadc46ee8eae374,30.247068032622337,450788,-1,1,0
508,2818d76fdbcf49029de0e316a26f8903,35.46754829585552,447260,-1,1,0
509,45a4f3c2a8a44161bf74a0de34aff804,36.4021398127079,432947,-1,1,0
510,ba3778e1ab7d425eb40a781546aaba4a,28.833791613578796,433420,-1,1,0
511,4de1ba6d551f4b499f4c7c45e70e4e9c,34.05784256756306,406636,-1,1,0
512,a3d738f58fd241178943ee5b09117d05,36.21884249150753,387581,-1,1,0
513,cae4019561f143f5b924529ea50bf8a8,34.060390666127205,364049,-1,1,0
514,feedde26563b4303ad0faa7ef7684940,33.40170904994011,382774,-1,1,0
515,b9c60cfaf1814c8bb363037dec7abd35,32.08453394472599,395297,-1,1,0
516,9aa4c454c6154c069354edd8819f767a,29.538799077272415,412744,-1,1,0
517,4de7963785f34de7afb9e5aae3ce6f9f,28.798144310712814,403571,-1,3,0
518,480ea4e6cd7b4fc7b46ace2b8001fd19,34.790219739079475,415097,-1,4,0
519,31815eedcec04d4892ae361262825ded,42.64880530536175,401078,-1,5,0
520,b2329c1fe1714b9bb2642b257d38755d,44.836824759840965,395516,-1,5,0
521,fdd3a6f8d68a4bf08f45881201d072ae,41.56440123915672,412135,-1,6,0
522,10ad8522733c4c47bcf7dc32cb38762f,37.318017333745956,411770,-1,7,0
523,5dd248af969c406f9812c24fe4498974,29.685957357287407,418670,-1,8,0
524,e30a3a964a2e44f29009b76f096acdaa,30.033225193619728,420478,-1,12,0
525,613616256c904184b32ec44c23262340,40.15609249472618,404577,-1,12,0
526,3615d82e7e8546fea5f181157f42e30b,33.9292511343956,383987,-1,12,0
527,a21bf301ee63439697226895c267af08,30.164891853928566,394565,-1,13,0
528,4b65f133505445c7a2425c44b0a2f46f,32.94056840240955,404828,-1,13,0
529,a32eb5c0d8514895af2af5889c1f5199,28.300393372774124,407720,-1,14,0
530,4635c393dbdc4aa589b221fad153d427,34.52568128705025,385930,-1,15,1
531,82aa58cdc18a4b03ae40861cb0ecef79,32.54019282758236,395957,-1,16,2
532,97c934ef10c34ced96b35417dce1b75a,35.61771102249622,380130,-1,17,2
533,f25fac13b265470aa70b69a7ed8013cc,28.813183307647705,359016,-1,17,2
534,6b506fcb72d542ed96d98270abb7aad3,31.15905448794365,358643,-1,17,2
535,da5566fec7d841e399413ccef674c966,40.69851525127888,400211,-1,18,2
536,45761bf806734f8188b9b9297f76afc7,28.97677943110466,389327,-1,17,2
537,20a68f4f6d5e46edb6c4d9e8321ced5b,33.945413306355476,394037,-1,17,1
538,8929201da6384e3a8299d9427669f735,36.072976887226105,399861,-1,18,1
539,9a7dc9c8adce4ae68ca26ad5b5f93366,34.948816522955894,404950,-1,18,1
540,7184209f0b664006a01f7dea4e4ed12c,41.244275867938995,406445,-1,17,1
541,b3ba77a696634442a5f5a5dbcf906a39,33.83045829832554,404116,-1,18,1
542,afc6a7290edb4e7ea109ef97c917fd9a,47.23646119236946,414924,-1,16,1
543,3f4b0beb19874ac6b7daa0f59b714f69,34.687696024775505,416687,-1,16,1
544,867689f92a82488f91fc0b7f283c0858,29.98517081141472,424411,-1,14,3
545,2c1f8867c60b44f09ee37b5df1d1ad24,29.67236191034317,442009,-1,13,2
546,6253275961a54201b8ef78b33bb0a5b4,40.32186418771744,438366,-1,13,2
547,edbe3e17467b4106a7ea812fccc6da78,34.17466767132282,452340,-1,13,2
548,fde1435fa125431d9eb22d8e5e254a32,29.909098520874977,460952,-1,11,2
549,d82980cf7e294905b8b8678fed8a9530,36.25106252729893,456567,-1,8,2
550,1f0a495a2b76420b9cadbc61723e1d46,29.025480151176453,451908,-1,8,2
551,21f333d5deb043bba7fe772ff5775b0e,28.89321930706501,444396,-1,7,2
552,23e7d17b256348638af3b2739b80a5ca,29.725633561611176,427670,-1,8,2
553,594881e10bca4f689d5a6b97ab3d763d,29.60261143743992,456103,-1,8,2
554,51f7ea7d3e4e42dfaf183dbe9996f1fb,30.199557542800903,447719,-1,6,2
555,43cfc03be6f842ae8942c995f8e3f2fb,36.985671147704124,352225,-1,1,0
556,b4799bade00a402693dfa295adeea027,36.52418032288551,349552,-1,1,0
557,a3a642471c514dcaa0d1c9c349f16557,34.09360349178314,352628,-1,1,0
558,8a6f3826e95840b096096fb07cf3d22d,33.22252072393894,353639,-1,1,0
559,3fa89fab4ac04d89b9f4480c840658fd,33.1078227609396,351733,-1,1,0
560,96237b21bbed4808a2f751f17d5121f8,33.48005563020706,351323,-1,1,0
561,74dad84d279846b5a8932753efb179e1,27.414772659540176,353665,-1,1,0
562,8e85b43ad9694b7aab05b40b4b6de65c,39.83208350837231,348999,-1,1,0
563,7282c260eb3440539424668687a82648,30.93774802982807,349462,-1,1,0
564,2da9ed7919024a0ca4db7a801e70d82a,34.92727875709534,351563,-1,1,0
565,d703cae6cfcb407fa4de781c222be9b8,33.132532611489296,350618,-1,1,0
566,3a1dd258a83f44b6bd97e8cc426d7057,36.8826761841774,350019,-1,1,0
567,37f843af00b54e36b5f57c9c93943c8d,33.90050679445267,341606,-1,1,0
568,ea1f5e0340e14464818a7c9b60564e6e,34.24919582903385,345945,-1,1,0
569,6a53a53e9883421d8f2a50b2546f2745,40.186867117881775,346731,-1,1,0
570,65e61ba2c56b486cbf594a1f382b9ac8,33.18133391439915,339227,-1,1,0
571,f7999aea56664077b37337c19a1950ac,38.01331855356693,338349,-1,2,0
572,fee17d51d2c942e5b81767fca9993099,31.78630955517292,334501,-1,2,0
573,f3cf684168d546328dd1bf7f4141f5e4,35.22583842277527,315740,-1,2,0
574,907c55da60624b3ab19750af975b96a8,35.023877397179604,339228,-1,2,0
575,23e2233434534104ab77e30f8c5289c0,37.25321404635906,345883,-1,2,0
576,60b79183ee3344c9ac1d4ca7d2d1abde,34.71759147942066,386129,-1,3,1
577,510c3f937ce54fafa51f9c9f98f0a4a5,35.2183748036623,407344,-1,3,1
578,5d1c94a4e79c4ae8ab8a58977826b106,31.641457229852676,398284,-1,4,2
579,ce60545b3a344043881d7bfc6b5b75fc,43.0008489638567,394556,-1,4,2
580,e8953eb644e34d67a97ce72d2442baf9,30.7418592274189,409892,-1,4,2
581,32fb01b0d61a4724a60cb38a2b03fdaf,37.567138671875,397967,-1,4,2
582,29f27e9e5e0f434983e9f0edfa77f144,40.23963212966919,394043,-1,4,2
583,c46eaf0c8a9d40bdb8c7112cff75f701,30.172787606716156,394276,-1,4,2
584,303119a4aa5647a386b9ac78f26ab362,30.15134483575821,396512,-1,4,2
585,2c0c09db419e4ae692666d7dd235594d,28.460435569286346,415083,-1,4,2
586,cc57b56763574b4298a1211be06666dd,32.70191513001919,431112,-1,5,2
587,cec2eba279304af8a4cf27cb147e0737,43.03485341370106,430816,-1,6,2
588,0afa886817744d61be66f0bcea2be47c,32.79804810881615,424927,-1,6,2
589,1c6d9929bbb840d0975fbf15ed9186d7,33.301280811429024,408603,-1,6,2
590,5a42a9de66d84a4d89bd4b33350d5b4b,36.855464801192284,386550,-1,6,2
591,3e3763feabff47e6ba8af6de41bfad3d,31.970970332622528,375209,-1,6,2
592,8f420f23888e4cae9fa6d76218e393bd,29.315708205103874,372698,-1,6,2
593,ebccfaee3074462482d9948f4866382e,28.68623286485672,363686,-1,4,1
594,d0501e0542884ab1a4790236b16bc1d4,30.90805374085903,384030,-1,2,0
595,234b0f37af694571876a745e5bbb5e08,39.954012259840965,436345,-1,4,0
596,20df43740cba4411a810e204501af71a,30.44402040541172,434218,-1,3,0
597,6482944ffc7a4e07b6028c5797a41606,35.03938764333725,444233,-1,4,0
598,f133ae5862974d64aba52bf55982552b,42.321717366576195,466672,-1,5,0
599,f405bf5322cb40d3811fcbe802c0eb8d,33.16555358469486,471011,-1,5,0
600,061805d66b424aa18267bdd7a955b761,35.3618785738945,462547,-1,5,0
601,1efe6efdec394a219cfda8e18e297242,33.87322090566158,449214,-1,5,0
602,5e0d10b1807d4f2e882b6162e02b9f93,41.09378159046173,450865,-1,5,0
603,ce4988f5118c4e41a1954abd638c5834,31.29022568464279,477650,-1,6,0
604,dca60e243d2d423daf320e3f6593ed96,34.11872126162052,467675,-1,7,0
605,e18b1aef00754af89e937842ce6ba4be,33.91239233314991,443163,-1,10,0
606,23e4bbcd10fe43e1982867dab19c79e8,39.63610902428627,422047,-1,12,1
607,9ec1f5b804234e15a1ceb2484201b689,35.306451842188835,413915,-1,14,1
608,18ad5b3aea22454398cc279f33b9a799,29.856467619538307,395011,-1,15,1
609,c99f5e4f006448babe8d48a5eb69c449,27.83876284956932,380734,-1,16,1
610,54f30ff0370b482b823ffedbb19efc2a,45.57541571557522,395680,-1,17,2
611,acf618ad1ec44392941f65d04719adc7,34.458352252840996,398470,-1,17,2
612,20354d14175b447a93ffcd4eabd54732,31.677505001425743,405415,-1,17,2
613,d13f68b9973440a9b8c6c5b92f191513,33.029746264219284,417560,-1,16,2
614,07ccc9049a724e91b13610e0f849a705,36.42262890934944,419795,-1,16,2
615,985f2f38301745b7ae7ef88ad9de59ca,31.96871466934681,421791,-1,16,2
616,2945e6bfeea7425c8adf44f3225122d3,31.20977245271206,410717,-1,16,2
617,b95702eac8684e80ab65303126cc1e58,34.8071102052927,426576,-1,16,2
618,1e43672fe86540b78402473300ca4c8f,30.530089512467384,431533,-1,16,2
619,2c63d07c2c0345539a1839bfcab22579,31.683605164289474,444259,-1,16,2
620,d6b547f2d5ef4f969280b550bd9ac3fb,33.3367083221674,442215,-1,16,2
621,e50376703d6c4e6b870d6a2d7eda3402,30.255502089858055,445427,-1,14,2
622,77558d8e009b490382605c12b7fe8d9e,47.9244589805603,446061,-1,14,2
623,45d1cc714d2a4e57af1dc4683beb2bac,45.406727120280266,450950,-1,14,2
624,c9b7e76f90594a84b5a4ea6750912d02,31.78858384490013,437846,-1,13,2
625,9a59cb6d9027481b9d5602bce9c76b4f,34.64444354176521,429061,-1,14,2
626,c403e0d3bccd4588b18fb4d6f1bb7eab,30.251946300268173,422790,-1,13,2
627,a26a43f97a8649548eea5dbaafe5de72,35.88072396814823,413534,-1,13,2
628,cf753561271b4c40bef93a35bb0cf13f,32.648056745529175,406192,-1,13,2
629,948b555d974b45e087b3d746a4cdf677,35.86472384631634,398434,-1,12,1
630,42605be925b84bbe97cf884d850c6a1c,31.088894233107567,398328,-1,13,1
631,35f8b51f153146108250e5c48d0b8026,32.91527181863785,384337,-1,13,1
632,54f76e2010ea4ac5a9b9f354ad28612c,31.25230222940445,344701,-1,8,0
633,2b996cb489344a3f94840f8e2184ac77,31.86711296439171,347151,-1,8,0
634,8a96bc21f4fa46d392daea4db4814547,36.3633967936039,373126,-1,6,0
635,fbd3aa2098234fb1869d34d920e16eda,29.564227908849716,334247,-1,14,11
636,1ee6726a7f75445b8603980cb2bc20df,34.28765945136547,299081,-1,17,14
637,7d0b70d62a3a48d4818173cab9983b63,29.401645064353943,332200,-1,17,14
638,d64e599dc5c64226895649debdd49793,47.68501594662666,331210,-1,17,14
639,581b3ac0f7904012b2569fb92a986640,39.26633298397064,314175,-1,19,16
640,9234bbf8c7c14d758c541f475cfa95b3,32.89574384689331,310944,-1,19,16
641,80905606dcda4d78a5eb61e1676e1ef8,36.31940111517906,322078,-1,20,17
642,3c7491fa33b74757a8feab372f66b280,32.91589207947254,317842,-1,20,17
643,b9ee1bc6c5a24dea896c52970bc5fa6f,31.737376004457474,342673,-1,20,17
644,30b94629946e487abf5866b738790f0c,36.825668066740036,350453,-1,22,19
645,7ac3bb7fba5c4852a685555407cd10f1,28.82429212331772,347936,-1,22,19
646,35eff3f6f5b84929a33c2bda269a266f,31.550487503409386,347465,-1,22,19
647,50488284203440c0b64f5e78e87aa28f,35.080356523394585,337771,-1,26,23
648,410dea74acf640189bdf89c5b0f64265,34.65214557945728,359852,-1,27,23
649,1fe2834ee41a4f81b8323b27d92139d1,31.34770318865776,360243,-1,28,24
650,4d53a5c439ef43028f3d4b874adac519,28.99252064526081,346341,-1,28,24
651,ac25dbfbcd3843c7b6023e59aedc5175,38.179583847522736,369829,-1,26,23
652,842b501588f84b8bb815fce938556b32,29.413415119051933,399297,-1,28,25
653,3414bbcff961455ea6549ba1a2bb3b81,44.4558747112751,399872,-1,28,25
654,48de6a86245f44bdbf4921d2695cd6a8,33.56080688536167,417112,-1,27,25
655,381fe530586b4c189e10cbefbfb0e773,34.78737361729145,433153,-1,26,24
656,f54c35623097453e8adccb553b2cd2ba,41.56515188515186,441398,-1,30,28
657,a13c1966d657438094f1116fd27d2c1e,31.46553598344326,423070,-1,28,26
658,c94c07c0adac438d9fc5fa2e2c2b4811,30.860092490911484,440965,-1,28,25
659,49ae81f8e34c4e06bc213d925cc1ca84,44.569049030542374,444844,-1,26,23
660,52c853ea6b55497b9cd9ddaa03f92133,30.285248532891273,442473,-1,22,19
661,32e69a777d58481ab972dbea3ff75974,30.340733006596565,417659,-1,21,18
662,d34984a371044f33998cde724c33a102,34.91656668484211,409622,-1,24,21
663,53634328fddd46e883f7e1d6ccb7b059,39.55904580652714,404234,-1,24,21
664,856952a195714be0bdd50295c561706d,30.114376917481422,413612,-1,27,24
665,921505c43d8140678c34d83bba358a6f,28.438156470656395,389924,-1,27,24
666,b7054aad1b4d4bc59ecde0d0d0acd369,32.96215832233429,376871,-1,27,24
667,9af33b52e11c458096ce6bee5548c1ea,29.93107959628105,368205,-1,27,24
668,40af6a4135e64e6496a3bde206fd5ed3,31.2623530626297,344369,-1,26,23
669,a78c360914e444f3a489d3c8bfbf1b51,34.942055121064186,355398,-1,26,23
670,ebbbaf52f11b461da3831127ae713d17,34.32535193860531,323261,-1,26,23
671,ebcaba2b04db43e28b301efc7d6f3e9a,31.682996079325676,321001,-1,28,25
672,4f6e2d8e22ce40cebfd0d3de008f4d4e,41.63975268602371,330400,-1,27,24
673,9cb4d97844624443b1f7c3333bb13c5c,44.656841084361076,330666,-1,26,23
674,9cdae13a6a0545d8a2fc50c06d993c7e,42.98627935349941,362853,-1,25,22
675,134c7f63827c4b858a2a4ce0582d8f6e,35.43957322835922,359741,-1,34,10
676,ead426cf94b849149ff45a314c4efe2b,30.67804127931595,365486,-1,36,10
677,d2776ad57f7e47caa2001aea3f60b204,27.612075209617615,341159,-1,38,12
678,42c7b34a5f9e440baf4d8ce1cf75922c,28.240391984581947,344092,-1,43,14
679,4b4c3bc538e64867a9712470e04d61cf,41.50760360062122,337396,-1,45,15
680,0966ed2dfcd744ef831f394b7933f747,39.442192763090134,338005,-1,40,17
681,5c561271e7f64c42bad8343eb42043e4,28.179947286844254,334101,-1,43,20
682,ddff867e8f5944869c55dfeca2151ba8,37.91430406272411,351084,-1,47,25
683,40847c1f1fd34cf2bdf278782dba841a,33.33309851586819,337537,-1,52,28
684,3adeaa8b4f5f4b32a361534424ec6c71,30.268317088484764,359179,-1,57,31
685,6413a3e27b664997a08f7a0b82667d06,27.706684544682503,354274,-1,61,34
686,6609fa8733f14987ab840f3467c609e3,37.32284903526306,327361,-1,63,34
687,ef03db0d15d241bf98a72fcdb87989e2,28.752095997333527,356213,-1,63,33
688,fbac9771eca241c4b18c195395d64e22,35.72913631796837,343198,-1,68,34
689,ef661945febb4f4b9f11bea17dd55c63,34.260468557477,374403,-1,68,34
690,f274b48b3f8245669f97556d66ce468b,31.502874568104744,391871,-1,70,36
691,dd8165825b8e4514aafd5b92fd9a3d6e,29.51061725616455,385605,-1,71,39
692,603304c79ec14a318fdb1c896b8aa43f,28.96767109632492,378598,-1,68,39
693,04f790baf5a44f359a8b797be0550994,31.16515837609768,382046,-1,73,39
694,b4bff2b0e4774147ac53fb96ff9317b5,29.01972271502018,380067,-1,74,38
695,3425c66163af46cca4c96006d425e0eb,40.27303121984005,384549,-1,75,37
696,cdc90732e957479da6c8a80c9fad6f78,31.00154921412468,359225,-1,74,35
697,8b66733250b94940b0e7477c8b182512,35.34268215298653,341959,-1,73,33
698,3d9f13edf73c4e25a484253ebf80f222,32.44837000966072,322097,-1,73,32
699,2a271f85c90a45a9a6f33d9cc281943e,31.242765486240387,325184,-1,70,28
700,9a476217cc324813a5760c9852643324,30.952129513025284,336073,-1,72,27
701,657b2fe881834950a629c05285b2055a,32.66339562833309,333471,-1,73,27
702,a7eee1088f4a43f4b1c49324e4a6803e,33.3328191190958,338626,-1,72,25
703,93d25b8eaa46429a997327e6e333f627,33.70009362697601,340435,-1,71,25
704,ce130b56a60242dfb4369eb62bac9478,29.648736119270325,346023,-1,73,27
705,789b705cdbcd4e5bb43812186d612d7d,37.21383959054947,337877,-1,77,30
706,43357fafe91d4c018e42f07f16fc383c,48.54267276823521,343386,-1,78,30
707,470df44aab6241f4843137efa2e55b85,44.1539753228426,347012,-1,79,33
708,14684fc1b81a43888b992d553add01cf,32.33938477933407,340630,-1,80,34
709,65afa21300f3456b993fd438e3f5a532,36.4338681101799,338309,-1,76,32
710,fe04ede880b14ae7b07e27d9fb283f08,33.015549182891846,327875,-1,76,32
711,012f334ee21b46be8133515d1ca58bc9,30.660096555948257,327661,-1,73,31
712,98fd9fd58c2f4facb90912ed9387622f,36.28373518586159,313833,-1,72,31
713,6ec76d5f32224d11bdc44c4dcd356461,29.56611104309559,314097,-1,69,30
714,d995c004834a4c4eb5ef3c7dbefc720a,35.589175298810005,309582,-1,63,25
715,f0e4797551024f9487a016ee9d9e29e1,35.588616505265236,301411,-1,94,37
716,6cc2a560dacc42149e0780bfb6efe682,30.169479548931122,294759,-1,104,38
717,b78605983b3543a1a70df4b3805e4dfc,28.569012880325317,321634,-1,108,41
718,f6486e3c8a90429dbf1d3d66a91239d3,31.141232699155807,307745,-1,116,45
719,248f5231a8c94b5da0b58e515ad68298,33.23402442038059,309993,-1,115,46
720,06cc9133c0684cf2b676cf5f7c49e88b,29.922032728791237,273472,-1,113,46
721,2ff5689a089844f0a2097b1883916003,34.68686528503895,288773,-1,117,45
722,e22c0bbea22343e7beffd77c44679a83,32.2425402700901,311534,-1,112,43
723,b16c13a33031451e97116a3149783fa9,31.491052359342575,293345,-1,108,42
724,1cc4743fc70047ad8eac0777e43cfe57,37.257762625813484,296297,-1,100,40
725,72f030bd5dd142d497c090dc04bb5697,38.23835216462612,286703,-1,100,40
726,e8dd2a90a84142b2aa1c42126d3f135b,28.93432043492794,275988,-1,100,40
727,82a88b409fe4435ea678f8f89ba34b74,34.770991653203964,292766,-1,97,34
728,4d53bb70174b4e8db3913f50a7bc1590,29.47099134325981,310369,-1,96,32
729,b66b4277cf6145bbabb891ea7193dfa6,33.71277637779713,329737,-1,94,31
730,6611e3ee45484c5d80bd4703d458e518,31.662996858358383,331557,-1,96,32
731,6d0cc921b3564b00ac7925cf529310ae,34.497516229748726,332395,-1,93,31
732,80406b20df8c43ad98e4a7d6b8de00ae,29.18045036494732,356159,-1,91,32
733,1232e4600cb4400db443ae7e6a710c1c,34.33125279843807,342292,-1,89,32
734,81f15cced544486daa6aa4d6b6bf17d9,29.463618993759155,320555,-1,85,30
735,dbffcc96729b420380ace0e08ad587d5,29.3907318264246,325183,-1,82,29
736,73ac66237c854ee69fc29e9b24860e41,33.16175565123558,277561,-1,77,29
737,9fbcde13d96b43a8aee0f76aee3bfc65,27.751468122005463,298367,-1,72,29
738,b1c6966bd3a547ed82273d837490e63a,39.77549076080322,309314,-1,72,29
739,b173607014c44dfd86cfee252561315f,29.97470088303089,322272,-1,70,29
740,3c23cd7c54034c298278d81d0b3d3954,30.986331403255463,351451,-1,71,28
741,07794b6977294d6185f1b4567cd10e4b,28.151841834187508,372626,-1,71,27
742,f8b5e98950ed483e92ece29c264c072e,40.78529588878155,335338,-1,71,26
743,56b2752879d247359f620173a94838c3,30.332867056131363,315128,-1,74,26
744,bb99cbc063344aa497ce11315ff5bf8d,33.8191669434309,334518,-1,75,24
745,cf5c4b437daf4bb3ad68d0f88ea7bff2,33.310577273368835,366409,-1,75,24
746,8610dd7c403e48dd91ad1bb1ef77b308,35.611165687441826,320982,-1,76,23
747,e9b9031b8f5f41e89bd5eed158feaf14,41.52444377541542,290171,-1,75,23
748,a6be1b51213443ba9991585f56a30c71,28.50591205060482,325120,-1,73,23
749,f540699e07cf47d8bddeb1f0227a7417,29.244666919112206,346082,-1,66,23
750,ba22ee94c0b04c69aca0a5171a8e9863,39.27793353796005,363487,-1,56,19
751,d0113c8f8ab3486180fc0689728adca3,40.78011028468609,351768,-1,46,15
752,b007fc18b89f4f42bf5798e093b43729,29.859956353902817,353687,-1,40,15
753,15c9fc58c4544a929763a1f2a34a2269,32.67018869519234,394450,-1,31,14
754,59e1ec0333a747d58efe81aeb250c113,30.29020130634308,399284,-1,26,14
755,d62b0f9db06440c695781c52ed71909a,32.91699104011059,374528,-1,27,1
756,fe87516995a947d285cd5d815f479eaf,50.70158839225769,375483,-1,31,1
757,60341918a107414c9c44a9bfe169c9e4,29.151499271392822,368547,-1,31,1
758,17d6152bed1f4d97928dedad04c0d7b8,35.02257540822029,366042,-1,33,1
759,020154f4d8cd4e8582c4a02f10d70d7a,32.495420426130295,356213,-1,36,1
760,a3d2c3ca40b3455396e7ae776f523ea0,32.10611641407013,362965,-1,35,2
761,7b8f2d0d1c124c4a9b9d9d3b7509b0b7,32.98419900238514,362944,-1,33,2
762,c93a7e7a083848b9bf26b8438c052426,30.70777654647827,364313,-1,27,2
763,c090b86c7b9c4e97a3e145a70c98c631,40.20875319838524,348795,-1,22,2
764,40ead2f47c8146c581917c05cfda04ea,37.43314556777477,345768,-1,26,1
765,cc71e504f560478ba9686b0ba983f1e6,31.222926452755928,343232,-1,26,1
766,d9d546a04a9a41d8984c39e7c53689b6,36.47826239466667,354555,-1,27,2
767,a43d2cd8447b41858887bf536628b0b9,30.517105013132095,364518,-1,28,2
768,997e5e6c149d4bbcb3c210335f901c3d,37.04076446592808,354797,-1,27,2
769,57267f4d074b42568f79cd015d5c1a4c,39.702074602246284,365508,-1,26,2
770,af571c22d255499db27ca444d6b9cef9,29.789945110678673,367780,-1,29,2
771,814720ee91d54e408e6fd0dd1b356e9c,35.240475088357925,357343,-1,29,2
772,13da317bc2a547f89ee12cdf67c6ce4c,30.402258038520813,350267,-1,31,2
773,cad8d994d6b14ffe963e9dc7768d0a0e,30.42512573301792,363921,-1,33,2
774,5dda1ef89d98493aa39a470b21fa4ebe,31.768297776579857,358725,-1,32,4
775,7b86bda4144e46b08b5c8aea57bfa969,29.266197234392166,350507,-1,28,3
776,7f73470d1234487996a0f254b1e6c610,30.066022649407387,356317,-1,26,3
777,3c4a042965874822affa98f7449566b6,29.255615547299385,372427,-1,24,3
778,b2024b635e624a719d16d85b395447d3,31.6911693662405,375629,-1,23,3
779,50a05815453843d59bc3a77910df455d,35.79360991716385,367550,-1,26,5
780,25a5a54ce55347fe877f2d72b0231a37,29.044870287179947,372649,-1,28,8
781,c76efd09fff94c32b9a77b0c634856af,29.46496196091175,370048,-1,27,8
782,d4437f7299da465a9115120375104a24,29.15947139263153,327634,-1,24,8
783,c4bd1994696342e386e28a05135b09ad,35.61745584011078,334702,-1,26,7
784,c0e4b1016c09468c9b1ce496462eb1ad,34.0687595307827,342426,-1,26,8
785,08078980e5564ecd80cdab0d0c71f2ac,35.00400297343731,380807,-1,25,9
786,de550f4c35284f90844c07a64253639b,42.48134046792984,374264,-1,26,9
787,6f88910ce826420fb9739c7da9d2e54e,38.88084553182125,360359,-1,24,10
788,5f15115414584a23bdc0d0982c46e264,36.180442199110985,350522,-1,25,10
789,82e2c7a48a4640ce8475d8b6930f8a1b,28.440700843930244,344810,-1,24,9
790,ba5d4c21f9d1441a80355fb2b2bd5908,35.08785925805569,327766,-1,23,9
791,05a38d819af84ccd8a76291422820369,34.9592175334692,337634,-1,20,7
792,0c45e7984f2f453fa8650c20bf9a3fa6,37.46441379189491,319187,-1,22,7
793,6cc55ef2e7e84c668c209a5be46c0584,30.629537999629974,280859,-1,20,6
794,2f598ed435a94ed1a58f8523592cefb4,57.386139407753944,336719,-1,15,7
795,e1b5c775be134db696ce22413d195c72,34.416574984788895,391650,-1,62,9
796,ef9b3594550a4e8a9e6442aa7b5c6be1,36.04186698794365,393862,-1,63,9
797,723739bbe19f49cfb531585eecea1dc5,31.647806987166405,421639,-1,67,12
798,a85e915244be4644ba830af4cf4aaf45,30.701592564582825,420846,-1,79,13
799,856ccc626a4a4c0aaac1e62335050ac0,33.598458394408226,426523,-1,76,13
800,e63b580425fc45b5a585a45523bac035,35.12349911034107,450943,-1,73,9
801,f3599aace98a4c0890a8ea374dfd58ff,30.4357148706913,445521,-1,69,9
802,28b65b60537d4f70be13fae042ecace9,29.68146838247776,439098,-1,65,6
803,ae334a760ecd45d8a88a69014d8290ab,29.729260131716728,423843,-1,66,6
804,7bd9965f22864e9dbff830ced43a66da,31.303521245718002,417397,-1,63,7
805,978a078289b64db3a6a318e8547076ba,34.26435589790344,400336,-1,59,9
806,125a63c9e5b14ebfb5839143c88e3a44,28.914159163832664,384121,-1,55,9
807,f82e1e7cf87b4ef1a4d6227b6851441d,39.05860148370266,384515,-1,55,10
808,cd7b7f9917364acc9e25e8d21e4dc297,28.865812346339226,335152,-1,54,12
809,96d66c41d3dc42b193bf1a091ac103a3,29.904600232839584,361153,-1,50,12
810,6f8d7a927c524cb8b3526b9b798a5a53,32.81298652291298,374970,-1,51,13
811,c2102371cbcf4d8f9eb66069a3d5b350,36.31797060370445,363631,-1,49,12
812,73e7a058423243e49848fd0b9b259ce9,29.124438762664795,328193,-1,44,12
813,538100c6eb164041b51302a0bd140187,41.930317878723145,307613,-1,36,9
814,ca08ecf430ce4eceaea30a6a2a8eef95,29.945500195026398,330813,-1,27,6
815,f8d77275b248436794a049c74b69e9f1,35.3687908500433,369219,-1,35,7
816,104e1393ff1d4d7d8d56603527a77080,35.72448901832104,400646,-1,39,7
817,568a082ce58a4b4e81df3974e7ff34de,35.43628938496113,407257,-1,35,6
818,faae4d51453c4a8e9b3fe404724ddfa8,36.531051620841026,406195,-1,32,6
819,07a6e4ffcd6f4d4caad66fb043435c4f,31.916115432977676,408808,-1,29,6
820,139bce92199440ea8929d1a1bd10dbda,37.304382771253586,402591,-1,24,6
821,c1f344cadf354fe0b12446935e54247e,29.871048405766487,401142,-1,20,5
822,4ea2156b82df43cb8e80a3cb344b20a3,30.880803242325783,397240,-1,18,5
823,73b363c5332a423797a2c0728cc1a75d,38.41158002614975,400575,-1,12,4
824,50082a94da544d22b00110cc1bfa100f,35.29440984129906,404971,-1,11,4
825,53b7ed3ff487465f82d3bc490ec3e5f4,30.7682603597641,399172,-1,10,2
826,274efd8b53b44ed59141097b10701786,30.24134412407875,402737,-1,8,1
827,9cd7ace836724f68b0fb6ecf42caf46e,31.15719184279442,396488,-1,7,1
828,63da0bd557fe4de0bd2b76c77e9f7fa3,32.69884176552296,401389,-1,7,1
829,989191ea92524bc39ae8ee546e00282c,30.97967803478241,400469,-1,12,2
830,fdd2da37faa44428ba9ce4a760f53276,32.380592077970505,402367,-1,13,3
831,07eba9ddc28840d489afd0c222b0f056,35.39823368191719,394697,-1,14,4
832,08d9dfe15f544635b3cc72c742cd85ad,35.261016339063644,361899,-1,17,4
833,ac086f3a640847fc8579368c4e42ee6f,34.496404230594635,361943,-1,19,5
834,95b0c6a3602544ffb3c3e014b2cdfda6,29.468627646565437,365059,-1,17,2
835,0f39f34febc84a6689f08599105d1421,33.52564200758934,386787,-1,8,2
836,09f3a3ce512a442db7dd47f9ed39e64f,30.884526669979095,394013,-1,8,2
837,42b565bc38af4342b79b8697ab0a45b0,27.416706085205078,408650,-1,10,2
838,213ee1a50ed245eaab655babec4f15d3,30.029388144612312,414384,-1,12,2
839,e15862d8a89d4250947cad3d1eff3dfc,39.497630670666695,395647,-1,13,3
840,86958f43ae42452badc0ca07c865b890,33.056316897273064,401309,-1,13,3
841,a1a01ae0cc9f428f8ba4c545e20ee88d,29.874663800001144,391216,-1,13,3
842,f75d70a9a0074c3ea84d4c5a221fcaf4,31.2719214707613,367018,-1,17,5
843,42bb00324869498faffe17be9b403f04,40.07202200591564,366915,-1,19,6
844,aa7d1414139344a49ba47723de8d8d3b,30.407970771193504,384915,-1,18,6
845,70b93dd31d724e7fbab2d20ade9bb4c1,31.435316428542137,420951,-1,19,7
846,3f649706222f4d83aa0a8a1b687f29fa,31.390845775604248,415794,-1,20,8
847,fe4ad01f0ee044a6abb9f33cc1b6709d,32.869404181838036,419183,-1,20,9
848,4afb1a21cfd44947b98f9d2f778657d6,29.40310351550579,426507,-1,21,10
849,d65e5cddfa574daeb9ea9252d66dfa97,33.160556107759476,435931,-1,20,9
850,abe76951d0a0458d84d59e689d8ecfab,34.66576337814331,436133,-1,20,9
851,6bbd9ea66b1544479ac212c19aa22010,35.74882633984089,435080,-1,19,9
852,0da044f464b44e5d8c782a13903d6e50,30.31083755195141,432623,-1,20,9
853,2c9c230704cb4870b5dfae8b435dd0fe,36.42971068620682,425071,-1,19,9
854,b3537c4657784727934760188904dde8,28.739964589476585,416638,-1,16,7
855,398ab5422d3047dcb56b36a8f7d7ebeb,34.81675870716572,403312,-1,13,6
856,b2d77fbfe24e4cdb988949cc2565652b,34.93884019553661,385009,-1,10,4
857,e73a59216865449ab48d31a0880664aa,29.663443565368652,442126,-1,7,2
858,76143fdc216840bf8e2c7b08b0dea88f,28.88701856136322,465228,-1,6,1
859,ead06ddfed704c82bdb77a1da54ca79e,30.566077679395676,427332,-1,6,1
860,378dd1889800438d8851571359dbfc22,29.541676864027977,463523,-1,6,1
861,b731e3bfd7b64247b9d9708e67847933,33.264778554439545,467246,-1,6,1
862,0e4aea0d177c480a9ae050a01368ebde,29.725411906838417,475453,-1,5,0
863,ed8368b711934a1b86f5a4ce354c39b0,32.4030127376318,460971,-1,5,0
864,740e48ba5a5a45afbc1a56b16f586054,42.40738786756992,438891,-1,5,0
865,6060fa4c3b1e443994967da28e86132b,34.5013253390789,460449,-1,5,0
866,029a6b83ae1a42cbbf775fd77415745f,31.427983194589615,462108,-1,5,0
867,eb5ea93bd45246329e50a6d7a93e3832,30.489465221762657,441363,-1,4,0
868,5bb77a2ff3d44094b691ba239cbab83a,32.46295638382435,455052,-1,4,0
869,50d37bbac9f84f70bc2221d28bf7fee3,35.246189683675766,449669,-1,4,0
870,124b2bf95a634996811d0043c9fb7b89,29.013169929385185,459683,-1,4,0
871,d5ad6fac138744c0b7cadc62843cb9be,45.98316550254822,479109,-1,4,0
872,5f1decb5ab4f4691960becd0ddb6d454,38.54811750352383,477291,-1,5,2
873,10ec5f51c91d43d98b7bfc1f3c65183f,32.5731560587883,472368,-1,5,2
874,57a80885dce842049aa03cd95ccca916,36.86751611530781,464666,-1,4,2
875,15c59626df6b4f96bb7ef7c5c1797159,34.71237048506737,370287,-1,19,3
876,e46803a34fa744ad9372b5227798e00a,30.92946484684944,377733,-1,23,5
877,926dde8427454373a0f4b61b1b3c6e2f,31.512103974819183,379771,-1,27,8
878,3219230d0e14480c9089c7c49e339a83,37.86811605095863,381066,-1,31,9
879,7c8ce823cc374a8f9376df6d8f0fed89,34.33762677013874,363595,-1,28,5
880,d7f3a1ff633c493a87a94ab0b39a14a7,36.267997696995735,399835,-1,28,5
881,4735f59f08ee4bff93c237f4df39453a,30.887454748153687,409793,-1,24,5
882,f20177ef6307471083339ad1a6766e2a,29.895663261413574,406571,-1,23,5
883,29560e3766b241d281b8b85cdcd790e8,30.995046719908714,403276,-1,20,4
884,17dd14b176364a539463dbe99d96918a,35.30130349099636,406412,-1,23,5
885,9397c89e75ff4f49882869f914d7ddd4,31.615348532795906,393843,-1,23,6
886,821df5bcd0744d7280b23e6284fb8396,42.344601824879646,373262,-1,22,6
887,14f665de1fa34d0a9d12838a5b77d687,32.50670060515404,356748,-1,21,6
888,3e2926beda084f788675fb82964d17b7,32.759636640548706,356403,-1,18,5
889,3357eff74258482c87f90cf0749ee153,42.131928727030754,357705,-1,16,4
890,23cd0004606a4127acc8505a8de5c282,32.2823952883482,336435,-1,14,3
891,c261faeb1eb0442e98d78100827ede0b,34.757224842906,349212,-1,13,3
892,ffb196e9479445ffb0de654fe62200f4,34.0818427503109,335482,-1,15,2
893,3435cdd71e3d4e9185ae6b514ae7651c,37.03511692583561,339862,-1,16,3
894,b024c29991134caf93eec0576496374b,36.93685494363308,350107,-1,16,3
895,edc5f9bd039342cb9403a18d2cee773d,35.755278542637825,344645,-1,15,3
896,96dbf7debf4f42589d08185c32c3d67b,42.23720170557499,353612,-1,14,3
897,eb0676ccc9bd45149ae65119cb8d5e7b,39.3461249768734,346438,-1,14,4
898,c040a969ea194be38ab9d25d97c9d9fc,34.610457718372345,355999,-1,13,4
899,3c693de822714eeaae9695ae7ddb013c,31.816376373171806,365179,-1,18,5
900,02b68afcd7504587a003bffe899e4986,29.186055064201355,381062,-1,20,7
901,dabb28a18e6c4a668f15511d7d77dc5b,30.219722539186478,375181,-1,21,7
902,2073ebd27d7844d2a0379ec496b0e9fd,29.523639008402824,355091,-1,26,6
903,4f26f58e358741069b137e90cdede275,33.482322469353676,340325,-1,25,4
904,4b247d4da9d44628818024275c07be5a,38.612980395555496,357667,-1,23,5
905,793bebc8b4ec41bb973b791e463213da,38.19464333355427,350053,-1,23,5
906,35eb563d061a4703a23306c6e6728e61,33.759212121367455,341409,-1,23,5
907,3be888f815ab42dcac53815f09b5b244,34.04586389660835,356307,-1,22,5
908,f69afa3eed11447eb559f49c325f02d7,38.33377547562122,357930,-1,25,4
909,af15c54e76b04b77a7f6c6aa793e7013,32.61488303542137,355085,-1,22,4
910,0f96fbf018914f72874dd2ee2c91e8fb,40.80377705395222,355415,-1,22,4
911,e3957ced101f436190df1a9003cad35c,30.871955677866936,349629,-1,20,4
912,d7188ab6f6494e3e900f16efa4c4a7fa,40.337223559617996,329834,-1,22,4
913,e912d5da843f420c8c4cff156b085376,31.875107437372208,356806,-1,21,3
914,c1b68aa96280460c85bff795ce202a86,35.97342036664486,357941,-1,21,2
915,8e46878ced734164aae0e83567aa02a5,35.364411771297455,338899,-1,15,1
916,6f5b556ef64b47f596df0314f6db9f99,37.17467747628689,329399,-1,15,1
917,4f0f533c84c4493599f2eb3a60882b16,31.381798908114433,349598,-1,17,1
918,76ffdcc4676f4b75b7adf32b0ff47c4a,36.89050115644932,338831,-1,18,1
919,774f588fe35f46338735d6c72c94de28,30.811719596385956,335423,-1,17,1
920,8d966583bc7c4627a2437be13761529c,36.38545796275139,361446,-1,17,1
921,2d30b6e4f3094fcca0fe91fb288a6a0f,35.01589223742485,368390,-1,19,2
922,1525755f9f8948f1a2f056039971fd70,39.93208892643452,375229,-1,19,2
923,6b10154e2b3146ab85b43f3cfe053d6d,29.4562466442585,387315,-1,18,2
924,1259283ec9f549d4b26c98ee76c654a6,35.22198274731636,389699,-1,20,3
925,38bde80644fd47f4b08d8de873a8be1b,28.956832364201546,416461,-1,22,4
926,0b47858110f442afa33226467f596df7,29.647916555404663,442764,-1,22,4
927,b11dc3efe66e4cf4b316b6c11b9b0158,28.87297235429287,464925,-1,24,6
928,7ac61a641ce14bbdab9e8af6aaa6081e,29.727919027209282,457528,-1,24,6
929,9c2cb01fe74e49e1b9d3b8ae3fa72299,28.502684086561203,448911,-1,23,7
930,1ecb668fec5d4f27bdcd6832ac687dce,33.00410881638527,428867,-1,23,7
931,ad61033aa6e44659966bb4065f50abbc,37.49256767332554,402088,-1,23,7
932,f9e3162f45db4bf5bc7f9360a831d2e4,29.12839688360691,394313,-1,23,7
933,b660b9573c9e46b086245e5c23ccf7fe,38.28628361225128,390448,-1,23,7
934,75023dda46de40c3953a0a67a31de816,29.118496924638748,365734,-1,23,7
935,38c0c7b30e1142e4bc0833c2d489c493,30.70536069571972,325797,-1,21,6
936,47f40eb09dcb40b9888d81fb4b872ac4,29.467284679412842,312484,-1,23,6
937,47d74378d3e04fa6bb3132928c0f9fa4,30.234994366765022,301580,-1,25,6
938,5fe961cfd2b444b0898c3abb7c969e77,34.87912565469742,288660,-1,30,6
939,c3ab884d58ff4822b6debfdbae4ef0a5,30.51333874464035,317655,-1,36,6
940,e568b88df00a4c19960ff2b83ca5630d,30.94625473022461,358028,-1,40,6
941,d617daef46b24ba39fcc80e8f767b082,29.2061734944582,359662,-1,38,5
942,5a85db16e41543e5bcfe5341d3c85787,27.776315808296204,364453,-1,38,5
943,3d4112671b8c4d8393a0b32d6d75287a,29.737364500761032,354230,-1,37,5
944,c10dfcf73ed84179b8915990fa6464a5,31.373051926493645,350405,-1,43,5
945,e6c7e16f831d4807befccae91f7df830,34.49508175253868,376338,-1,50,5
946,971fe52375054e499551b963e85e1fcf,29.586559161543846,365488,-1,55,5
947,77dda60825f246ecac50f1411e851fdc,33.433668315410614,398757,-1,56,5
948,a9e6b3566fcd4effb8847e22a2a4577e,38.83306495845318,417159,-1,58,5
949,248b69faea5d4dc6ae0106c95d48ece8,30.164070427417755,403383,-1,60,5
950,4996d203a43242c2b26d62b68aa2067b,28.795327991247177,407691,-1,61,5
951,02229f185fe44a0780d24ed8a2b5af49,34.43187288939953,406688,-1,63,5
952,b966442a32c24683829cb74c30e6e21d,29.495108872652054,409276,-1,62,5
953,e13ec49d20974a01942b83317fcbfa46,38.86779211461544,422660,-1,62,5
954,f6dc7d8ea5bd4b84938579f60488bee5,37.8235187381506,399742,-1,59,5
955,6e0955c28ecb405b98d91b089761dbbb,35.029420629143715,351035,-1,28,2
956,59e6f43c31be472393ee5c8dcc45f9cf,32.407840713858604,353050,-1,37,4
957,b5fd72c8c35c4b7bb656f4e9d5b8fe52,35.261714830994606,340176,-1,39,4
958,e19007f8d28a4590b249b6025bd8f4d1,38.15222159028053,359549,-1,42,4
959,88c4bf6c96624c9baf7ca0f98c790034,35.38388013839722,382791,-1,48,4
960,6dab8a84451a4f01aca9352708196964,35.06843186914921,373162,-1,48,4
961,4d1040b4e7804bc395186572f5ee281c,42.9071132093668,330590,-1,49,4
962,8ffab42b57d14c6cb0486620d8675a74,35.25940328836441,288884,-1,50,4
963,c086941272e24fefad3e65d65760aed4,36.056287586688995,302172,-1,51,4
964,5c27958677604dc5ad254f69f31aaf85,40.39875976741314,312106,-1,52,4
965,561cf9acfda645b79bc52ec82537970c,37.70347498357296,306397,-1,53,4
966,7a903ae4cbb0466093fc117258a31efc,34.220173954963684,314306,-1,54,4
967,e35b8b29c8b742ecbff086c39c87875a,39.639707654714584,321934,-1,54,4
968,d0b2eb773b2a4f9c8a25c655d5deffbd,36.09048202633858,336614,-1,52,4
969,852490943ea64291ae0f85dc0d49825a,32.39536099135876,343510,-1,51,4
970,938d0ee9763d44b6a01b7dbbe2240c85,36.4972073584795,344540,-1,51,4
971,3a2c3d1efcea439cba29f425cdf5fbe0,34.92666408419609,340482,-1,50,4
972,05699704028c40708d98ab16374fd748,40.66998325288296,343274,-1,44,3
973,c83fb640e909437d80981a7c4338265d,39.519600570201874,337351,-1,46,3
974,636c9024749e46ee8a9987b58e2cf802,32.92827494442463,353207,-1,47,3
975,f9438d42bb944364b5a75d6c5d0bc758,33.52299705147743,357593,-1,47,3
976,349fc724f9d84aeca8afe4af49d05986,42.069703340530396,355953,-1,44,2
977,5b58b84c5f28465e83690772812e8b3d,34.782784059643745,348311,-1,46,1
978,71be7481176747a7aff4ef5143b18e2a,34.21761840581894,347331,-1,46,1
979,4a4ea75ecf81469988905e6bd73bf49d,35.209137946367264,334051,-1,43,0
980,08303db5860e4e67b5b4ab7c30d41902,34.475626423954964,310837,-1,45,0
981,7f06772548b74f3a912afe867ba70a6d,32.87376090884209,315244,-1,42,0
982,bcdcc52ce4614abea760880e5645eefc,30.642371624708176,285049,-1,42,0
983,995b3a75250b4fc5a5b785f90b5e739e,32.10665471851826,306707,-1,37,0
984,267340cfbeb4415f9f74090750e237ab,28.960630297660828,315866,-1,37,0
985,9c3458157e3641dead10c9d1bfa06c5b,34.164395183324814,325444,-1,37,0
986,e4b197f5dff84cfd882d0d0dd29403eb,28.317756950855255,322618,-1,40,0
987,11514e9bc4184a1f8bcdc1fe7aafad2d,29.231209307909012,316377,-1,37,0
988,0d2ebc600fc449f6b7a95f1f69ee52d1,29.699012637138367,296445,-1,36,0
989,f7a001c474d844618d4c6fb15dc16b8c,32.20425918698311,311710,-1,35,0
990,b3f975c461014d0e841c56a20a180f7f,28.260760009288788,325105,-1,27,0
991,2d3694bf122e4349a984883bc48f6018,29.010111466050148,337762,-1,24,0
992,480afd6a2cac456ab71ae46506e30335,30.15025705099106,360738,-1,22,0
993,f6a82d4677144b92bcce7d8a013889a8,37.60269284248352,370557,-1,16,0
994,19ffc60b7e9f429cbca0dbd5e2fc2e03,29.161468148231506,390819,-1,14,1
995,a442b57b3e044dbcbe729bf3db01af36,31.612802296876907,367594,-1,14,1
996,8ddac045b61a412fb54f4d5870e0516f,40.03920219838619,367181,-1,16,1
997,f216d7a4ff5345dbbbb8b27dce4f0953,29.04096245765686,377063,-1,17,1
998,16c4a3eac2a54160a30b559855584cd8,33.56029838323593,364653,-1,17,1
999,442d1845be554fc49b9ee04c70492b29,28.95362675189972,372555,-1,16,1
1000,a92511954d004ec9922e75be59fbb109,28.85197289288044,370501,-1,16,1
1001,665e155d1c3c4abdb5129b35b80c3b1b,35.384420305490494,389196,-1,17,1
1002,abccb4eda68e441d893861429fdd5605,32.175833359360695,384898,-1,16,1
1003,ac83bf9a407f40ec8182fb5d2ba88444,31.759459525346756,390799,-1,15,1
1004,6a85b1377e5c42dfb6e125b2cb0a4ec8,41.060546413064,383663,-1,15,1
1005,ac22e12d11f84b6a98faa260bdaa64ff,32.26231969892979,376128,-1,17,1
1006,733e12b439b846169b3f8214a89ed8c4,31.85093216598034,370733,-1,16,1
1007,d11f2c7391984c91b68ebd8efaef6f30,37.45965659618378,360372,-1,15,1
1008,a27511294c014c34bea679aae0d35735,41.13771393895149,365488,-1,18,1
1009,7dfa2547d5ff46aeb0229c166234dabf,34.852534532547,370010,-1,21,1
1010,cbde405b33b946bd9e1796cb78c12731,34.41011160612106,372630,-1,23,2
1011,b83e2b71e78244dea5693836ca0a8ccc,40.12344963848591,358375,-1,24,2
1012,3097b27c66c448d58aee1c54958466ad,33.95221568644047,356372,-1,25,2
1013,9e527ac110c84d6daa076e018aeb7a53,31.63614682853222,333402,-1,24,2
1014,15222be375f74f0d843a4289d18c746a,34.69191491603851,334857,-1,24,2
1015,b2a10e8a03c843f69a00bc872fc18170,31.468059867620468,339134,-1,22,2
1016,894616d89edf41b8bbfd542a150e8fbd,31.274043023586273,338761,-1,21,2
1017,c2e56200cb7d46b6a93fb4ec389f4ba9,31.932346522808075,351345,-1,21,2
1018,7604c6ea363c4a4a8fcf574281a7ac86,41.908880695700645,355119,-1,19,1
1019,d00b9230860e4f4199bcbf9678438447,33.38742256164551,352133,-1,19,1
1020,9568f067471847f3b10432b4e53a43ba,40.64749926328659,369839,-1,20,3
1021,c8b6a861ef0445cd8bef18eb2b7f9e89,35.90256907045841,361752,-1,21,3
1022,046d4e3b185a4b15b5784331d7633565,28.9564598351717,357372,-1,20,4
1023,8b17a8d9c23a4a849ec471da90fec39e,29.94355373084545,357701,-1,21,4
1024,723ad93330684af28bd8f329092efa7b,37.19446435570717,353158,-1,20,4
1025,16a2b81fe8554e7cb545a6df0b594977,34.95077043771744,357049,-1,21,4
1026,6711467d3a2146c0a90f6a69787d8648,34.421421587467194,327118,-1,19,4
1027,5e75205506604b6a992c08ce91a92d22,34.733640030026436,323176,-1,18,3
1028,3164b1a6aa024beea62d3b14fa78d747,29.033567756414413,329524,-1,16,3
1029,68c0cfc033f54e919e5f1975765f55d0,29.809139668941498,320218,-1,14,3
1030,2d04e796e3de4102a0e367a0516e6e4e,34.44132022559643,300025,-1,14,3
1031,a9e8805b699142f78346ca02570450f9,30.213510617613792,314843,-1,16,4
1032,0526f810f7754fe8b8a4ae62fc76c535,29.853003099560738,310405,-1,16,4
1033,8887f956960c40df8e801576ad31ac93,35.79846955835819,325989,-1,17,5
1034,78be3bd5f1f146cdb1b7120bbf8a218c,28.46165932714939,332607,-1,20,3
1035,fd534bf0c87d4d4cb891f0fc6f41a6a9,36.654483526945114,340166,-1,23,4
1036,5369488db9e94abcaacb56ed00a0def6,38.52001577615738,336344,-1,24,5
1037,77b3e8a94b22491a97efb1e8f2b742b7,29.281092807650566,313202,-1,24,5
1038,d773c946a192406c83ed0980f776d1a8,34.58118252456188,329873,-1,24,5
1039,71b80d6861c44bc69bc468d54625bd73,34.07704085111618,332925,-1,26,5
1040,7c8b7e6b9a5c46df898321470c81c8e8,34.06277485191822,307007,-1,26,5
1041,0963783c3e71478fbba311287a1a5b42,45.50868272781372,318480,-1,26,5
1042,22141d99bca241658083cbbf3c7dcaf2,28.983211144804955,318339,-1,27,5
1043,da3ef456918149c5a22ff069dd97b7d7,29.69348058104515,317223,-1,27,5
1044,98592cf269d34c80bdb23c6fa2708db8,37.685079500079155,319244,-1,30,7
1045,ff98be19bcf9436cad14f28ff63cb501,31.402936205267906,329084,-1,30,7
1046,c818a482aa4b41128c8b3bd773ae6504,33.889299258589745,333181,-1,29,7
1047,2a8c82989fcc4edca9772cd20bf34b07,34.54753942787647,329390,-1,30,7
1048,e6bf9e3dc50149ba8cdce44e52f82fb9,34.27799977362156,309928,-1,30,7
1049,18b3ef8c389240f39196a55621eb1930,34.593844786286354,317491,-1,31,7
1050,62f92bfdea694388b2f13c5d04cc7148,33.2564041018486,308702,-1,30,7
1051,a79c34821835458ca58d97b687602ab1,34.27980653941631,318316,-1,29,7
1052,aaac0015dd724fbfa7c52edc33a64dc1,34.31412763893604,319977,-1,30,7
1053,2d800e7c6d03460e8532daba3641f5d2,28.602642938494682,316287,-1,30,7
1054,99ccc70f143b41bf87ef7be9dc4d850a,28.410501778125763,320549,-1,29,7
1055,4b6fcdc1549847c395d07fefcbdc16eb,28.724614530801773,309138,-1,28,7
1056,cb7c92011a4c48a2a201cd2dc9fb7488,29.4788870960474,312421,-1,28,7
1057,1c99c1f837fa457085f86e4afab500ed,28.689829632639885,309437,-1,28,7
1058,cac56fc7411b4bfca61e56d4244faecc,29.198339208960533,304177,-1,29,7
1059,1f40bab191dd4d6c94cb3cbde8a474f0,29.66598980128765,309959,-1,27,7
1060,0637df67b6fe4c5087e9139089ba1b49,34.12219509482384,313221,-1,27,7
1061,57d5c2256bc947459903ce56c91e9b78,35.62019392848015,314617,-1,26,7
1062,2ab5ae2167d94c37987a69ef23b3cb6b,39.30004499852657,320381,-1,26,7
1063,b90fba92889749a69ec4235b8edec06f,40.01995362341404,311610,-1,26,6
1064,a9549839ca344c5d81df2325736374bf,39.96765613555908,314764,-1,26,6
1065,b1eea1e3d59e4afdaa6d29481480d974,34.201717004179955,317247,-1,26,6
1066,65c8d9839556423b87a4edffb70b434a,30.195921659469604,314944,-1,25,6
1067,f00e0c9a763b4b11b88becf115af6387,30.590174719691277,308540,-1,26,6
1068,702718159551426784c32a0722aac622,36.328570917248726,306318,-1,27,7
1069,facb1d12888a40438207e3505d107cc4,36.42814792692661,308295,-1,26,7
1070,2f9f3852a80347e3b3a3ebaa5946bcea,30.09474091231823,308281,-1,25,6
1071,f59eb1486a3141e3b5cc615dcfa83e52,34.85007956624031,304729,-1,25,6
1072,15e8288c2e60438bb4d65702ff0df804,33.01965445280075,296737,-1,25,6
1073,f9475d1f1f96401c81ce511a93578a96,36.452434957027435,296442,-1,24,7
1074,d96de08343d248809556faa746c70968,37.03484497964382,305226,-1,25,7
1075,05cf2a68a2cf4ff1838034f8ecae0c82,31.809993088245392,302918,-1,25,7
1076,93d437c833f24dd9b14a406d199113ff,35.379426553845406,321010,-1,28,8
1077,73a3e6b8189f445baf70c080117d3bf6,30.00919707119465,329485,-1,28,8
1078,67cc592aa2b94371a450ca2c7f4397ce,30.4510910063982,327742,-1,27,8
1079,421215a3574d445db2bac0574bb34b67,33.413950353860855,327162,-1,29,8
1080,3d905993341a42da8a4a951fb439682b,44.01189647614956,330688,-1,30,8
1081,d66a316ffd914123b6324efc5b30c15b,30.61136044561863,345669,-1,32,8
1082,fd27366f4f1c4df3ae73e27f8d469db1,29.98553216457367,352798,-1,34,8
1083,3ba93f957fe54c8c891a2cd5992e65a9,35.34817136824131,363315,-1,36,9
1084,d8ff67e7cda741f0ac2d7525dd26d208,33.56577828526497,363296,-1,35,9
1085,4a4426ac48d54f9590573ea48b1e76fc,31.75116330385208,369121,-1,40,9
1086,1f1982e0b2a64ec2b2aba3a41175ab6e,30.571678653359413,377884,-1,41,9
1087,112aa7a7edfc4df6b8e9775b14f74e12,36.642493680119514,362379,-1,42,9
1088,5edf36a058ce4849bc6371629bea8a69,31.82634525001049,353425,-1,48,10
1089,b7d899dbb6264d7bada8daff326556ce,31.12167678773403,339474,-1,48,9
1090,2b4441336efa4a649510d33c96ca53aa,32.01863914728165,349900,-1,53,9
1091,1906aa07e1914059914e62ee02ccb50f,40.272342041134834,322196,-1,52,7
1092,7c7ce7a97984492b9a5c76327bc90610,31.813831999897957,320442,-1,52,5
1093,9a2209d8b19045f4a0d52af5d5c23a78,30.675962567329407,315510,-1,52,5
1094,9be682790a634b91b334b633fa43010a,29.086776077747345,266370,-1,55,5
1095,78b6b787491441fa864d6bd9382d5701,31.86253271996975,258912,-1,57,5
1096,1175f341a78a4877bc5257cbc763aef5,30.629096552729607,260146,-1,62,5
1097,296e524f77ca4fad9d95e3dfe54c1259,34.57378037273884,278941,-1,65,5
1098,e8038e0f57c445f0a91111dd2c9052a3,44.36109587550163,265592,-1,62,5
1099,53a80b41beee4a1eb751e3dc89af5765,34.57600437104702,267611,-1,66,5
1100,b687fc34af774f64a1d3f91aa486b740,29.65008094906807,248023,-1,68,5
1101,f91ec82037fb47ccbac160cb5de453bf,36.41823120415211,274879,-1,68,6
1102,d6e16562bd2a4778b4789b3b66431e74,31.11162967979908,274496,-1,70,7
1103,3c1ab7d886244645ba1cbfad95326d21,36.54255345463753,276439,-1,72,7
1104,e5ef83bd8b8e4ba986e7d8a43591994f,34.980444237589836,291530,-1,70,7
1105,1f94fe5edf784708b55707a1a7754fb9,30.03385290503502,278972,-1,75,8
1106,4a7e82f96c7d487686ae95b6384b77a5,33.01251493394375,295631,-1,76,8
1107,3fd8074cf3444290a8cf4ddd3de0ffc4,38.08227926492691,282864,-1,75,6
1108,9157f0c9ea4441a89b91d623f0157fce,35.42620874941349,280646,-1,75,6
1109,557954f121394533b582e88eac8017ad,31.165167689323425,296946,-1,72,6
1110,21efb26e944244799f3e163dcdd7285f,39.32090662419796,274302,-1,69,5
1111,39a5d8e9868d4dcd9cf8386068c903b3,31.248757615685463,279548,-1,63,4
1112,1c81b06c812b47788462c31f58b6c1d0,32.33514912426472,273202,-1,45,8
1113,f73dfd9690d74d3a9af2667bf3dd9481,31.088203191757202,269113,-1,47,9
1114,eb4b6de953e247bcafe77dffd79bc8ed,29.51822243630886,268361,-1,48,9
1115,b04b95006e24460bacaaf80e299dff01,29.721906408667564,268006,-1,48,9
1116,1dd5d04e621f4fe791bff994708af69b,31.00958652794361,275634,-1,49,9
1117,9577cf1a1f31414d90358bd7b104b615,29.05435487627983,268037,-1,48,9
1118,b0a2fb669af14c0289675261bee29949,29.412681236863136,265548,-1,48,9
1119,6b3c851413064994bb0babae7e74efad,30.111130326986313,270185,-1,48,9
1120,fd7fed4b72f645ad886c561410662e33,43.86257566511631,267042,-1,48,9
1121,6bf8421a1f32469f99868bbbeea9a200,31.037287786602974,258761,-1,48,9
1122,5c6f3a7e402c4985916cd6ed07e66f6f,31.53245337307453,273153,-1,48,9
1123,4cd53db3b63b42caba9e8f6a6ea70eae,35.19229777157307,260687,-1,48,9
1124,75ce3975720942779e8f2a56309de167,34.09953601658344,266433,-1,47,9
1125,b006ca82a2654951ae8f42300f66f3c4,31.85420110821724,261594,-1,46,9
1126,98a8d1c359d54ed19060d3f0f5867468,40.20087607204914,266588,-1,47,9
1127,8ef17257025146b19306abed70229687,36.75507567822933,261106,-1,46,9
1128,b85ef7111b8c46069e51bc0d905ad8c8,35.99084168672562,238225,-1,47,9
1129,e7438081ad0545299e8c703a8dd33ffa,46.082453802227974,230388,-1,47,9
1130,6f6e36cd57714b92ad8a0e6dfc57f767,35.01066379249096,220992,-1,49,9
1131,50584518abf2443da57a124020086b69,31.131064519286156,221872,-1,50,9
1132,92c817e6a1b4445ea8505dca77d023bf,37.8824844956398,202219,-1,50,9
1133,b3d9bac351554cc98cdafe751f3d437a,42.5951536744833,202814,-1,47,8
1134,e08e07dcca544d99b739e512f6b704ed,30.07926046848297,222573,-1,46,7
1135,453eb1d22e3147a183224ebd756a9c57,34.52109917998314,213802,-1,47,7
1136,fb879538cc574e5094ccc39fa2953ef5,32.88501501083374,216898,-1,48,8
1137,f5193e87e04547808e974d88fed8159e,30.665535479784012,252879,-1,48,7
1138,1981ee55006c4e00823d29de105d1680,29.956689104437828,287340,-1,47,7
1139,89910914b61e442f967bea60eb5ed44f,33.06785970926285,311185,-1,46,8
1140,fd12f683aa444ceea85633f5f72b7d3d,28.950100764632225,336803,-1,42,8
1141,185dd9f6bc6b4cffbb23ac2ed72b3bb6,39.83474709093571,319625,-1,41,10
1142,50c37d323ce248219f6a4f266d41daae,28.2281581312418,333689,-1,41,10
1143,e14e81f029e6490ab1bdba51b6dd7054,29.614662751555443,346579,-1,41,10
1144,1808fbc3531c415fb77531c05b2547ae,29.790297150611877,355718,-1,38,10
1145,c93b4d390af34c32b681f52d224dc01f,36.294545978307724,341364,-1,36,11
1146,3c4da98d05c74a74bf49867b6ccbc754,40.95913656055927,340969,-1,32,9
1147,fd9610de75464b4f9a7a32837634a2c9,36.62117198109627,343755,-1,33,9
1148,9c6aa2cb631841abb2cd4bebea86d03f,32.95210003852844,346270,-1,32,8
1149,848eed388a5c47d5b3cdbeeb15c2f856,38.743115961551666,343904,-1,26,8
1150,2f26712f9c484ced857e42dc425d1d20,37.680668756365776,334301,-1,30,8
1151,c292d90b90ec4dbd826dfd11aa361df1,31.20068646967411,313722,-1,28,8
1152,d5c86824b36b4dbba467399bf3123d90,29.23090010881424,306607,-1,30,8
1153,85b8779598cb46f89538faa1d7117404,34.34954769909382,310230,-1,29,7
1154,8584cdee278d4bf89e6620ab02d15a7b,36.243097856640816,319877,-1,30,7
1155,4dfb0052fe944420acddf5d376755dff,32.7334962785244,315984,-1,30,7
1156,947147c686d04c168ee8604b2f43bd46,37.224508821964264,279865,-1,27,5
1157,4d37ee8f85284d62a1f7465e2b005643,36.74963489174843,292663,-1,29,5
1158,60565417b2584f15965a0e22c6f6d317,38.98705542087555,287182,-1,30,4
1159,2577f859f0fb47a3a21cfc7c95650d26,31.056271865963936,275195,-1,32,5
1160,808fabcc3ed441afbd6bdddc929887f3,31.257545575499535,248918,-1,31,5
1161,ffb68ec5043b45f499086fd8c24dc2b6,30.523478984832764,272396,-1,32,4
1162,16011bbf9d634b099c5ff9a352d26c9e,29.463687911629677,256439,-1,32,4
1163,3f16f295d3e44088aa24a88b740f90bd,33.169100061059,230625,-1,33,4
1164,beee295d6f3645208fb6763f8c415323,35.268550738692284,241435,-1,35,5
1165,3307d1211dfd442db4a6ae544c2ae197,30.854923650622368,210645,-1,33,5
1166,8a0af59b07f543a0a165180a12472d04,36.166222766041756,227424,-1,33,5
1167,73ce29fbb23b4fdda87da12569830fe0,41.30331613123417,232436,-1,34,6
1168,cdd29238803446ba84398ca3a4292c19,33.96991081535816,237373,-1,30,5
1169,0a535567072a48a38a7213778550dcaf,30.820339918136597,231767,-1,28,5
1170,45731d093e2e4bb590ca10bbfb198eee,37.09588013589382,240908,-1,27,6
1171,19689911bd0e40adb943b0f97ea84a6a,35.07203981280327,251308,-1,23,5
1172,1e4b165a3a904717b30f044322edfa14,38.77837397158146,281024,-1,23,5
1173,a3037fd8331e47d48357d5250fbd8aa6,44.66681182384491,290127,-1,19,5
1174,610ef5fb746c466f810f665b3e9d5b4d,35.464391112327576,296537,-1,16,5
1175,e4437a15cc6a4c82b8cb1e21c439baa5,40.206827223300934,300118,-1,16,5
1176,7760d89f50a947d78929ae468844c25e,30.706724151968956,302227,-1,16,5
1177,674ac51c90f444ffa066c3aa15991728,30.98442777991295,317172,-1,14,5
1178,9573d00b8d3d4ca5badde36566ed0c84,29.797960072755814,313516,-1,14,5
1179,51b0f4727e4748a1b48162866ea48f3a,36.662159487605095,330762,-1,13,5
1180,7fbf9f1634a64bfea374596abdfec3d9,30.843453481793404,338350,-1,13,5
1181,885aeed2512341ccbf84ca64d4e58ded,31.213900074362755,338662,-1,13,5
1182,20d3e54ae277464daafd2a078b830170,32.348962500691414,345938,-1,15,5
1183,f5a38abe0b404babb18bca1f0adf60b6,31.465934589505196,342591,-1,15,5
1184,deeef8bef80344a49ac174c4787ed9a4,31.83138556778431,357248,-1,14,5
1185,50d86a5cd45440c89e895a5d20ea5267,36.5282166749239,360552,-1,15,5
1186,78828ab1fe6e4b8882729099326a5db6,37.703994661569595,366201,-1,14,3
1187,c1c270bc79c94005af29078bd0cda1b5,32.42910094559193,368119,-1,14,3
1188,ded088a5ef664ca687fd0e8c1e4bda1d,43.04507188498974,375613,-1,13,3
1189,59b048ee1ed2466c973e45f9e79ce5d1,29.24209274351597,380494,-1,11,3
1190,b9db804449d34414ba98868e9034abd3,39.02757167816162,322897,-1,32,3
1191,3e0c8a049c7e4cf2b1aa8a8387b045c7,43.4463806450367,321273,-1,34,4
1192,e4908d7239ad42cbafe3281cbb86b1b0,31.514588743448257,307850,-1,34,4
1193,3078e2541d58490cb8bad9de7801b7cc,29.507288709282875,293379,-1,34,4
1194,9d0e1d796b20401a862602bb02d613b4,37.40500286221504,291805,-1,34,4
1195,fe944294f6a44b87a4da95136f86bb79,30.677277594804764,258442,-1,37,4
1196,b32f383e87e246669013e90202455df7,35.992687568068504,268072,-1,38,4
1197,ecaea9ca526a43a984e46bff7ea85204,29.988311231136322,266207,-1,38,4
1198,b92936f399d5405fb98d6f8a2298a504,30.423017218708992,258823,-1,39,3
1199,9faf87fc638c492d87ccbdb48388450c,29.317382723093033,258876,-1,38,3
1200,34dc0f073e864d70b6e2b09c5b3ed032,32.98787586390972,274424,-1,37,3
1201,ba6527487d5042b2bd4fb8e503918d29,35.23912467062473,284519,-1,37,3
1202,9f3355442ce347be804a9880d086ca8f,36.23184934258461,293829,-1,38,3
1203,9124545509cb45e1b79168bead041f06,36.17977909743786,296759,-1,39,3
1204,2de4836c1a1e4d1a8c2d73a3af31fd47,30.54489940404892,289912,-1,40,4
1205,a9b8176bf0b546a4bc46afc631979805,38.069285452365875,300152,-1,40,4
1206,73620d31303a47f9a86908f6157370f9,35.415226593613625,323702,-1,42,4
1207,515ffe0f141445ed8e0de6e674b64060,34.93994101881981,338298,-1,40,3
1208,726c4eb7ce3e490e908dfc5a5ad9dd19,44.35928165912628,342069,-1,40,3
1209,d91511762a3649fe9977ef72f1b6982f,37.69206441938877,360338,-1,41,3
1210,cb39369c45bf4fd0be41ab5fb995494b,30.849343165755272,349381,-1,43,2
1211,713882a28f2442098451f77f1362d326,36.91166266798973,323910,-1,46,4
1212,4fbd8ca56cc942cfb092846192fb3bd3,34.744272008538246,295115,-1,46,5
1213,496c5144cca24c2f86607f9d7f26e90e,31.285883858799934,274036,-1,48,6
1214,eaf2f8cfe79e4558900f140452f299a1,42.81884431838989,325502,-1,56,8
1215,0e8782aa721545caabc7073d32fb1fb1,38.59434835612774,357191,-1,57,8
1216,3bb2aa82346340a0903bf05257735f71,31.852636486291885,386551,-1,59,8
1217,4254e88744744d1da84ff59eb26d5e82,33.756738528609276,384604,-1,60,8
1218,950d6f7fe8ca41538582327bf45afcc1,35.044096410274506,388001,-1,61,8
1219,c7686b765fcf4212a0c9f7611a2236f2,36.06152534484863,422363,-1,65,9
1220,56f2d967734747c181e8cac27acef265,31.927306205034256,425077,-1,67,10
1221,487e37c966514fe58858a7003dfe2f18,30.98888508975506,440193,-1,69,10
1222,8ef8d4b6b837492dab9785c3e33d936b,36.58283315598965,447017,-1,70,10
1223,250a57d8617045ad8cb35a00285a1703,38.82307559251785,449346,-1,66,10
1224,3a56f761366a4338a35bccfe7b08befb,31.5303485840559,415437,-1,65,10
1225,8d1c7b2b85fe4befb66efe9e05e0d939,29.791956767439842,391782,-1,65,10
1226,d95b9559fb6f46d89e065b2be43595bb,34.52315554022789,365124,-1,66,9
1227,406d55a941a04eecb7851831d9044178,30.333299189805984,393271,-1,63,9
1228,cae55f0935cb448d9527042acf104ad0,29.586469754576683,439611,-1,57,9
1229,028a3f3a237e469cb099f6d9c8e7f2f4,32.55017101764679,401860,-1,40,6
1230,d20b00f4db5f46d081ce884d84f39d3e,29.650550335645676,398979,-1,40,6
1231,0a66d3360b3e46228e210dd6a651ded2,34.80781987309456,403814,-1,41,6
1232,d8230413dcd947d8bb19287931a618d7,34.45594571530819,399699,-1,43,6
1233,5791344561914f83bd244e26e95b4a2a,36.70288808643818,401564,-1,43,6
1234,6e80e8ce36464a0d8002e1924f3391cb,28.125783428549767,399173,-1,43,6
1235,d22de14af8cc4007994efda8354c939b,29.410967603325844,402186,-1,43,6
1236,e30706e0581348c2b5b76deed01672ec,29.076136648654938,395874,-1,43,6
1237,4213954afbbf49db872817069f73ae7e,29.256148263812065,401582,-1,44,6
1238,70fce5a2055144d093d21875e8da0b7e,28.418926522135735,400262,-1,44,6
1239,529080134759454a8176daca17b87a15,31.079428270459175,401333,-1,45,7
1240,30ad11916547467183371af9e1faf298,33.7243378162384,403303,-1,45,7
1241,f965ad5d2ee94318b2dd1ac927a37856,43.640393763780594,398785,-1,45,7
1242,fbbad6309f1543f78634e49c50dfb779,32.33589790761471,401760,-1,45,7
1243,d09b065aa1c74e31b0742ec36052f9c9,37.79073990881443,402683,-1,45,7
1244,b32fbd9e38c74aaf9ca5e733d359281c,40.96022993326187,401220,-1,46,7
1245,5f88b9a41f264ebbac7976bf4c796d21,32.47171454131603,400846,-1,46,7
1246,bdcb762d6df842358056925b1143e961,33.40015560388565,402361,-1,46,7
1247,41a751b9f46a4fcd8529557c46cd919e,38.566671311855316,402174,-1,46,7
1248,de52afcc66d9450da5f07b10977e0493,33.12094137072563,400792,-1,45,6
1249,7586016dd8d4458aba6f7a88b3ab21b4,30.07415309548378,401523,-1,45,6
1250,1a9894a106fe444c9f35126426563d43,28.802553191781044,403988,-1,45,6
1251,fbc2727b0f35414f88d956bc63345af0,33.77573378384113,406041,-1,47,7
1252,9fbc6ac2c75c479cbc125a7a50bbaf64,29.601238667964935,398058,-1,47,7
1253,79a822a6858f451ebde3a7595252f22e,30.484043061733246,397449,-1,47,7
1254,9cae01630a3c475080fedef5d59297be,35.77631898224354,407421,-1,47,7
1255,6be3fbcf5c224508adb27b4b703b6625,30.727332457900047,395822,-1,48,7
1256,1c5d68d702df41fab44824a6b8e360c9,30.378853902220726,398662,-1,48,7
1257,72120150a5014fa6837585f0c4429110,31.999941915273666,400390,-1,48,7
1258,94b913a2bb1e4f18bc10509f644d539e,31.69974684715271,400561,-1,48,7
1259,aa126aada7ec4a46b23162e57a7a023f,38.24305161833763,401223,-1,46,6
1260,5ff472758749447ca27827543e5d50dd,44.000133872032166,398358,-1,45,6
1261,80a992a086714b53b833720d775931c1,46.74923047423363,400747,-1,44,6
1262,149f03b275944abc95aa59709a726bff,32.71026350557804,403049,-1,44,6
1263,4404961302234ce8ad5fddbd17fbcc04,40.483519434928894,399190,-1,44,6
1264,7613f642104247d4a792553d4f2cdfee,35.122014582157135,406092,-1,44,6
1265,9e9808fe898648e1b0bbf09b1a30f0d4,34.60698388516903,405340,-1,43,6
1266,7aca59dc11fb484da90cbabc1eea0be5,31.909283250570297,409553,-1,43,6
1267,94e396a143d64345a09f671443f942bc,32.35194832086563,409117,-1,43,6
1268,3e743a8cf0394f33b45a4c15149d014b,32.618822529911995,407398,-1,42,5
1269,d5324133e1d241658a7b763831b3af2e,35.93485802412033,415182,-1,43,2
1270,0f5cbb909e9544dd861dc2ff63ac4d13,39.60417956113815,411917,-1,46,3
1271,da74550a10a8408299d7e6b1735963ae,44.45224069058895,413705,-1,47,3
1272,cf86af90b622499b8214df0024a6ea29,42.818836867809296,413399,-1,48,3
1273,901cfd30cb2a4fdba55095f9ec0fed34,30.863268300890923,409464,-1,48,3
1274,5c9d217c4af14c608c7b5f9469dd488b,29.9691129475832,409451,-1,48,3
1275,ae3d3b5cb4424e7ab501a5d6f0a4980a,39.02840428054333,409475,-1,49,4
1276,a7795dcadad44c1c85fa27eef18366f6,33.58575515449047,409287,-1,50,5
1277,cffb959327ac42ad866a5f8829e18187,34.30943191051483,407130,-1,50,5
1278,7693424bd4b04229b08c578b256a7de4,41.763436049222946,401592,-1,51,6
1279,48ea4572f95c47a083efa79997c4a506,38.86849246919155,395921,-1,52,6
1280,604a8ce58d0b4f94a93db370813edf94,40.16588069498539,384951,-1,51,6
1281,160fa0f8e77b41409a98341093a7cace,41.323013603687286,372771,-1,56,7
1282,09e58f5b8acb45a9a9c8c186895efa59,41.4650309830904,371648,-1,56,7
1283,47fce09b77e44bb1810cedd61628ab1f,36.21412441134453,347271,-1,61,9
1284,eaad6827a3c44cdab111ea7d912c9947,36.10027953982353,338966,-1,70,13
1285,88a6b5e35eb44deba6b1065d74b0a3c4,39.802463725209236,336251,-1,76,16
1286,8ae5818912bf4a8db24b1690d83034ac,34.31139700114727,363516,-1,83,16
1287,023a58306058440988b0ca496bdf9c2e,37.94336877763271,359930,-1,82,16
1288,9ce5d3ae2cce4a0aaea1626e752f65d9,40.728552266955376,381851,-1,84,18
1289,59a27b7fc76541ea92d79f7d4c62a2ec,31.72828070819378,399516,-1,88,18
1290,c0efe2319882495b9d13add1d352bee4,30.89364618062973,416649,-1,88,18
1291,72fe05b8fd804c7eb2edba7554f1f796,54.13373373448849,424453,-1,87,19
1292,dce33c96ffdb4802a69f6d7d530a4f09,45.761797577142715,407154,-1,94,23
1293,b2fecdf10a404d94a049c91f20eaddf3,32.271455973386765,414540,-1,95,23
1294,dac52a02f54c4677b0a6b4a28e2c56a1,29.464630410075188,396947,-1,91,23
1295,fd612e8660e74196af7da7e6487e5d53,45.80230452120304,397572,-1,92,23
1296,22189c1013dc4263b23764258e8f0c21,30.896833166480064,384720,-1,88,23
1297,22ce804db92749a1aee3a08ffbecfbbd,30.55393509566784,381996,-1,80,23
1298,2cdbffa384a5478babff79039cac4e75,30.163338407874107,366538,-1,75,23
1299,e2c7c91b4ea2462090d866539ff6b9e5,34.88225117325783,386098,-1,67,21
1300,aee1e33b4ca74ae4a761fa072f92b577,38.72509300708771,377140,-1,62,20
1301,717c45682e15432f9862e47775b9b80f,29.070746153593063,360491,-1,53,17
1302,2e743b1fb9a34383b88bec3e7792ad2a,32.296743243932724,333602,-1,50,15
1303,05e8bcefb9e442ceb0c8d16b745974e0,34.23994034528732,302160,-1,47,15
1304,b43de5e578944891bf9433166bd974c2,31.43206425011158,335966,-1,41,14
1305,0ba00e2623814934b1b00ec2b461a125,29.156027361750603,306997,-1,38,13
1306,2ce065a0fa9e4e4da888abc18fa100c8,31.14313632249832,322663,-1,32,10
1307,67b146ff35ba4f84b3e6276a8e8ff65a,39.22444395720959,340902,-1,28,8
1308,21971c1ec4644d608f8c08bbfd4059f7,35.15700064599514,327461,-1,24,6
1309,806011e8a7114eca971fd0f6b95bcd4b,34.34288315474987,311426,-1,36,22
1310,dd0789b8c39340289a053eea9e3b16d7,29.19798530638218,313671,-1,37,23
1311,e14dc295bf8f4cca8bbea7fa0068b6ef,33.53774547576904,309838,-1,37,23
1312,bdc86a9c8b2742039a4d07b1074e2ae4,30.267124995589256,330042,-1,37,23
1313,ded4f73ce5494ba89d258c0217bc50ca,29.4790081679821,337942,-1,38,24
1314,bf5592d0c9e54957a9a3c627013ae32d,31.042328104376793,296243,-1,41,26
1315,a687809bdfff490198d3b39bfc4bd42b,39.106521755456924,312204,-1,41,26
1316,5d0fc4d327d2439db96cd66818e1862f,36.32535599172115,322395,-1,43,27
1317,47a1ea38aee04afcb5651a090a9c88fe,35.34211032092571,305611,-1,43,27
1318,d5d6c0c464bc490cb251a7f1d41c6665,43.13546046614647,288754,-1,45,30
1319,b923744651764ed194ddf7526b9b2cf6,43.46381314098835,295198,-1,45,30
1320,62fb6b14e6a2451f96ef753672d3a381,29.669344425201416,311450,-1,46,31
1321,888dd9afb9bc43e2bfbc5e92835a2b26,29.20805662870407,317801,-1,46,31
1322,95024749968b4c5db7c4830da4d2d475,40.11915251612663,290745,-1,46,32
1323,7f11a83e09d4433a8b2049c739c284a7,43.962832540273666,281883,-1,44,30
1324,32dbf4593eee4f7384dcf576b2344059,38.75068947672844,293136,-1,44,31
1325,6ce8c5bbf572476d84ade686fd21a09d,31.66220337152481,292875,-1,44,31
1326,53e9e509e9e94f799620e2d554356c4d,35.768935456871986,272698,-1,40,28
1327,1e9f7d6d4f394cbcab3dc1d83ab86536,39.10325653851032,291066,-1,40,28
1328,1c79e219a67b4dfcb42b0628d6c76eb0,34.8515547811985,246970,-1,37,24
1329,2eb164aac518499f86fb04de8f9e52f2,29.79745902121067,287890,-1,38,26
1330,a0cf9d95c8af48b9aa1aaedc52d1b41c,30.811522156000137,299211,-1,41,30
1331,be3fb86ba1a846719241b051d3ec4385,33.984338864684105,294668,-1,42,31
1332,d43144192b63485894f7ef174cdbecac,34.51404720544815,295936,-1,42,31
1333,cb8f79c86c884d07a82d6cb7fbeaf75c,36.71460971236229,280306,-1,44,33
1334,f41862469f33424eb660258e9392c4f4,30.454548075795174,339225,-1,45,36
1335,c0a6034c27fe43488476d9a15140e398,38.76345232129097,300377,-1,45,38
1336,9bbe4968739d429b9e6a05b60690c67e,42.200589552521706,319710,-1,54,47
1337,0e27960b86db475e9dcf750295deb1b7,30.79387918114662,311070,-1,52,45
1338,3c7b830b41274d04a8ecf415cc802c43,29.816515743732452,306360,-1,48,41
1339,8b06ab55378f4342b38c3b25b115e38e,39.04390521347523,352652,-1,44,38
1340,b13f8b7a3b5d40f197d11b1f68100015,35.92913784086704,355871,-1,42,35
1341,ce77d3d2915543dc8b8b2408d407f7b5,30.61281517148018,358927,-1,34,31
1342,6531528030c2484abde7201ff31c05c6,30.200347304344177,430161,-1,32,29
1343,e26feac8d43d4eed9a11e739b0d4264b,32.43979252874851,401110,-1,28,24
1344,9a95f1a1e26843fa91963c1131b3c53c,29.954425990581512,398862,-1,22,19
1345,6f56f5d8c2f84038a5086ec52f5027a1,32.78813324868679,381294,-1,20,17
1346,4b9f0142681249f9896800b278a1fd0d,30.00769577920437,386294,-1,18,15
1347,2a1c825acff04f808c6451e9e28b2d17,36.68419271707535,363627,-1,16,14
1348,7844c7bf21ce4114a8ef64b3a46a579b,34.307315945625305,358641,-1,15,13
1349,3e8750f331d7499e9b5123e9eb70f2e2,34.474702551960945,361789,-1,23,19
1350,3950bd41f74548429c0f7700ff3d8269,35.92180274426937,358490,-1,30,23
1351,c5f58c19249d4137ae063b0e9ecd8b8e,38.53914327919483,396016,-1,33,24
1352,700c1a25559b4433be532de3475e58a9,44.193048030138016,411745,-1,38,27
1353,747aa46b9a4641fe90db05d97db2acea,40.93959182500839,431743,-1,39,26
1354,f4f86af4da3b49e79497deda5c5f223a,29.822535812854767,398726,-1,44,31
1355,6832e717621341568c759151b5974512,32.20255672931671,392326,-1,45,32
1356,c59e60042a8643e899008da2e446acca,29.243113473057747,397632,-1,50,33
1357,fa65a298c01f44e7a182bbf9e5fe3697,34.06568989157677,402827,-1,49,33
1358,a98fba72bde9433fb882032d18aedb2e,35.46899929642677,414446,-1,49,32
1359,b6b0d9f2f2e14a3aaa2c8aedeb1edb69,38.539573550224304,421462,-1,48,31
1360,796b1988dd254f74bf2fb19ba9c5b8c6,30.281459912657738,411929,-1,44,27
1361,0d0700a2284e477db876c3ee1d864668,35.93579865992069,393296,-1,45,27
1362,de7593d76648450e947ba0c203dee1b0,36.356572061777115,395561,-1,48,27
1363,f753d3f87e5b40af87ff2cbf7c8e7082,31.77315555512905,386212,-1,49,27
1364,b22fa0b3c34f47b6a360b60f35d5d567,35.89182533323765,376922,-1,50,28
1365,0a0d6b8c2e884134a3b48df43d54c36a,31.314870342612267,382325,-1,49,27
1366,8e9c2cba0ee74056aa3746e8391d54a9,31.319942325353622,376452,-1,54,26
1367,fdc39b23ab4242eda6ec5e1e6574fe33,35.16714088618755,372472,-1,55,26
1368,9ee4020153674b9e9943d395ff8cfdf3,36.750588566064835,383463,-1,57,26
1369,5b03af7a953245b5a3b23191ed4da62a,29.520895332098007,362564,-1,61,27
1370,d0ecf474e0e64950aa265cd44b9c9d75,29.63593602180481,383658,-1,62,28
1371,456ec36cb4a44ca78f36fbd90c0c34fa,37.37400472164154,390521,-1,63,27
1372,6bfd42cf0aba4f1a94ec11fa43e2dd92,32.57377631962299,387275,-1,63,27
1373,0af0feb5b1394b928dd13d648de898f5,29.6072568744421,392755,-1,64,27
1374,61d9340c5ad8418dafe7a4af1b96e6b9,33.12486410140991,399483,-1,65,27
1375,9e7683e8586542a1b6032980c45f15ce,37.48730570077896,404862,-1,65,26
1376,cc57c1ea80fe46a7abddfdb15654c872,33.211810514330864,396344,-1,63,25
1377,4cf5d6c3f6ab42aab23f67b5a9782d1a,29.94467504322529,403418,-1,64,25
1378,6d9984d09d52479e837da2fd09e192cc,34.63148884475231,414956,-1,63,24
1379,38a28a3aaf2647f2a8c0e90e31267bf8,34.12984497845173,410368,-1,64,24
1380,6402fd1ffaf041d0b9162bd92a7ba0a2,30.956605449318886,420325,-1,64,23
1381,ce94ef7a0522468e81c0e2b3a2f1e12d,28.932828456163406,429869,-1,56,19
1382,9fcdc52b791045e99c623c5fc643331f,37.494612857699394,415860,-1,57,18
1383,1c9a906c40f6417bbe1cea06d6e55501,31.427232548594475,437687,-1,57,18
1384,a771effa2a2648d78096c3e92b95b129,31.184222549200058,435582,-1,58,17
1385,b9ea04a6121d4a8bb00199b885aa5ef0,38.241270929574966,432136,-1,54,15
1386,87e772078a494d42bd34cd16172808bc,31.914854422211647,413414,-1,55,15
1387,f40544fd4f5d42abbcfa948eeaf86850,36.68861836194992,447878,-1,49,13
1388,281b92269fd648d4b52d06ac06ca6d65,36.76624596118927,408317,-1,44,11
1389,f1b7b463072e4630b2c1d5ba8b6cd50b,39.38262164592743,397093,-1,32,10
1390,2b7d769dbb254adba7274534d0b262ec,37.48553432524204,391087,-1,37,13
1391,90162f90eceb4ada9e595bc1adb71b5f,35.94693914055824,379263,-1,38,14
1392,a460d7665ac3476b85f72a3fb7b978dd,30.83244152367115,398759,-1,39,15
1393,17d84afea74b48c3b81ee85db30b0208,36.03691980242729,371246,-1,40,16
1394,d597cf6460ff4fafa395a514a4cf1454,31.944118440151215,334747,-1,45,22
1395,08ec4b7fcdb5494c8da174770c1d9245,34.25920568406582,334218,-1,45,22
1396,ba0f5725ccc141f692bcf26d28af5e3b,35.75703129172325,384053,-1,47,24
1397,0f512a2cf5e24a84bb7a13774295ece8,34.158747643232346,377219,-1,47,24
1398,115f9017609d4716a72ab019458777c3,33.96809659898281,403157,-1,47,24
1399,45266b136cf846b0a7d398d2360f9a17,41.6486170142889,414413,-1,50,26
1400,8c394cbb9706486aae5c0edc1d704178,30.573923140764236,404254,-1,49,26
1401,088886ce0f6c461eaae9de7bf3d49c5b,33.796682953834534,395587,-1,50,26
1402,345ffff158a245bc80572dbde4344f28,36.18545085191727,362296,-1,51,28
1403,bfc227cc4c704194980635622f569dda,31.444307416677475,379026,-1,52,30
1404,6252789dfad34bd6a33ba8d40be600d5,37.623342126607895,406273,-1,56,33
1405,49823b270a62468397f3265172dcc6bf,38.6843029409647,392436,-1,56,33
1406,a9ea79ca0927482ab7735941e5927d5c,36.961885169148445,367897,-1,55,33
1407,601d27a0eac84e048dc7596015eb21ea,33.43931958079338,372188,-1,56,33
1408,9d2eedd225094283bb507db7856e60e5,39.09268602728844,399758,-1,50,30
1409,620c129c962d48aa9e1b0b6f46188169,30.780434608459473,408376,-1,51,30
1410,84fd8f6d5b2c406e9ddd1c3b72690917,37.56854869425297,416558,-1,51,30
1411,5376e3a2874542d8b440faa899e52b97,33.550700172781944,412020,-1,54,30
1412,64534e97d83d450ea2481cd290bfa353,36.93842887878418,422459,-1,53,29
1413,4c8a92a8f97844a7977b03a414fcd8a2,29.073264449834824,436159,-1,52,29
1414,b6060b7c1f5c4ab3b69718904ef68701,37.59879618883133,453244,-1,49,28
1415,4f2578e3107f4ad79f88a61b28893916,33.873097971081734,455847,-1,48,27
1416,85f85a515fdb490082530ecff0eb529d,34.883905202150345,450780,-1,46,26
1417,04720abe20094543bec51f2a0e0ff6a1,28.756987303495407,439612,-1,43,23
1418,d58ef648436446b59653b0c805451f1e,30.66232055425644,419017,-1,41,23
1419,c15223452559436a995d74245e0cc39b,39.089297875761986,432972,-1,43,25
1420,9709a4b7190f4e7a8f6edcd05316b811,29.87142838537693,416180,-1,44,24
1421,34875eefe5f943d38f5495664ff53bb0,30.10164387524128,426260,-1,45,24
1422,3d827c0fa2a5480f91c019a5839ad07f,37.08421625196934,427766,-1,43,22
1423,4207bb5acb624c199bee66bf8bc73d0e,34.962233155965805,375004,-1,41,21
1424,e9eb134c214948ba90dd16ac5856244f,35.3504940867424,389316,-1,40,20
1425,f3491dccffc3428aac243872cbfe5072,31.0351625084877,380654,-1,38,19
1426,43ec12dec5924e3391c8d1ae4b7ddf7e,36.48756258189678,381546,-1,36,18
1427,0228b4e5617c49ec8ac0b433fd1c80ba,34.31674465537071,377726,-1,31,15
1428,8d56b71c09c04ece827107b3c103498f,36.92665696144104,369169,-1,41,8
1429,d737436932b14faaab01d8f80d3caf1d,31.371427699923515,393276,-1,54,9
1430,ec718fc75e8148c0afc3aabbcdac9ff5,32.05341659486294,367362,-1,61,10
1431,e59d473a2d8244d49f874c2e139d0362,39.83493521809578,384977,-1,68,11
1432,dc3e689ebb54483d9794ac6164de1646,28.87614071369171,387965,-1,73,11
1433,f644a6fcf700456db690440944fbe3d2,33.36003050208092,379442,-1,80,9
1434,77d0e39819774014a8344a6d482edd2d,30.33069334924221,352658,-1,82,9
1435,135bf33890ba4ca2984a931444923eda,33.12942571938038,346716,-1,82,8
1436,7d89f1b76a494872898db431e958d153,31.726228073239326,341434,-1,87,8
1437,cef8438abb7d46a2b08f0e1787364bca,36.65253147482872,343240,-1,93,8
1438,70189da84ffc4c839decca4e41777135,32.408272847533226,356559,-1,98,8
1439,d0cc76c904c542b39553f012e4791ef0,42.04554483294487,343946,-1,102,6
1440,6a01e06e2d684e48b59aac7eddf08f0f,33.50258804857731,334025,-1,97,5
1441,627e704445a44e158f8bd7566d764de3,29.469650238752365,323412,-1,101,5
1442,113bdf9278314c72b7f8988a67f0dff9,28.391705825924873,328892,-1,100,5
1443,43d141efa6e3497488b3e705abdeba6d,34.266147762537,363193,-1,103,4
1444,9441883a38584e2da507d89224c1358a,31.062645837664604,347552,-1,98,3
1445,5d773ca713f54023b34cd4718a5ee293,34.232936799526215,340350,-1,96,1
1446,0c223ae827e44e55a13833ca984ca4c3,34.7901564091444,338387,-1,96,1
1447,a0d6bf47e19e4503a03522e9a025792f,29.996534809470177,353812,-1,95,1
1448,49ea7c2d93f3483d91f083cac4964885,36.60239651799202,326970,-1,92,0
1449,6a467240b14745cd8ab11701bd4f08d3,30.97395785152912,341126,-1,91,0
1450,f2cec7af043c47fb9b039cb02d0c0885,33.49476307630539,321632,-1,91,0
1451,881f8db01fc649c5b7a1fda8db95d4b8,45.79502157866955,337763,-1,92,0
1452,9d2797d705214019a87cb95bfbfd8559,33.02916698157787,333508,-1,91,0
1453,c3c95f1b08e14207b2f83f3d992db7c8,41.486892849206924,302889,-1,95,0
1454,392281ad20b845ac94e29000da3c5026,34.176310524344444,328224,-1,95,0
1455,20d02a3110fb47348e175a61ad157875,36.1175537109375,321614,-1,90,0
1456,f388949b408541ccb23bbd460af1b9a7,36.83833219110966,338743,-1,96,0
1457,f144de57463a4699871e7ef0e75dec52,32.47997909784317,338382,-1,97,0
1458,d948e055e4e24a539b84b3880bcfe772,34.246042370796204,324678,-1,95,0
1459,31544f5b29294f42a2d75cf8d0a07857,37.61873580515385,340686,-1,98,0
1460,aa0a917a785d453cb7803ddd67c2fc9b,30.65073862671852,344103,-1,91,0
1461,2ddec9d9e7a94e099b2a8e698b60e82b,29.53742817044258,339166,-1,89,0
1462,9c763119cef842a9b027b3e2ce4b71f1,29.137583449482918,347100,-1,83,0
1463,9901bc499cd84de788240b468a950879,33.09459984302521,339348,-1,83,0
1464,1eecdb7bda554115a6161c16d4fb3782,29.211843386292458,358345,-1,77,0
1465,0490bd92372a4a2d98c7136ba6ebcfce,37.2735932469368,349500,-1,71,0
1466,b38a121a8c4549a69abe0fdeff766bba,36.877915263175964,350309,-1,60,0
1467,04ebf63518914e0883bdffdb0b6c3f4c,34.42840464413166,343775,-1,80,2
1468,99cd0464cb684d94970b3a01f53ece23,39.798688143491745,340399,-1,85,3
1469,22dab782087e453c9281a752f2189c5a,28.80970388650894,351080,-1,90,4
1470,5e10fe792690427ebf26e32eba6281dd,32.850107178092,327188,-1,94,4
1471,cd6b9c4674704ef6877790b0f0f95118,34.062404185533524,349584,-1,97,5
1472,3865cf60faba423283e6f9057eafbfac,35.17617471516132,358918,-1,103,5
1473,830cac6f99a749d0bf708f8db07e4808,37.365566939115524,363632,-1,103,7
1474,ff5533eda7bd4589882a70f15d3c0e0a,32.43148699402809,354188,-1,108,8
1475,06db60bb02bb407bae46b9279c300141,35.28345935046673,330987,-1,106,8
1476,a7ef3c78cb2c44a99d7286763815dc2a,33.212171867489815,343474,-1,105,8
1477,01bbf47bcb1c44ab8ae4fedd8a0e0520,30.404232442378998,345114,-1,103,8
1478,66317c99b4524905bfb5cd70dac8932a,29.46547232568264,360659,-1,101,8
1479,ab806497110f4c1a98c1afade677a8ea,38.856908679008484,345582,-1,92,8
1480,ae239c877672435abcdd6b538ab68b37,31.292248517274857,372297,-1,91,8
1481,53f457e6ff1c4a3eba3839fe03284d86,38.05121034383774,383810,-1,96,8
1482,277ab77dca7f48eb818a8964db956b23,29.50827218592167,431698,-1,95,8
1483,ea8c4861b69d47fb97c204ae450369ce,36.506807431578636,429176,-1,92,9
1484,2407ae77aea14b3390082b2eef09b1ad,41.574107483029366,438981,-1,76,8
1485,51acaadfd72a45e18cdcfaa04398c477,36.44804656505585,434472,-1,73,7
1486,ec97abd93d564699a1da061a0c4c707a,31.648220494389534,416148,-1,73,8
1487,42bcae21690d4c27b3a0250c65d4dfbf,29.70057539641857,411378,-1,73,8
1488,701105242dac4e1ab8716b6f85896a9a,30.72955831885338,382794,-1,74,8
1489,94d3fc9d266743588dca2efc73d9fbce,31.08343295753002,368987,-1,69,6
1490,5a88a123c7674dd3a6d800e80b1598b2,30.033230781555176,357593,-1,62,6
1491,16a1238aae1e4ed68ed53ab18eb862ea,41.66585020720959,358584,-1,55,3
1492,6f6010108c3541bca021e4b8f6c68caf,33.35665538907051,339899,-1,54,3
1493,7dcd4a2e50d442d0b400ff82a96af263,29.61445227265358,328971,-1,55,3
1494,7cfef11e34da4f469f0c17178908379d,31.102558597922325,335259,-1,53,3
1495,8255767d23a3456d861591793f5df935,29.698804020881653,321070,-1,52,3
1496,16333de9bc924f1b9f893c6285077c6c,29.352368786931038,334706,-1,53,3
1497,a8cef1a65463495c89787bda79bd0e8e,33.53746421635151,331631,-1,55,3
1498,fd1751275e654f459c2f633b1212bd41,29.889432713389397,341542,-1,56,5
1499,b9b1530598a34cac9cde45d3cc6a5429,38.69967348873615,361912,-1,56,5
1500,b988f7f03263462d94d39a722dc820ca,41.09036549925804,344389,-1,56,5
1501,77a603db4aa247329c0a1aae2a46d18f,39.46620039641857,355824,-1,57,5
1502,e333147a745b4edb91c01a0c06309f9f,29.94753047823906,354861,-1,57,5
1503,e884c9e0f2414843a89451f7ce015f49,33.62465091049671,348052,-1,55,5
1504,6b34f819cc564c1783f63d88ccf60e07,43.291838839650154,344466,-1,55,4
1505,f510104ab7344de79f2daad23e3b6af1,29.871148988604546,367857,-1,54,4
1506,b4ee26d84a884b6fb2b47dd16f612a66,29.5569971203804,369262,-1,52,3
1507,ad8905836f364a87a7233eb0aef915ea,28.866412118077278,356337,-1,57,6
1508,7981b28d102547d09ceb7469faeda088,35.22191196680069,356164,-1,56,6
1509,5ab01f7610a24878894087740852f716,30.739687383174896,360666,-1,56,6
1510,82605117b0e642168d96e48f5d5e3147,35.76904349029064,367885,-1,56,6
1511,4d4ba963c97e44678faa54ba4895a066,30.232058838009834,360879,-1,52,6
1512,9a8659f4a28e4afe943fc93b2148437d,35.894401371479034,337783,-1,52,8
1513,ca7db2bbb0c0413e80a942a0e3ff3773,27.890099212527275,325471,-1,53,8
1514,49f1b7a6ca754bcba3cebd40105d804d,29.29256483912468,348459,-1,52,8
1515,6a1602032a0449e9a15300faafe36c47,36.017876118421555,309579,-1,51,9
1516,9c9f22a58fdc45f2b8a119cda3554f1f,52.868427708745,338538,-1,53,9
1517,05e312eae68c454c86cea669ee26ced1,36.2817645072937,340642,-1,52,9
1518,84c24cd1d7914f72bb2fa17a6c5c41e5,30.880562961101532,354101,-1,51,9
1519,4ca5fbe7d222477da81019f6f1bbc004,44.41464506089687,345416,-1,50,9
1520,e8bdfe0cd07e443983dd9574a28ff052,33.162595704197884,356842,-1,50,9
1521,f06ba08d5dab4f7bb4523d369a769fc2,32.09302760660648,373944,-1,49,9
1522,3212edb0603244e89934a93c5cbc1bd3,29.533851891756058,358801,-1,49,9
1523,9fd3b3fb914d42c9a41ae1cfdb712c10,33.334098756313324,329965,-1,47,8
1524,88c395f034714bac91e39650b6c8476b,30.52513301372528,362504,-1,45,7
1525,ed4ab567cccb41848a4800223d46a71e,37.15964779257774,324030,-1,41,7
1526,95be92f4ae2f41cbb460e84b2665ad9f,36.05387173593044,335787,-1,35,5
1527,9578a444b9294e68bc29d1380abbff49,34.940650686621666,346503,-1,34,4
1528,2000b45e38be453386b6b65c7f310810,37.60012052953243,312848,-1,34,2
1529,2d4012e701194ca6a79709cfbfb6bb93,40.329426527023315,330024,-1,31,2
1530,d2304980faca4c3eae8ec846962d9cac,35.44527292251587,321353,-1,26,0
1531,3fa862e6d584466ab55bc7f9756294c4,33.46692398190498,320125,-1,25,1
1532,0edf95e4da554301b3f8103eb85961ab,35.316819325089455,356430,-1,20,1
1533,a6d48d66de814c4cae095613b5ebfe0f,29.697449877858162,358095,-1,21,1
1534,bb228f1f38484616b591ec833f9a2e76,31.010456383228302,364760,-1,19,1
1535,90a76bbbe58d4c76beed59cc12dc378b,33.28705206513405,358556,-1,20,2
1536,efd5303be8db46169c61670a5f16af2e,30.994947999715805,365241,-1,21,2
1537,8f0808f02e6f4e30915c719e16fcc8b6,39.35634158551693,348407,-1,23,2
1538,c801d6facd9448ff8f82e4099afff661,31.697222962975502,353520,-1,24,2
1539,6bdd8aca8e1142eca705815657551092,37.60002925992012,362096,-1,25,2
1540,5d6dc0be4bc645b396e714c7ba65e48a,31.402356922626495,368775,-1,24,2
1541,adaf88dea3a543999a80c876f3d2cd11,32.56395645439625,368101,-1,23,1
1542,f1d0227607bb44878de81446034d7072,29.954595491290092,366686,-1,22,1
1543,51eebb8043b844fa91ab2a70361882fc,33.56468304991722,392310,-1,25,1
1544,d21cfbfa6fd64323a6880d66a4452020,33.502157777547836,404385,-1,24,1
1545,353045dd55ba445ca3a6dffb746f306e,37.635477259755135,395483,-1,26,1
1546,1ed7231fca1748c3b697f29af4d9bc76,32.95250982046127,394917,-1,30,1
1547,339ead96177c4e338fde8235c188cfaa,44.16625760495663,334608,-1,46,8
1548,e3f82cd4e586448c98105270a72938a1,37.597816437482834,346330,-1,46,10
1549,ed00e1196ea74e0795313afc75d39dcf,43.802060186862946,345546,-1,48,10
1550,f5b3786fe6734f288e15a434c6dafbc9,39.57849182188511,346516,-1,47,11
1551,3203d9abb16544eaa3633b5235026e5b,32.225098460912704,329118,-1,49,13
1552,ac36a8528a9d419a898b46731b638978,33.44424068927765,328826,-1,51,14
1553,72c604b557dc4a22843df9083359d696,34.96858477592468,323426,-1,52,14
1554,a3038b1605344cad9343f34733768319,29.974572360515594,310472,-1,52,14
1555,220d9d5837dc4b4797c5e9ddfd34fa2f,34.18244980275631,334046,-1,58,16
1556,d96d796d308546eda47d7e3c50c11b8b,30.483443289995193,343683,-1,59,17
1557,b6e313eb6953481594bae8fb1be7751f,31.58539906144142,347272,-1,58,17
1558,3c61eda50f694585bac0614e4660eca1,40.19705764949322,337625,-1,58,17
1559,56918c22ccc740f48eb2112ccde344c7,33.849284052848816,353225,-1,59,17
1560,04cf60d1c1864314a88648fb0959a142,32.92497806251049,360456,-1,57,16
1561,151d7b90415e45768947c3ddfbcd400f,32.6961874961853,362544,-1,57,16
1562,fcc71bcf364f4ec788608ed7d2d59467,36.377184092998505,361284,-1,58,17
1563,4aa6b088a8ed4f2ebc26e7026d441d34,31.329017132520676,357421,-1,57,16
1564,e9dee57addc44ab391d5f9f0f9d64488,30.962979421019554,358148,-1,58,17
1565,4c0d754392d242679064511cd77f8ad3,35.68641655147076,361700,-1,58,17
1566,be8d80abd39640f3855c62885d2130ff,31.759001314640045,336695,-1,58,17
1567,22dcaf42d89647e4886652573c2f70a0,34.22359749674797,363775,-1,58,17
1568,ccd733959138440885578f1afeaaa4a7,34.85874831676483,373383,-1,57,16
1569,1a9c83c482c84c9e874e21aab1820190,32.355375587940216,355819,-1,58,16
1570,9ae2f0e4335246f9a1ac3e274d363a6b,31.033720821142197,353916,-1,59,16
1571,d504f7d211994a1caca2a752c303596a,39.91018794476986,353407,-1,62,16
1572,049dbeaf7e564c0d9fde9c76f0e038b2,30.487187206745148,340568,-1,60,17
1573,2ae3fe8215f948d1b61900c805c91ede,29.804039746522903,344812,-1,62,17
1574,ea76cd58df7c456fa7ac6d782c7cfbd0,31.083054840564728,345697,-1,64,17
1575,9e24321bb09543faabbf39ce2648d13a,37.12187707424164,326543,-1,62,16
1576,36cc659c3aba45e8a1128c22bc0f91ff,30.671807006001472,335720,-1,58,14
1577,a42f9468a2d54dd786875764ec2d3496,29.979700222611427,338007,-1,55,14
1578,3b63e8f8098e4e049dcff5532a349c18,29.205823317170143,329011,-1,50,12
1579,0141260a339d4b37addb55818bbae718,37.2429545968771,353231,-1,48,10
1580,c89c96c3b3234df3a0dd098d7f24f518,36.39446385204792,341207,-1,46,8
1581,0e62201c3a3d4da289925f1c2b0fb94f,30.069584026932716,291624,-1,40,5
1582,e3abe5d16fc64de797f8dfdc468a8cfa,29.579248279333115,346221,-1,39,4
1583,a295a63b9748438399bde0551aea5da9,30.961336567997932,376122,-1,39,4
1584,efb40ffbe4114a2d92a1b4f3e44affda,31.326301395893097,401280,-1,39,4
1585,8d2cb1af003e4f009f779d79cfbe27b2,30.863068997859955,385476,-1,34,3
1586,4d0d06979c984a72bfb9e6c5e3a35f84,32.01448172330856,370362,-1,38,5
1587,2f66ecc47ea444a382fe2fdd0b72bfbe,33.593231812119484,320364,-1,40,6
1588,4b5202b4625f48799812af5d212e68a4,39.23315927386284,295779,-1,39,7
1589,337b3416809642ddae453ed60595cf5b,35.28882935643196,306901,-1,40,7
1590,b38d8cf878e54d3a8f025af620fa2f97,25.61572939157486,357329,-1,40,8
1591,d71c3cf6e5184dab8100dd12a7205d43,29.938954859972,390496,-1,37,7
1592,e3831bdcf3024b5eb47f2684694f8504,39.73623923957348,354316,-1,37,7
1593,fad35ef9ea5445cea6b6488e5435b9a7,30.273307114839554,337960,-1,39,7
1594,dc01868069094fb68ff4b7b5f38f37ac,32.68291987478733,334734,-1,36,6
1595,1183d8d6cbc84ad4b5a6d1e7a88e1bef,36.25592403113842,338716,-1,36,6
1596,03f6a362b0774343b475ec45be465a87,57.47748166322708,327063,-1,37,7
1597,fe6cb26795a641bb96d5fada8f535b1c,36.657240241765976,327369,-1,41,8
1598,aa7788b50c4f4147a029b32bb407e87c,35.278281196951866,320566,-1,38,7
1599,318d1d9419e74d52a15f07e9fd14f4ba,37.71164081990719,324583,-1,38,7
1600,3ed3c3b3ff7b447a8395949963fddca7,41.01395979523659,332582,-1,38,7
1601,58472a3476754fb5ab1f0e0a9d9e5408,42.77151636779308,332751,-1,38,7
1602,ddec5b390999402ebe6b59d8119543bb,30.35459853708744,321620,-1,46,8
1603,4723346fc05c40478a04e6331dc5bd58,30.56143969297409,316834,-1,45,6
1604,b125762977ad472daebf8a989f653b49,31.31156601011753,351269,-1,48,7
1605,ecc7ca4626144d729a463f92d9379ff4,30.031057074666023,353882,-1,55,7
1606,494438a3d3b346999f23e5dbc1f201bb,35.955095663666725,365585,-1,59,6
1607,cb41477fed2340119045080e131e971f,35.02551279962063,360873,-1,60,5
1608,c42868f6a88b4f0db5e64d3b206977df,31.066352501511574,375884,-1,62,4
1609,3065a32165974e269345cf9d08578cce,30.74580803513527,384620,-1,65,4
1610,e47ae59682f540af83fc19cf625899c0,31.416503712534904,377813,-1,68,4
1611,3b5b12f948e64b729a1041ad4016f194,29.926881194114685,370028,-1,71,4
1612,5a9cb38d50ba4282b6f26249a06ed700,30.682358890771866,363455,-1,69,5
1613,02fa71fc16d449c382c24b1b7deef3ba,34.50389765202999,337359,-1,69,5
1614,f4ee84975f4448c49532330e9efd9749,46.85877822339535,314513,-1,66,6
1615,2e137fee62e241aca2966876af1e201f,34.06115248799324,288706,-1,64,6
1616,8855fe65f4964e3e857cc84222b54d66,32.08868205547333,303281,-1,63,8
1617,49c0071f7edc432b891c53d6c5d4bdae,36.25250607728958,316118,-1,65,9
1618,9f4eea927ef549e19872cf4afd8990f5,29.76994588971138,313432,-1,66,10
1619,d5fc40696a104448993f0ac24c29032d,34.57795828580856,329346,-1,63,10
1620,f41444b8ff1f4d3898f1cbbd6bddd99f,37.53841482102871,303315,-1,54,10
1621,92eb4f29f5c7465fa7331dd289f09db9,28.555123135447502,287094,-1,51,10
1622,6fa14caf18644b2ea65bbf35502ef860,29.500968754291534,247851,-1,52,11
1623,c203f9ea49814408adc70881944e6d1e,29.772702604532242,242028,-1,46,10
1624,4e4cc533a39b48b49e9535e95f3b7167,31.78098052740097,317293,-1,41,9
1625,daf998de0f354de4850f63d06a79d2b5,28.95619161427021,333229,-1,40,9
1626,80c91574d0174206a74435200aba8ba8,34.13747623562813,380758,-1,22,3
1627,69d6788855054c9c98a508fc3afd4515,39.733756333589554,348721,-1,27,5
1628,000868a72138448191b4092f75ed7776,30.196350067853928,359064,-1,26,5
1629,783ff0de60574dbcb9ba4773fcbb10e2,36.44218482077122,376063,-1,25,5
1630,ae99f920a69243f48718491110582d6e,40.372369810938835,343802,-1,27,6
1631,76c845595338445bb73dcdb37eaa04e4,36.62401624023914,356799,-1,27,6
1632,4e50f9842b0745b7a969d46d1ef61143,28.241541236639023,372177,-1,27,6
1633,946040cd49c64a8f9e58d32175b9936f,28.963062912225723,377321,-1,35,6
1634,25a862fb3f4b4193a4f64d5051eebc19,34.876301884651184,368294,-1,40,6
1635,29264103ba0544269fb5fa858b13c967,32.69210830330849,392551,-1,40,6
1636,d15bdc1730e54d4aa57f24f160279c4c,32.02563151717186,413516,-1,42,6
1637,d968a5eaaae446f6848302351550dd71,38.01745921373367,419975,-1,47,7
1638,eda44beb548b46c9b5fcda5794cab0ab,29.02095392346382,428590,-1,45,6
1639,14211c38e68d4943869764ff48b6c735,32.923975959420204,447306,-1,47,6
1640,48d75ea2edd5402fadd17321c07af99e,32.51911327242851,448948,-1,43,6
1641,f809c8838a2f44a58dd0ffc76329e430,28.407704085111618,439544,-1,38,6
1642,210e97b9404e433abf8cd271278b9f38,30.726071447134018,429509,-1,35,6
1643,65cda5e5171247e9a7a18afc9a8447d5,36.53542138636112,437430,-1,34,6
1644,70ad915cfc344423b3a48003cc7fa223,34.14434753358364,420262,-1,27,5
1645,77673232b11a4e85acc28a1a5bb1c289,38.08886185288429,425356,-1,25,5
1646,5697c1f2afd9450c965500e989819d69,29.7887921333313,431017,-1,25,5
1647,7a4691919fd44e7e9695cd367bcad6cb,29.378145933151245,449034,-1,22,5
1648,befb06465a7f4b0793dcaa467854a6dc,29.588524252176285,436726,-1,21,5
1649,55318b9eaf1c4633aff259d87b1bd334,39.80474732816219,405546,-1,24,5
1650,9f184af29f1a48cfb0f33ed7788925be,52.02017351984978,390904,-1,27,5
1651,0ebd7d84007c47c6ba92625f93f0f3c1,43.64380054175854,410839,-1,27,3
1652,82505189b90a43dab7a3f77131cfea67,36.24902851879597,411098,-1,28,3
1653,47ef14127cae442f804d140ab0d33246,32.88140706717968,419982,-1,28,2
1654,3511eec3e52940aaaa964b145ed5dbc7,38.5593194514513,392161,-1,30,2
1655,e0a1a4a516cc4802aef8f376903d812c,30.139343813061714,378827,-1,30,2
1656,d9e2096706904142955c3e37878356b7,37.829771637916565,417161,-1,31,2
1657,7f7fc8127993448a873bf72886a77a37,30.487872660160065,424377,-1,32,2
1658,d6c233c225ac4292ad903829c6acc3a2,29.304809868335724,404941,-1,32,2
1659,355be35606a1455e83b171ce89822e54,34.913500770926476,399467,-1,32,2
1660,cbfdfa1a34184ff895e94ae3ec7928bd,32.15952590107918,383090,-1,31,2
1661,f5402402488241e18b6485fc79d02722,30.354579910635948,388297,-1,33,2
1662,dc75bab3f7164bfeb399c768fde0f620,48.386350274086,386104,-1,30,2
1663,1e8243d75efb4224b030c1b62d5d4ff1,35.669367760419846,325808,-1,28,2
1664,bd08b6c8ca814798bc6e62220b14ab0c,36.72288544476032,375411,-1,25,1
1665,741bbef66bca4f969a3d114ea0236f54,40.714506059885025,379501,-1,19,1
1666,fd8420396768425eabec9bdddf7e64b6,39.700644090771675,327850,-1,37,9
1667,6eb8a3ff0abf4f3a9380a48f2a0b87ef,31.51336871087551,332495,-1,38,10
1668,b10f0cd792b64d16a1a5e8349b20504c,37.04116679728031,334193,-1,40,11
1669,163b70e627854893b88575caf85a56ea,35.995712503790855,340415,-1,41,11
1670,f56a544064a548a39a81f18cc8f633c5,36.346785724163055,332440,-1,42,11
1671,f286cdaef36648cba3b6a24d2178dc8a,36.235153675079346,332331,-1,42,11
1672,877f55a6d8324fefb5e0f5e0bac3d7c1,32.018279656767845,333865,-1,42,11
1673,49f8376cd6b34f07b20ed6d5b5b42acd,35.14171205461025,326992,-1,44,11
1674,cc50000970584ba5aaf14760b1ced696,34.26162153482437,339455,-1,43,10
1675,21b99febc5c14f7385e787fe81e96670,31.309202313423157,310130,-1,44,10
1676,cd908fdce67249f3a8a14b987f00592e,35.64506210386753,288994,-1,45,10
1677,6b9af38cbf654171870cb14b4ae89fd6,46.51828669011593,289783,-1,46,10
1678,a0edf6edd121431785948038c54e036e,33.925166353583336,295482,-1,46,10
1679,9281ea172d9e43528e65fca81e2006d4,33.302512019872665,310307,-1,46,10
1680,6180726fc8744ea2b129ebaad6f79cee,33.168818801641464,302672,-1,45,10
1681,1ac0914c98b8488cb3521efeba354496,30.726131051778793,313864,-1,46,12
1682,2f5de0aeca704127925cf8490ff5a21d,35.25894321501255,308489,-1,46,12
1683,e4df3ac5874d49b7a3553035cd735902,37.347251549363136,306659,-1,46,12
1684,dc878ebb5b1e43eb9442d9361854613e,33.70303474366665,333859,-1,46,12
1685,e617edf72860495abd928aaf57dfa5fa,32.71909058094025,319305,-1,47,13
1686,7c0aa537b98344bea85226ba8148ae98,30.332498252391815,316010,-1,48,14
1687,02651ca22b08484294d473d9c26cd9af,30.662087723612785,318961,-1,48,14
1688,37b3d16060b442d5b6175cbebefd09a7,30.800621956586838,307743,-1,48,14
1689,9c75ddb5976343c3b7b33e8148d3eeb0,31.046252697706223,293073,-1,49,14
1690,5e4e25f87ec84942ac459a55fe064330,35.63487343490124,289610,-1,49,14
1691,c1ab33c3994041ceae32b0fe1b51e611,30.86676634848118,307920,-1,50,14
1692,23dc1b528c734082b8b3bfd9757f0eb3,47.86285199224949,291359,-1,51,15
1693,3064a6b9b3f04e5d8e51eefb4be8506a,29.886355623602867,284650,-1,51,15
1694,1c8ec6c1dd614d3fb8b8849dc8756a9a,29.431939125061035,270292,-1,49,15
1695,57a79294b87e4b55a7bcf58f7f8c6326,32.5130820274353,269295,-1,48,16
1696,3be45164a35e465cbfbc3c20ef060718,36.72623075544834,245527,-1,47,16
1697,7d1d71e3ce5745f7b49b9c2e5991a45b,29.578225687146187,261611,-1,46,16
1698,77f6617716654cfb8e313f0cd69e04a6,29.332352802157402,243050,-1,46,16
1699,08254b97198045d98009af51d144d147,30.24033084511757,265826,-1,44,16
1700,1b5a6659994e466991ba17e9998fc05e,32.45185501873493,278351,-1,41,16
1701,b214d0d42c404d4f925aa56ee9cac607,28.868837282061577,280625,-1,45,17
1702,fd96de719c3a4ca3869bf96166095368,36.46267391741276,286905,-1,45,17
1703,d41e43b5f85b4c8298180efc246d529e,30.201351270079613,297383,-1,43,17
1704,df87d08ce3644995bc7ad5721a725899,43.63000579178333,295035,-1,34,13
1705,20684b77c01641e7a5ada48308a0b1e1,38.342321291565895,296365,-1,25,9
1706,418cbb70159341c1ada4f3ba1fb69713,30.563130974769592,380410,-1,47,11
1707,1a89f57231644ef9a941a51bc4322bdd,32.33742713928223,389441,-1,52,12
1708,25a777903d554457b6e4e5e437f21125,41.996924206614494,373246,-1,55,13
1709,92bf51f4b2c447b5a8e068e25cf1f980,31.558752059936523,374069,-1,58,15
1710,66acf00fb96648bd8d7493be238ecc8d,37.47325949370861,375109,-1,61,16
1711,a893b19c605e41f8b9f625cd5d968960,35.791678354144096,368098,-1,61,16
1712,96d621f9ae4d44f0bf45688877a2d8fc,29.744388535618782,368908,-1,61,16
1713,9c1fc0d8c93b4a8584cc4f41d2863667,39.045706391334534,354234,-1,61,16
1714,8010cad5488d4f449a45b8ba24f97fb3,35.29232367873192,347466,-1,61,15
1715,b416110f0fcc4aeaad2c3ea13ff0f519,29.32792529463768,345405,-1,61,15
1716,88918bab1cb841f3a0fbb92a1110fc47,39.62583281099796,353318,-1,61,15
1717,eb9d7bc242d14e92a46c1037126cb204,34.926434978842735,338868,-1,61,15
1718,1b9f1ac3f22b410ab8d5252ebddd78d7,35.01552529633045,342193,-1,62,17
1719,e79bf81d98084e178032acbcdd9cb909,33.391257748007774,327430,-1,64,18
1720,780457151a8a4d3a83b09dd1c7e9403b,32.94230066239834,339295,-1,66,18
1721,60321e7996b64926bfb9afd9c53b4170,34.99168902635574,339504,-1,65,18
1722,0799844f6afa4ac1840181d0c8b26f08,34.47823040187359,334967,-1,65,18
1723,6489d3f46b87471086ba9c5c1ef9266b,37.50391863286495,336983,-1,65,18
1724,abc3bcd0053842e482d2296fc55cc405,38.70154730975628,339135,-1,65,18
1725,76919271ab6d402b908a31648191a5a4,42.654404416680336,339131,-1,65,18
1726,a1914259fc2542dbaf82def95b83f9d5,30.201803892850876,343091,-1,65,18
1727,586d6516ca7e4c528a6a59eb470e17a8,39.643123745918274,337611,-1,65,18
1728,113f0ef12c2d455ebd676580a8bb9d57,45.090679079294205,337037,-1,65,18
1729,f5fa686f58434bb3b199e4d87be19261,31.186386942863464,334772,-1,65,18
1730,4e39dbe32cc443a4bfd5fb620628472c,30.507346615195274,357830,-1,65,17
1731,18e40c605a454373ad2074ec5429745c,29.95949238538742,350275,-1,63,16
1732,2ee49140790544d8b01f52813ba9444c,38.132624700665474,351204,-1,63,16
1733,1fde5dec10c4471d97b84c10742a01b5,34.523675218224525,348930,-1,64,16
1734,64b2cd57232f4358992168b0952c9e15,37.64861077070236,345728,-1,66,18
1735,62fda3b441504bb69459b4d413dd239e,42.06675663590431,338669,-1,66,18
1736,a684d7f8873c40a1aef81b519339e1a4,33.91646780073643,344733,-1,66,18
1737,c95a25401bd845719d68ea6771a30788,44.09046657383442,338007,-1,66,18
1738,c277f8cfa79f44d184ae3e5e9e2a1f42,35.95600463449955,349147,-1,67,18
1739,23d04168ebfa4aabbd7ab5024c7f096f,35.577863454818726,350155,-1,66,18
1740,1e0daf978bb4479a81c170e2623b5952,40.00301472842693,353249,-1,65,18
1741,fe3e9f5a937641989dba37c2778909b7,29.145028442144394,349780,-1,65,18
1742,1055581a282140f69b2fcb6906629785,30.895452946424484,351410,-1,62,18
1743,c48c3dfec8b5454ab97303a00365a77b,33.66028890013695,350382,-1,62,18
1744,aa05cb2306d44741a5ca0230e8b307a9,32.66074135899544,340652,-1,62,18
1745,72faff2c0c1749869c925e55b30e7b78,33.07168371975422,353118,-1,60,18
1746,c525629d7b3749d8968b486bb5412adf,36.819035187363625,350304,-1,75,16
1747,273f8288e5bf48ef835a1b71839f95ff,32.540302723646164,349349,-1,80,17
1748,005d3e821c4e4e0ab03f1ea1dcbf9cc8,30.062727630138397,347485,-1,81,17
1749,f1a2b04d085842dfa616d66eb41f1dac,28.70328351855278,342989,-1,85,17
1750,14ab15e6c6fa4ac5a925b3b3d5057a69,30.212000012397766,338708,-1,85,17
1751,686d05b40a9c4e0787ad4d7d9a34b7e2,33.144934102892876,329439,-1,86,17
1752,8613eaa60fdb40e7b7564f4bd1a0a713,39.28626328706741,329710,-1,88,17
1753,c7b18ce7027c4cc3b2068fbf46860b3f,36.05857118964195,320563,-1,92,17
1754,ed00973ef2814a90b76417d73362c2ed,30.89488111436367,322199,-1,97,18
1755,c81a1a2b42f04905a14373fcb4842658,34.02097523212433,329462,-1,101,18
1756,f2b4bd49dd73457395591ff69ac90dec,30.514640733599663,305801,-1,106,18
1757,d8866c75f88a4dbaa461260b81409544,30.305104330182076,315187,-1,105,18
1758,80dda70f1eb04a0cabbbafe1318e4a88,33.57904404401779,320175,-1,107,18
1759,bd5f50d1b5ce496f9c86018e9681c854,40.13029299676418,337633,-1,110,19
1760,ece036de967b4e73bc8d76d60d2d6852,46.32013849914074,343849,-1,112,19
1761,a29623dd054b4177a9d98b83c0fd23bd,47.889912500977516,334795,-1,111,20
1762,319d9da83ce44598bb9514917fd8d0fe,39.3520463258028,306000,-1,115,21
1763,94126983bc0c4de89fb27cefb81f24ef,34.55350175499916,303269,-1,119,20
1764,68cc30fac5f043d09cf991e05c47c75e,29.610315337777138,277584,-1,119,20
1765,ad830c774eb7484a87fd2c776c570c2f,35.15916503965855,287035,-1,111,20
1766,7a80523f99c3434ba5f65a3ddad2b2ea,29.275715351104736,309264,-1,111,20
1767,699e94e9f1cc4dffa7c58c00fd3a740f,29.59020808339119,313010,-1,110,18
1768,1a5aaf6004d64cd889d07fad3210717a,29.365161433815956,329998,-1,101,18
1769,ecb02ec960ee419e93ba9b7ca097f39e,29.873672872781754,338716,-1,100,16
1770,1e4c26347efc4a52874cdce79c1e3560,31.981170177459717,345581,-1,98,16
1771,6f86c8245d654d66b0ea21fc3b86be8e,30.807051807641983,346822,-1,93,17
1772,645e0c2f9b724c5b95fe434930c2682a,32.49991871416569,348386,-1,94,16
1773,01176d20420b404ea52769d01ad61b0c,30.087515711784363,367018,-1,88,15
1774,d2d9f427368a4a5f87ee755944004705,31.34479746222496,347596,-1,76,13
1775,dbdccd9cbc164e7897ad372ea8d43bde,35.650620236992836,337493,-1,68,11
1776,c9efa9b7f6684fc08357f49151990ccd,29.498053714632988,374329,-1,62,15
1777,6648ade33185426ea5864cdf7e0f028c,33.98578800261021,402214,-1,55,11
1778,13ccb50e48444e128c76ca469117d676,27.856897562742233,435216,-1,49,11
1779,2314ea963c6f415fafe75d8e578be1d6,28.966039419174194,444863,-1,45,10
1780,39c9dbd0165243af98884b726f6cfd33,30.40863201022148,449709,-1,38,7
1781,920e1cc30e614027b343ce9829eef500,34.78616289794445,444357,-1,35,5
1782,716255464b314cfa9c5544d3e9011e08,28.148788958787918,397094,-1,35,5
1783,22545686b0f8403dacb13f9d2b6ffd94,29.653556644916534,356656,-1,33,5
1784,cbdb9a1e000b407392830452576cf1ee,34.402597695589066,327221,-1,23,3
1785,c35efe5eaf784275b8c7e31fb50aa902,34.26401503384113,295746,-1,3,2
1786,bbfbdfbb51634a7885c8c8aa5c7d3ada,29.151320457458496,296836,-1,3,2
1787,23fecfb4d87245d78c134c66b5f7ba26,46.837108209729195,293663,-1,3,2
1788,5a6a4091ef044f29919e180ded9f0ac9,37.04340010881424,294440,-1,3,2
1789,3f065eea5a9a43a9959e9304d6613472,28.856610879302025,293467,-1,4,2
1790,89bc1e54d10a47f8bbb13552df6fc114,35.678574815392494,292868,-1,4,2
1791,5bda3cb5fba04f078ed6559d6ad53ad2,34.09416414797306,295188,-1,4,2
1792,d05a95e0449b48b1a964849f3d7849f4,43.98992657661438,291211,-1,4,2
1793,4f678fa48380438fa73e79931cc86e45,28.833137825131416,289581,-1,4,2
1794,86b84392b77545d98db8135f590fd829,28.93427014350891,294216,-1,4,2
1795,bcba1b4aa79c4de0b93e7e729efde8ed,35.40879487991333,293366,-1,4,2
1796,0ed1a404c1fb4f7a87a30d3ee45f7f97,36.57100722193718,290743,-1,4,2
1797,88759370eff4419f9b3fd987b3035355,31.76659531891346,289794,-1,5,2
1798,51ce7845929f48568a0929e663b8b6e4,30.37990815937519,293049,-1,5,2
1799,d28733ecd5204cd28a17965a6bb72df8,36.2531878054142,290999,-1,6,2
1800,6c6c21246e5249edb225218c1e0cd1ce,34.76661443710327,286675,-1,6,2
1801,ae94b61493d74e4ab194621a930441bd,35.85915267467499,286240,-1,6,2
1802,f777d3dbcc5547bc8adbfa529ab4fa3c,30.12281283736229,285915,-1,6,2
1803,cd57d8203af0414d97e5987b2bed7259,31.923869624733925,288178,-1,6,2
1804,eb0fe3d48c3a430a92fb9a7dae1b2409,28.56113575398922,289266,-1,7,2
1805,b78469963c894087b7093a07df2b3fcc,29.037905856966972,285929,-1,7,2
1806,4e112424cadb4c508f24240f07da8a24,34.160301089286804,284142,-1,9,4
1807,5ad76231ff724caa85e151d89bc8770a,34.39507074654102,271104,-1,10,5
1808,9b6aa502f94d4a9c87f86360d0d2f45c,29.107123613357544,269622,-1,10,5
1809,02e898c7625f48c88379bafee924c290,34.7554013133049,272173,-1,10,5
1810,d4cc2c0085ee4242bd780d2e30f0a8b0,28.66184338927269,274430,-1,10,5
1811,d37198617cdd43daa8f0b5ad25bc2852,28.862973675131798,275024,-1,10,5
1812,bae1dbffebc641a99ba5f2eaf128bd98,31.29684552550316,298080,-1,10,5
1813,a62dd256787942f39fe7ce42fa130152,31.04543313384056,313031,-1,10,5
1814,64d019bf33ba4dcb9eca5e5ab2ef967e,37.23050281405449,298587,-1,9,5
1815,a4a9d61254d148fba35d53277b5246f8,45.670345425605774,288545,-1,9,5
1816,08beb6614eef4f7cbc320082a06d725d,36.56046837568283,288932,-1,9,5
1817,4abbb74395314826bf1f12d601b61800,30.50696849822998,268259,-1,9,5
1818,0af54713a83e4d54b852eb2239039136,31.790107488632202,275417,-1,9,5
1819,5e63770fc35945f1a6a7b1ecd2d9e459,27.802562341094017,268637,-1,9,5
1820,e6c01889665a4affaf5bbedf91b8f2d0,28.842715546488762,282808,-1,9,5
1821,0243c409f6504a7fb4a0a46051150f1b,38.184450939297676,284893,-1,9,5
1822,b6f68fbeb0184bff886f36e6bac5408a,28.92920933663845,290182,-1,9,5
1823,d51bc02e54794cf38c6ea68071c70de2,30.78487142920494,280562,-1,9,5
1824,06ff524a14914fb79aa7afe3af23a755,31.728602945804596,283665,-1,8,4
1825,269601cc1e4d45a3a36fbf291d45a447,32.52687677741051,357891,-1,50,1
1826,4ef689e811144b91bc3972cf5c9f24a7,40.27335159480572,363271,-1,52,1
1827,e6b62fb271c944cd9a7871b3972a8721,34.57023203372955,351675,-1,49,1
1828,edd33328448f40b49f0f7e1da07b9ca8,33.79477933049202,340965,-1,49,1
1829,7d47b2309e5f4eddac3ca1b82f16bba6,30.416175723075867,324086,-1,47,1
1830,0d03e6ff8bd54867b2fd69df2de63748,44.38860900700092,313200,-1,47,1
1831,1ae51c77dcb94e98b0349b2213b4b146,37.35063783824444,317583,-1,46,1
1832,42de34837ddf4633adc4aedf2e824c5e,31.010456383228302,317794,-1,45,1
1833,f087c45005124bc5a0ed2e8eb39892fe,30.3843654692173,344437,-1,47,1
1834,deb3daf1fd634c4b83a80182cabeef46,34.481896087527275,361925,-1,47,1
1835,3a58d50af7664817bbe31b231a5e17ae,37.99150884151459,362471,-1,47,1
1836,f70d94a083f3437e8fd693d8648b6587,38.13817724585533,353004,-1,43,1
1837,c61759978d3c4a799a1f91e2f98db722,31.07193298637867,339613,-1,41,1
1838,21272b5266a646fb92504d5eeebf11bc,31.54328092932701,352250,-1,40,1
1839,a11122da55ec4b27b580c23e8473e874,30.553877353668213,344421,-1,38,1
1840,63e40c4a678d4bf49031458d5ba6e01b,29.646674171090126,333525,-1,35,1
1841,c5e587ca7daf4f0db1f369a55a833f14,35.19531153142452,332276,-1,35,1
1842,953507dae9794a6da9229055585a371a,38.15176710486412,342428,-1,35,1
1843,c91a97e6c7fc40e995491ae7272db9ab,34.920474514365196,337032,-1,35,1
1844,1463c5e376a945f1950fce5247eb2953,29.687469825148582,338738,-1,35,1
1845,9f7efc90664f4c3f84ce0014bbeb3fde,35.84456816315651,310372,-1,33,1
1846,10a3ee039c4c482ab220e69c1e420031,30.669674277305603,291931,-1,30,1
1847,da52113f2bed429f9666830c6fe3f2b4,33.834826201200485,290792,-1,31,1
1848,15aade949000400ea701dbd79710f8f0,31.392056494951248,308554,-1,38,1
1849,305eabe98b6a445799cad8d843047cae,38.4625680744648,298066,-1,42,1
1850,2a8814846e6940cbac163a9974837204,29.223432764410973,319935,-1,43,1
1851,bbe3c0605629491ba2dc5eef6ff2d3d4,31.406695023179054,340232,-1,44,1
1852,ca6d6807f08a4a7b86f748820069eae7,29.011676087975502,354977,-1,43,1
1853,ba27f0e4ca2a40d88ef1d44d2ebdc9e4,27.941616252064705,374630,-1,43,1
1854,d2695a8237424836a115110981fa9e98,37.50190511345863,361523,-1,43,1
1855,b7efe50e943141a4b447b2995bb5a6e9,44.612932950258255,370777,-1,43,1
1856,108269b3def84196a54f082bcf5ea972,33.27075205743313,376123,-1,44,1
1857,f954522c65fe49208c969909442ca375,41.27493128180504,354062,-1,45,1
1858,ba53f1ae83484a8abb8f8777f7a073e2,35.02995893359184,348332,-1,41,1
1859,84c4e9822b544011b42d5dce27f19b95,32.01618418097496,337347,-1,45,1
1860,57e687deea9c413e85a3a923495b9bdc,34.51688401401043,338467,-1,45,1
1861,17769836674942518240fa777b091210,29.296383261680603,339498,-1,49,1
1862,9c3ecb17cd3145278b959c88fdbc12a1,45.32738775014877,336078,-1,44,1
1863,bda4f0fb063b43648614009183ddb205,45.10011896491051,344219,-1,37,1
1864,b98e65c90a7a445a907a3bb1467b551b,39.322277531027794,310894,-1,19,8
1865,b8625dc52082469babded72ca4f0f823,29.456844553351402,328180,-1,20,7
1866,54e8477902df471d8b43705b1a120f37,33.71558152139187,338855,-1,21,7
1867,d7e01a57f86548e2808351f913e21706,44.144706800580025,342645,-1,22,7
1868,7531f8e54ec6433b8c5f52eabbfec701,32.576100900769234,322056,-1,24,7
1869,0de7fa322bc7487c9d5073e234566032,28.63732911646366,316375,-1,22,7
1870,8998453f5b16454294476995463f32d6,27.51128375530243,307597,-1,22,7
1871,e259859ceada447494eb61a30a121ca0,35.288529470562935,290974,-1,21,6
1872,e3ea9ec04e084b96b497f4edc4024bfe,33.48798118531704,302177,-1,17,6
1873,bad735b92fba419ebd141e001451eb73,37.597425282001495,320391,-1,18,6
1874,c4a291f361bb4e84bba77b62db710b8e,29.486890882253647,307602,-1,17,5
1875,8135e2527da0405d9887a6a9b456586f,32.708268612623215,336064,-1,17,5
1876,ece0178703b54e2ebca795f26eed56a5,29.985863715410233,332334,-1,18,5
1877,c7c62f68bd0a45e9877829a30e36a62b,32.093990594148636,344633,-1,19,5
1878,91b4d539792443d6a3aff6f939477159,31.116899102926254,342489,-1,18,5
1879,141a69c7937849e59d9942e0eafc8be5,28.702041134238243,355624,-1,19,5
1880,142934bfdfef4609878a306af32fefa8,29.86561879515648,333718,-1,17,3
1881,db32a1f21a8b49989746a09ceab49905,32.80159458518028,331283,-1,17,2
1882,256938d7a50d45ce82c031a72f57d326,30.87269887328148,331046,-1,18,2
1883,fa9853c0f9bf414f8ccc9654ae9b0775,29.659338295459747,314038,-1,18,2
1884,81ddc3fd101e41d0931e7c87381ca697,32.45866671204567,332020,-1,18,2
1885,89f10c1e72e34cd1b8fd94dda57dbe0e,29.029671102762222,349970,-1,18,2
1886,c0118a0cdb484aa782b3bedc0cfaa757,40.74794054031372,354169,-1,18,2
1887,6323d1a186e7440084cd1a90e7ea610c,31.404567882418633,325902,-1,18,2
1888,e54e8d4a4e38433ead078b6644b4ce70,37.1767096221447,320572,-1,16,2
1889,3b195d69951a4207b2e0d0ad5e4411c7,35.78192740678787,297229,-1,16,2
1890,5001ffaf66384b63a0e51b5083a3bc30,31.727619469165802,285493,-1,15,1
1891,4c3a27cfaff14d6aba675b5f051efc39,36.89310513436794,283173,-1,15,1
1892,b027772a1e11420ea815686a03e356a1,40.387578308582306,279513,-1,15,1
1893,d5f7ce1b4817415bb884f5d970eda7be,39.235424250364304,283435,-1,15,1
1894,3725400736c64108b7888c90a91b64c8,32.78214856982231,301766,-1,14,0
1895,b3eab5cc4f404f19a5b89ea533605161,32.90596418082714,299534,-1,14,0
1896,ab857edfbfc94a369e6dce819fe16aec,29.24147993326187,292289,-1,14,0
1897,60d7dd6be0a34d54987cd8c567e07eda,29.388587921857834,298751,-1,14,0
1898,a3a83aabf393401697bc995d75363802,32.12244436144829,295964,-1,14,0
1899,ddcc64ec946847d5a8c502adcc11d3c5,33.181944862008095,294143,-1,14,0
1900,89c964f19d8240f9bf5d815120a9529b,38.169512525200844,290753,-1,14,0
1901,5d44dad07b0945f2b8b8c1082e650c46,32.502101734280586,295579,-1,14,0
1902,f51bc0dad84247818c349c797e285f20,38.12657296657562,285065,-1,14,0
1903,09361337f2bf4e819aac2a310481e62f,29.742084443569183,305789,-1,41,3
1904,05c9723974374ae8bb8dea4fdf4dac5f,35.39641201496124,303030,-1,42,3
1905,4e87276d0d1347a48550a74799631d6a,35.84069944918156,330133,-1,44,3
1906,cf936389418543b79f3e178e33d2934b,30.756868422031403,337122,-1,45,3
1907,72505908976e4fbe8addb92ed4dcd250,34.74164754152298,309823,-1,45,3
1908,6c9ad4d2b6084ccea4a7aff96cb9eef0,27.615994215011597,293195,-1,45,3
1909,5c7c23122dd94c70b8ab5528f27ba117,31.377587467432022,292772,-1,46,3
1910,f17eff26a49243a182f6843ff4f2d68d,36.47752106189728,311362,-1,47,3
1911,f666b893286a4511afd9c799841d427b,34.87336449325085,327465,-1,49,3
1912,5280125457214cad869cd0aaa4aba5f8,35.11485084891319,314712,-1,49,3
1913,c0ab12380dbd49d9aad1098df78e3800,29.560711234807968,294255,-1,49,3
1914,d6f57f68244a4136aa87ae54bf0aaef1,30.46693094074726,304149,-1,49,3
1915,8809e3930d5c4bfa88c2494ad3be72d9,32.715072855353355,303191,-1,49,3
1916,8d265c91cc944ba790c09e74d2811d08,35.01157648861408,300935,-1,49,3
1917,6eff23054ff6444eb949a80286c66bcc,30.384134501218796,288014,-1,50,3
1918,1d374f780d43407790ff6053b90f3716,29.97613698244095,282969,-1,51,3
1919,7461eb9987354c5db09f9203786b2324,29.89051304757595,279330,-1,52,3
1920,ddfc5088c6fe45e7a4b435875838119f,29.018457978963852,278880,-1,53,3
1921,716e5c98631a463a8aff6291bccdf4ae,31.91639482975006,281555,-1,54,3
1922,ddbf483cd9a34b7495867ad4e743dda8,36.14303097128868,291078,-1,55,3
1923,c762677107ea48979e06437ebc5c0c95,33.466048538684845,286946,-1,56,3
1924,bb0abb64c37b49058b885392c22d3b29,29.926413670182228,285354,-1,58,3
1925,18dfc351d10541f5bd12a9b434a4e771,35.78641824424267,306775,-1,56,1
1926,cd5b545ae3a84977b537cad727c55d3e,31.248286366462708,275846,-1,53,1
1927,58976dcd6bc449b4a23cadab4fb49646,39.182914420962334,262808,-1,53,1
1928,f2758f85e46f41fcb5375f13b498fd60,30.011512339115143,263712,-1,54,1
1929,4fc9bbe6198c4b8e837fd2ae0de6a4e2,26.19250863790512,240549,-1,57,1
1930,934013e218544a9c8b7d34297becce68,34.89016368985176,222918,-1,54,1
1931,501491486c9e46d6b30d01c7db5b4f32,45.12021690607071,218376,-1,54,1
1932,9489e07f0ebf455ca35819c3090818ad,34.53193977475166,214168,-1,53,1
1933,2629f4e9f2c843e18b1e29011654e6c8,34.77246314287186,222793,-1,50,1
1934,795dceace16443a2a3a793971435f58c,35.30590049922466,220727,-1,44,0
1935,b3105c6e9a3a4a30bddd24b48b111d78,43.017540127038956,230320,-1,42,0
1936,65dd7b1dddac43749bdf45eed19a279b,28.861213475465775,238293,-1,40,0
1937,f7b89f7f3cf545178bfa58cf334653ac,29.906416311860085,260874,-1,39,0
1938,b4a5b2fdb2ac4fe6a4b65ce2eb850c32,40.4321514070034,269951,-1,37,0
1939,15f9009a938b40a4b3c6ef83b55c19c2,28.791312128305435,311221,-1,38,0
1940,a5e717fe82f4463190f06759630fa3f3,30.170561745762825,302159,-1,36,0
1941,a18be1888ea5465eb6530ae4b1eb69d7,29.91289645433426,291697,-1,34,0
1942,097c7295f13a4746a2c46d036c21bd3e,31.288621947169304,338332,-1,49,10
1943,2bb5509e49344af9a6dd61dddab5a859,41.316792368888855,345545,-1,49,10
1944,b92ee1ed90c242d18bce9a8fdbbeb8d8,31.37114830315113,342269,-1,48,10
1945,c05110b8ec93423dbf2f39b916f16979,37.71854192018509,340511,-1,48,10
1946,8398a7b012a04b00a72951ce2792e9d6,29.04454618692398,344255,-1,48,10
1947,d11353f29481498487eef6a6661060a4,35.94376519322395,345591,-1,46,9
1948,4135ed4dd5fd46b486b5994b5736c0f6,36.97470761835575,345958,-1,49,10
1949,70ea11fab78d40d89ee2915fcc20bd9a,31.504228711128235,345446,-1,47,10
1950,b6354702127042f6b3a3ca6143296331,33.927299082279205,346215,-1,49,10
1951,e301e136efc44b5f89f8824f57d1d1b5,39.69410061836243,346515,-1,46,9
1952,fc992f0933a44ad2a8787d4eb50af15c,41.19903780519962,347695,-1,50,11
1953,255afd1fb1a34c9ebc1a577e49fbccd4,30.749795958399773,347122,-1,48,10
1954,fad2408ec620496882c5eac75d7226af,34.9234901368618,350197,-1,51,10
1955,cd46f5df303a4d60abd7e4447d344d4c,31.19494393467903,350864,-1,53,11
1956,ea5943fafc5646aab115dbe5c8d30631,32.942499965429306,353892,-1,53,12
1957,ad8a760fd8104effa036a20e260be50d,31.456470489501953,356800,-1,51,11
1958,74efe709d705423592fe052bbe3963cb,30.12513741850853,362624,-1,53,10
1959,1a69f00de8854f129d656b0f35d8ce97,30.209796503186226,362456,-1,53,13
1960,efb2d46049fd431f8b39b7c5149f9749,30.300287529826164,363662,-1,46,11
1961,ae16009cac6f4ff9ad4748088427c927,31.367650255560875,361065,-1,50,12
1962,e076002814294765abad22d58bdedbf4,31.64663538336754,360017,-1,48,12
1963,2081bd77ff3b4d69b1641d7d1425cde4,44.38697174191475,372441,-1,48,12
1964,d557b9adf90b44b0b128ceb13e23e386,30.017893761396408,375498,-1,48,10
1965,a7e83e3b5cd24948a58c93c66ba54d77,30.535811558365822,381314,-1,43,9
1966,8fa01e4bfb3a4eabbd59a5ef46185f2e,28.995003551244736,379096,-1,44,13
1967,5efe5833716e44e8b36d93d9c1144d5c,31.09164722263813,382929,-1,48,15
1968,e92d597382bd4a3c98b1a48908f85bdf,30.941376462578773,380058,-1,49,14
1969,1393101dcc194c64a63320e6f2d5acc4,30.33292666077614,386135,-1,48,12
1970,e2f07f5c5b964adfa922566c6bcc0d9c,30.065173283219337,386348,-1,50,11
1971,26f23947fce24749b747ab531507952d,37.32696361839771,387423,-1,45,8
1972,2152a1319102465a8f95673c8bf5dc95,33.14201533794403,387712,-1,48,10
1973,191374a2316d4e348b3d2f89057aa6aa,36.17093339562416,390415,-1,40,4
1974,db792f2f25d34cecb4ef462c2a4a8880,43.44566725194454,387983,-1,40,5
1975,87e52fd5dabd4c1fa075f42c0a89e72e,34.593215212225914,393709,-1,41,7
1976,4f77a18fec2e42899e71e123c81c925e,38.42517547309399,397437,-1,40,7
1977,6fd0afc617ad4aad9ff17f252751b6b4,39.7929884493351,392118,-1,32,3
1978,de76993a17914ac2a539c9e55c6009dc,27.605513110756874,384149,-1,34,4
1979,6b167511ce50433d8cd908436b29e5f8,35.63757613301277,384949,-1,30,1
1980,5a8754b66df14818afbac0a76cf12368,34.61251221597195,383122,-1,30,3
1981,7876ea81dbe74b31a262426af050eb8a,36.008184775710106,383089,-1,25,3
1982,5b90526901414d2aa5db2b9fdaf858eb,38.94248232245445,293877,-1,24,3
1983,aa9848eff6fd40a88148dadfa611b10b,29.822904616594315,309066,-1,19,2
1984,5a2d3dfe7075436fb5826dfc45e53495,40.25028087198734,310457,-1,23,3
1985,f56b256d74d5484fbb1be4ac42546a7c,35.596201196312904,320941,-1,22,3
1986,509430f5472a4a47bde26cf3bee935fb,29.95872125029564,308317,-1,23,4
1987,fb51300f4f894631bbf2a1c0970e0701,39.59033638238907,288269,-1,21,3
1988,bca4a3f7ae0748c3b7b2f6e537c1518c,35.34374199807644,291190,-1,21,3
1989,9e597bf087df4d7fae593e7793e87e4e,30.3791631013155,287550,-1,24,2
1990,ca025b0fd09d40f8bc1dacec54d6b937,29.54552322626114,291127,-1,23,2
1991,c735e5f28290490b9fe269fcc6f1f895,35.57622246444225,280309,-1,26,2
1992,bc73130bbe4e4361922e99edbed1d8e6,31.01498633623123,295920,-1,24,2
1993,f984bba40e134fb7ac6e7abf11a20b69,38.2084846496582,305699,-1,23,2
1994,9831d9d23688450281465c2786c5e3a3,28.56379933655262,306855,-1,26,3
1995,9410ca9b3f9c4f528756dc5a009f20fd,30.04395216703415,315371,-1,25,3
1996,2e70460e06f942f08adadadf3e434050,29.551023617386818,302273,-1,25,3
1997,f748001963c7443f88b5988cebcbcc22,36.849213764071465,309208,-1,26,3
1998,815d072a4ff24e4db5f487150c37da38,40.14987125992775,316758,-1,28,3
1999,0aaca2f368ea4089a3e025efcae32588,34.04473140835762,313415,-1,27,3
