idx,token,latency_ms,pred_occ,gt_occ,n_obj,n_vru
0,30e55a3ec6184d8cb1944b39ba19d622,4124.726818874478,56846,-1,9,7
1,cc18fde20db74d30825b0b60ec511b7b,143.89288425445557,64898,-1,11,8
2,08e76760a8c64a92a86686baf68f6aff,138.9604788273573,68307,-1,11,8
3,2140329a6990437aa46b83c30f49cf49,139.02034051716328,73720,-1,11,8
4,01a7d01c014f406f87b8fe11976c3d0a,138.04929703474045,71886,-1,12,8
5,a2fada921a7d4141877f4a51328a21af,137.98336498439312,64087,-1,13,8
6,b06a815164ec466f9fdb525522bb3799,139.95835185050964,63958,-1,14,8
7,5bd85334fdf94fb99c7eaa45d5feba0d,136.8666347116232,58753,-1,14,8
8,61f89208546a4045af336659ebe8db05,137.83919252455235,59700,-1,14,8
9,3bf56ebb22b741339967a95a9fbe2081,137.62299716472626,61429,-1,16,8
10,296fcfbf2e29489699f1cb5631f38ff5,139.18021321296692,59318,-1,18,8
11,f7d75d25c86941f3aecfed9efea1a3e3,137.7288643270731,60366,-1,20,8
12,1dfecb8189f54b999f4e47ddaa677fd0,137.813163921237,62186,-1,21,7
13,830ba619959e4802a955ac40c5ee9453,135.4515589773655,65681,-1,20,5
14,dc2b67cdadca4deb89d7d684f2894292,136.71822659671307,63793,-1,20,5
15,e1dffaba060040cfab07dec04790fbfa,135.63268817961216,64660,-1,21,6
16,be28204a6a5a42ed9939d95ec3f22f5f,132.9899039119482,68186,-1,20,6
17,77c3d98fab3e4d3ea65747caaa74d605,133.28140042722225,71190,-1,21,6
18,5224809ffef94a6e83454ad3930d3533,135.4182455688715,72421,-1,22,7
19,3c18f85f037744b6ae4c8a6f8dc578c2,134.00899805128574,71093,-1,22,7
20,08d95280dd2f42d98a4a6e33dff8e815,132.74207897484303,69565,-1,22,7
21,f38aedc5545643d5be815165c6574186,133.58677551150322,69670,-1,22,7
22,56f30b8972084492bbe742d423fc00ff,135.07327623665333,70026,-1,22,6
23,d536032be01140afb6faa25b33de5487,134.18723456561565,67422,-1,23,6
24,4094ae4656fb4b8fb1906192b24a34cb,132.47049786150455,72553,-1,24,6
25,df25b3ecaf994001ab5d5b92b9de89fd,132.63439573347569,70475,-1,24,6
26,27f42a55215f4223a01afa79fcda72e6,135.11526584625244,68456,-1,23,5
27,f3c9f3e85f384381bfced8c2a863376f,134.17700305581093,70612,-1,23,5
28,9c0558316d134feb8835997f8df4444d,132.45687261223793,68138,-1,23,5
29,755ef1d006e94b2a87523000781a7a99,133.65153595805168,65303,-1,23,5
30,4f9ad42bb4a24970b770ba0a87baf47a,135.2918278425932,61491,-1,22,5
31,5ea654e6b56a457093b835dbf8c886e4,135.5847492814064,61874,-1,22,5
32,8d4ef2af6b394e5e8ccfd6e2e90156dc,133.42429883778095,60202,-1,21,4
33,91cc3d4e0df748fd8f7b2955fa4b549c,133.08919966220856,60284,-1,21,4
34,adcff599db1e48f19fd5c0fc827c8d79,135.3043019771576,61721,-1,20,4
35,ec78e68b1637464da5305a9cbed214c4,134.14779864251614,60652,-1,20,4
36,9288108d128d4579a54fb135d08b46ad,132.54926539957523,60291,-1,20,4
37,efce90566e4b4b39a3869c023d7c6f19,133.72882269322872,61395,-1,20,4
38,e59fefa1fc19406782779392dff95366,135.19573770463467,60727,-1,20,4
39,adce54dcf6404d37bd170ffc4c2a7836,134.59503836929798,79297,-1,18,3
40,3613b5ea52bc46d0966fede34be89d38,132.70722329616547,81535,-1,23,9
41,c0f6cef97fa44973afe8ed8e18e652c3,133.56866128742695,75234,-1,25,11
42,895d801ecf3e40019e43a0d5b80bb453,134.51390713453293,78380,-1,25,12
43,18f10858b2b1410f8485ffa35253033d,134.01265442371368,78386,-1,26,13
44,2d72c60d65f84eae91bb4e5b2486b366,132.41203874349594,77579,-1,27,14
45,3d2ce1b79d1c45e5b7db4f26f411bb86,132.9164355993271,78023,-1,29,16
46,9a7a58e327f04340ae8f9ec098a58418,135.27208007872105,85403,-1,28,15
47,575d8e57b2de436b805fd6befde3edd7,134.3310922384262,85720,-1,31,19
48,14d8b49233574552ae43c6f49172ea16,133.88406299054623,88103,-1,33,20
49,5973a055a6ac40e9934cfce8afa82fbe,134.5247384160757,87606,-1,35,25
50,1220f9a205ae44418fcce91722e1e601,134.99576225876808,88519,-1,39,33
51,9b3ff4bc3d1d46a19ddae004ec9c0ae5,135.01154072582722,90134,-1,41,35
52,692096a37e2c43b3b1aaaa06b0a9666b,132.4237808585167,88919,-1,46,41
53,0c97832dafd24fce9a0e4935664dc824,132.59929046034813,90247,-1,48,44
54,ca37a1ae2ef1461d9c3dadf826e78706,134.65182483196259,91873,-1,50,46
55,9a1174901ea1401a9972a44616214c9b,133.72901268303394,91674,-1,51,47
56,6e147994a5e3493d86a928a612ff5791,132.66447186470032,97691,-1,55,51
57,4a1972f8731b4cdea40fc69a38a735b1,133.43097269535065,101782,-1,53,49
58,a4be46a1e7d24df3b14fe5322c65df71,135.48503257334232,101129,-1,49,45
59,d02a787e344d40d78b57593a31fe1813,133.89241881668568,100676,-1,43,39
60,1994ad9682bd4175b244af0be3e09417,133.17586295306683,95766,-1,35,31
61,802619f6fb5940608483cb29fc1beab6,133.72423313558102,94270,-1,36,32
62,b24eea3e5ebd423fafe109de526cb484,135.0595708936453,92730,-1,36,31
63,6e90bc3643d94c0fa0edf8795f8c8aa3,133.935259655118,99333,-1,30,25
64,5512cfa9df6842f89062f97cdefa378d,132.529828697443,97965,-1,26,21
65,6ea8ed46a7e04a10abfa6acd5290ea09,132.4937716126442,98565,-1,21,16
66,1db65e17354d4873bd22d3186e7dfcdf,134.27213206887245,96636,-1,19,14
67,d0a9cf1d37cd414584f676826a1f400a,133.7735466659069,105649,-1,16,11
68,21e50bd8b149409a9791a74acf49a676,132.6296664774418,112953,-1,16,11
69,459ac79bafdf4b88913f981c1fa71b2c,132.75869004428387,108847,-1,16,11
70,e05526aafa644218b37ab46567a6e776,134.44809429347515,109615,-1,14,10
71,9260fb448a3a49c0be2d174e01157940,134.12095978856087,111747,-1,16,10
72,5abd3d15e63c44a8a8189a6e70a496ef,133.0155711621046,108817,-1,19,12
73,44a799dcf8cd4393aaa748e1bcd96d58,133.65346938371658,105622,-1,17,10
74,addc85df1c34465090f92fa811ecaac6,133.5346270352602,103107,-1,18,10
75,7483e0aca67b4ed79c12f553d5123923,132.47396424412727,100344,-1,17,9
76,79aee76081974fe18eff436a020ce606,132.39734061062336,98889,-1,15,7
77,c359678db3e0441397c0d631f98ec7e1,133.1708524376154,98769,-1,14,6
78,8cf0dfa0d78f469e8b10760332954028,134.41207632422447,99657,-1,12,5
79,51f37263b06c417e94138f2d9348f909,133.26949812471867,90464,-1,21,8
80,d14ff11d28f8410a83aae3cd04de0203,133.02205316722393,88415,-1,25,10
81,8b93ca14a898421d88a437bbd88fb716,132.92153552174568,94374,-1,26,10
82,c48d2494401a419b8c56b7f413526bd8,134.99991036951542,93562,-1,28,10
83,af4baa2810cf431695fbe4f3f5ce7951,137.0274182409048,92318,-1,28,10
84,8d74da149b1041cf8f0ff4a23c53342c,133.3995033055544,89704,-1,30,10
85,752c9911f5184076b7498c32913821be,132.2460751980543,81429,-1,30,10
86,5f610345cd6841f2afef4769153b5fe5,135.36356203258038,82607,-1,32,10
87,32d941ca626c458381f13c0c7ab267b8,132.99801014363766,84679,-1,33,10
88,6a02dd6bc13a457b9af4dc88220e269e,131.90503604710102,81939,-1,35,10
89,d492d47f5aba43249fe426f07a2911bf,131.85657560825348,82647,-1,37,10
90,7b175346a22b4e68b54a9d21f88446dc,133.70578736066818,83233,-1,42,10
91,1192c1448ec044ef97df3078e92032eb,132.33704678714275,82340,-1,43,10
92,6f82d20df0564605978ac7ee7d2da494,132.70937651395798,81654,-1,46,11
93,2f207084f4794686be52b8fbbfa91f1f,132.59486109018326,84603,-1,45,11
94,71a74ae092364afebe91caaee4ed2af3,134.317547082901,89677,-1,46,11
95,a95deb56b3a845acae5cc782f42e5e4c,132.99072347581387,94554,-1,45,11
96,76b0296bc28a454894ea616e547ee9e9,132.29776360094547,96688,-1,41,11
97,8ccc7487ae0a4aed9daa021f6efe96b5,133.33126343786716,97217,-1,40,10
98,91bb8353dea24e0eb219c013b45dcd64,133.949376642704,96618,-1,39,10
99,adebba609dd34ac58da232e03ad80f89,133.62283445894718,96217,-1,40,11
100,f2727eb072f7470b862601edee7250b3,133.1348568201065,95674,-1,41,11
101,849bde6d489544178c838baa28142bd4,133.8889431208372,95264,-1,41,11
102,afd9b98ede4b4c79b3fc1882ffeb2068,134.33338701725006,95744,-1,43,12
103,12a72195b0a242b3bf7a48c0d82cd219,133.87777097523212,98025,-1,43,12
104,12a0035c7d934d259f5fa32eafd7b0e3,133.90342891216278,98682,-1,43,12
105,eab9a7fe8c7c4cbebbefbbdb77960d6a,134.68879647552967,98455,-1,43,12
106,000681a060c04755a1537cf83b53ba57,135.2427564561367,97938,-1,43,12
107,39118d2a1a9b459eadc2c2d28c7658d3,133.78431648015976,99614,-1,42,12
108,b70d359986c74a008d7e9f957521b213,135.1820807904005,98333,-1,42,12
109,c1348c56187d4f38ad1b569cd3a7095f,134.23983193933964,97997,-1,42,12
110,e5062bd5d7774291b8641c5a9a38b439,134.99516062438488,100316,-1,41,12
111,cf6a7d894c034a4db251f41bc31cdbf7,134.30345058441162,100120,-1,40,12
112,9de41b523cce4fb3aa4f6230ec06345d,133.58542323112488,97892,-1,38,12
113,5bbe677b299143128aa0492add6b28cf,134.17895883321762,98008,-1,38,12
114,8b2da12cffd84eb2925b0b9e08ed250f,134.81356017291546,99350,-1,38,12
115,d48f731eacf64f1f8df51ba2a153864a,133.3677526563406,98949,-1,38,12
116,073394e5ed044800b3e4d7e077716219,138.94928991794586,98125,-1,37,11
117,5b8bccc502224cbd82d1cf9e511a35c0,135.5927437543869,98170,-1,35,11
118,6de2f8b9d18441e8aee8011d5f8759f3,134.5418095588684,98281,-1,32,11
119,c28c950afda14f7b93ff956799873dff,134.56086441874504,80682,-1,5,2
120,73605b2d71b347e996af63f7e7e55fa9,134.92314517498016,81631,-1,7,4
121,86287c78bf494502ae0b6110c162b63d,135.23038290441036,82053,-1,7,4
122,c365e8e9ccfd4bcbac8fc09a21692edc,136.8057206273079,83574,-1,7,4
123,08dfcb4bd030497ea9c7d17d4bbba24b,133.38210061192513,82739,-1,7,4
124,b8c2c0c99fa24096abb6537fe3bd5628,134.28590819239616,81349,-1,7,4
125,8b52e309b5144f7880725db89ec38956,135.85714995861053,78598,-1,7,4
126,54dd93feb4b34fc4b57470531bd79ff5,137.25922256708145,79762,-1,7,4
127,7c3248a9f77341d2ba915b857bd8f287,133.38018581271172,82523,-1,7,4
128,9f5b95a0bb20428188d4abae6a0579d1,133.10431875288486,87266,-1,7,4
129,cbbd333271434197b1bd8302ae03100f,133.5457693785429,91170,-1,7,4
130,28b11a54a9554bcab30d73ee193046b5,136.15241460502148,92860,-1,7,4
131,4b791411187e47689f7259a9b4d4c54f,133.7361354380846,95195,-1,7,4
132,ac7124bfc1694aa996a5e3b27d17ecf5,133.6936168372631,94382,-1,7,4
133,b0361d863c2f468d8f6ac82560aaf5bf,134.0492833405733,94096,-1,8,5
134,a00699393a4b4cf39e0b992da8dd2715,136.192349717021,95019,-1,9,5
135,f4d621bac4954bab8376359358093db6,133.58375802636147,96424,-1,9,5
136,0497c0a2d98145029608177652f791a0,133.66500288248062,94069,-1,9,5
137,4bf4a32aa6e14ed890fcf8a860ad9289,133.71386379003525,93399,-1,9,5
138,c591060534ac4c978a9601baa87c202b,138.24310153722763,89662,-1,10,6
139,618875a2d6724584917e6be29329d8ac,146.82270772755146,89924,-1,10,6
140,f09c85b7ca614a97b5a2293ad5b1182c,135.27540676295757,91749,-1,10,6
141,e334b3012d8b45649fb0614b14264a30,135.17214357852936,94801,-1,11,6
142,101e831275d740e6b47a6b1e9ef8c7b2,138.91932182013988,96489,-1,12,6
143,309dffeeb33c4319bfcd4fa9002d8667,134.6933338791132,93444,-1,12,6
144,8e86bdba7c1f434780fdc7924d9d2286,134.08885709941387,94724,-1,12,6
145,58b9fd4376c741b3ad035aec9bef660d,133.7445918470621,95443,-1,12,6
146,a38cd83451774e5f89fce6eb45b3ac8a,136.6821490228176,93853,-1,12,6
147,c604ceb421f54f028c246cb68960dd53,132.96610116958618,85964,-1,11,6
148,84d3fc3616134756aa8a9545a5706e62,132.9608801752329,81832,-1,11,6
149,8c9d04f0d9fe4fa49db9a99d4852f46a,133.13830271363258,77047,-1,11,6
150,fa1a6e0348aa4974808669ff11afc30c,135.27113944292068,77317,-1,11,6
151,95da06d762ea41ed8050c8d7a9cefa8c,133.629335090518,74645,-1,10,5
152,f69deb5862844f09a690500fe6a2b9b0,133.60602222383022,72546,-1,10,5
153,4a4e46dbe41848b8a2b1d82107b6c24c,133.91642272472382,73188,-1,10,5
154,57417521864243b8877733aa6b372276,135.90512983500957,73207,-1,10,5
155,d4c301dcfbc34ac8b8319353c3bfc620,134.07454080879688,71575,-1,10,5
156,75552a5fc1ee4030ac1d032c6343a165,134.4133485108614,71880,-1,9,5
157,c7bc5a205f5545b7a0af978889ceca13,133.72476398944855,73138,-1,9,5
158,e261f474caa34797b0759aa2ca8a576d,135.3396587073803,76124,-1,9,6
159,3947c3c1848e46c3849a1e178e2e728b,134.64955054223537,76336,-1,9,6
160,c0e18beded2d45d29662c2129503d4f7,134.27489809691906,77277,-1,9,6
161,c3286d413f524369ac040fbcd0b0e9b6,134.77272167801857,75769,-1,9,6
162,e7683144f74449309873faf2cb7e76c8,135.3000532835722,75872,-1,9,6
163,a4fa9d49433944d893b977da960fc458,133.92149470746517,74978,-1,9,6
164,d55a20a3225b4e258cbba4dd9e1b597f,133.01073387265205,74219,-1,9,6
165,1a0f8e5b0cc248cd832716486455a257,133.78578796982765,74463,-1,9,6
166,f9b825f4020e4da8b6a182160e0b0705,135.55255718529224,74886,-1,9,6
167,77d239a5f93b49a38ec0a6185c87147d,133.34419950842857,75545,-1,9,6
168,fdb723ef23d64b47aead300ed1d573f7,133.86590033769608,75442,-1,9,6
169,6e49bfd9f21447858938b77180bcb6b8,134.156696498394,77078,-1,9,6
170,4c5a8356ea1741548238807ba41235d3,135.5634368956089,75687,-1,9,6
171,e69a14f90e684e0c8dbcee8336e837ad,133.60550068318844,78145,-1,9,6
172,a77fe48ab6e44959860a1a2b44f7be5e,134.5495842397213,84214,-1,9,6
173,160faaad600249d7ab8f95ee44648e6f,133.8330563157797,89742,-1,9,6
174,335da4966e3745dc845362f4c54eeae8,134.91097278892994,91878,-1,9,6
175,68b7cbe911ee40f9a00ff8affbfb88ab,133.8984314352274,91020,-1,10,7
176,f3d292fb057a4490967facdc1b9968cf,134.2633068561554,90575,-1,11,8
177,9a9f358664e64025a28fbffcf2ee0099,133.86652991175652,92187,-1,11,8
178,deafcf11ebbf49ea987ebc7616d4c487,135.5689875781536,92302,-1,12,8
179,670c160e6af24e7c8a8dc34aae1e3a1c,133.729862049222,95551,-1,13,8
180,5c37942981a148418ea05430a44cfa7e,134.55577567219734,95978,-1,13,8
181,ca924333b0ad4839952a5b6ab70de4b0,134.00465995073318,94342,-1,12,7
182,fb2a700732f24bfe86d1187ba7492ba2,135.43160073459148,95452,-1,11,6
183,f05e94332d124446a9b8df3917101615,134.40020382404327,95979,-1,9,4
184,2b4bb1ecb2244264ba9043ee04854ac2,134.5449835062027,98020,-1,9,4
185,16ada52c6b734169879b2c296f5434d3,133.66042263805866,105861,-1,9,4
186,81f68870ae19470a93ae51e7ff2583ef,135.2905873209238,109087,-1,10,5
187,5f52fc6688cd4b098799012ee6a04875,133.75396840274334,119955,-1,9,4
188,03e1fa4ec2664a34987dcc8c2898d94d,133.84850695729256,120772,-1,9,4
189,d929c9294e4348c58edceeb460d2e083,133.5980575531721,116115,-1,11,6
190,80d7c172efb64b5296f2d22f942bc963,134.87680815160275,116800,-1,11,6
191,edde57e6dfeb416e936d9056824b8253,134.21112671494484,112044,-1,11,6
192,f1d9fc82160b4980a3fd44dc92bdd033,134.02007892727852,115301,-1,11,6
193,33c050305be04c6489a4c61f09e40123,134.062759578228,119092,-1,12,7
194,1477ef1a6a3b42daa70ac218e6f6c6f9,135.68955473601818,123690,-1,13,8
195,dc80a728399948168b6e301e031a2435,134.24830697476864,127362,-1,13,8
196,90c8d4cb239d48adb447177c64a7ff0f,134.44454595446587,128360,-1,13,8
197,1d477a7c21784a98b2e6a9289a958fe2,131.88078999519348,124889,-1,35,4
198,4cd21f4d2a00448c9efe4d81a6e35891,133.95234011113644,125173,-1,35,4
199,d7f831c213eb44e3b8031f73929278a7,132.1579609066248,123410,-1,36,5
200,915e9d78c1eb4bc7a75fbd9d672be158,133.89445282518864,125720,-1,37,5
201,8ae5eb1e96954ba0b154600564400ab4,132.80700892210007,122322,-1,37,5
202,5eb775d7b9534e82971c5c435fbfa116,134.23605635762215,123390,-1,37,5
203,12404ec129124d9a9bb72860e3c9c02b,133.3197746425867,121652,-1,38,5
204,a9460d1306f94aaf894af8b07d5f23a9,133.37098062038422,120657,-1,37,5
205,a82c0acb18dd4c3a99731b7a06a63fb7,133.44004936516285,119204,-1,35,5
206,11d08474b2544d969d832d3d370c3db1,135.16782596707344,113060,-1,35,5
207,1c9469a9d1db45f99f95fbe9c0095087,133.35169292986393,115048,-1,30,5
208,b513d361d0874bf8aa8eeae2e04dd25c,134.2471558600664,112559,-1,30,5
209,773712537f064bed866ee4be0a425261,133.01996886730194,108441,-1,30,5
210,b3d0ef9d02d24118a0fe3e02104e8a33,134.99105349183083,109784,-1,29,5
211,e42c40288fba48e993507ce35215a7d5,133.4305126219988,109364,-1,26,4
212,e1e84a1a464844cd80f144faa700c067,132.7875554561615,107477,-1,26,4
213,44a22e08d57b40d4bf7077a060741383,132.54666328430176,103703,-1,24,4
214,0e6728061166469695094adf2df3ece0,134.13441367447376,102428,-1,25,4
215,c0ac3dc491e7414184f44c2b32d24ad8,132.97831267118454,100561,-1,24,4
216,b87c4fce91d94856b3d8a39961e97fbb,132.19381868839264,101569,-1,23,5
217,49ceba17e48d41f08da1c994618f84da,133.5131861269474,98047,-1,21,4
218,0c35a9646b7b4c74af3699f46d6bed9a,135.13566367328167,92644,-1,18,4
219,3d71959327bc4d79a59a8efb0da21143,133.49906913936138,86759,-1,18,5
220,bf7a775b373b4705aebfee0609f6e166,133.1378109753132,83258,-1,17,4
221,ac2d1e8913eb40e0847c39fb6dd73c5f,133.20975564420223,82305,-1,15,4
222,0791e7e86b98473795eeffe238d6c13b,135.41045039892197,82805,-1,15,4
223,6e60a07fb4234c1d8b669f62bd49da5b,133.56762751936913,84418,-1,14,3
224,f3c0d5342fd54c4f95312fead7783170,133.49495083093643,84331,-1,14,3
225,a1d17e01d0454964a0699b251b2f1e70,134.02369432151318,84305,-1,14,3
226,8d5c8d68750649c5bb0798abe4a1d8f8,135.01624017953873,84249,-1,14,3
227,e0668ad60c404fa6a7cd4295c536d737,133.0654565244913,82176,-1,15,3
228,4b37030f3df847aa97027cfb887be058,133.63303244113922,83197,-1,14,3
229,c63c15b4ddae40579136ebaecbbfbfd0,133.5547026246786,81519,-1,13,3
230,d21bdffbca9f4edaa4bf4f54fffa6f4b,135.8533427119255,80059,-1,12,2
231,2bdf0127a7094e3aabdf8be3f4670cb0,133.2694496959448,79417,-1,12,2
232,7e33559bf5ce4cbabf24b606383ce521,132.67183676362038,77425,-1,13,3
233,af7a7e39956646a785d8d7c5831fea62,133.87757167220116,74954,-1,14,3
234,489c1b82dd654bc78cd900b93a644bab,134.94315184652805,74602,-1,15,3
235,cef5745a54e24c7a9111d449e336b4ed,133.201751857996,75886,-1,15,3
236,040a956bf0c04ad09fffc286cab5bc56,131.88104145228863,95024,-1,29,5
237,ea5dbccb2a7a4b4e9ce8c0f5e0509d17,132.0256032049656,97369,-1,37,9
238,fc651dc8a36846fdba3f705117d3d0d0,132.8919604420662,103377,-1,39,10
239,3d65380e1e2b470bbe0c944ecec05616,131.9464035332203,106222,-1,45,12
240,6d32f67b3307453aae7b942c91b7b9e8,131.4046960324049,102887,-1,47,12
241,d6f9027a85474ee4bbd4103cc7619f4f,131.80502876639366,99476,-1,55,13
242,573172be3eda4aae94e875fe4403c57b,134.16969031095505,93942,-1,63,14
243,3387d937c3864cdcaf0454542ebaa961,132.2857216000557,91478,-1,67,16
244,2bb8324710ae4fb1a000cdf7f1eb253c,131.94132409989834,89390,-1,69,17
245,34cf97ab4d6b452d862ae6c8374f7ee9,133.0252494663,88660,-1,74,21
246,9bd318b5781f4bf797b9b6ee69f9cbd8,134.27842408418655,92895,-1,79,24
247,72fb9f0f545a4d6b92f6de14c9dcce85,132.39100761711597,94592,-1,78,23
248,ef9eddeaa6c641b2bfc687237153a1e9,133.22332315146923,94010,-1,76,23
249,913f4d17b4c54ce19662f83158a3d4d0,133.5863135755062,95026,-1,78,26
250,728f711f0d8e4b5fa85defb9bbb51399,134.7540095448494,93857,-1,84,31
251,4ea42d9dcb2548658a950769437f108b,133.74923914670944,91706,-1,83,28
252,4de831d46edf46d084ac2cecf682b11a,132.62686133384705,89463,-1,91,31
253,9bab9367c07f4410ab2a3e901d76034f,134.00238566100597,86094,-1,91,29
254,2128fc958907421ca888ab014a73348a,134.30998288094997,82380,-1,94,30
255,144689dc04d74506a875106f2ff76d9e,133.05959478020668,80664,-1,94,33
256,d813d750f591453a9b1bb905e6a88b48,133.6837373673916,77036,-1,86,30
257,bf6aeba0f19a46b087916c915f73cf39,133.4552988409996,75001,-1,85,32
258,9018d220fc7340998efa65631a9c3cd4,135.16302593052387,70582,-1,90,34
259,5b8b618c3f9e481bb8522d9900d74f20,133.14377330243587,67958,-1,91,38
260,8491dd8fb7a44826b15e24ef9f869455,132.49846920371056,67102,-1,86,36
261,d90f206c2a2e405e912ee046b0b27d85,134.1523565351963,65980,-1,79,34
262,9d0b36d611be43ffa9244ee9a4e9c5e9,134.19797271490097,70261,-1,77,33
263,1fa5506ca31d4174955140d2138db679,132.78480991721153,69244,-1,81,39
264,364828ce52784d7a8f1b6f586637e23a,132.30811432003975,75295,-1,81,39
265,864f2bd660ba4d5b83fc5dee443801ce,134.25807654857635,78755,-1,74,38
266,1734a670436946788e72ec8ce185957b,134.27955470979214,78819,-1,72,36
267,2e51aaf4465441dcbe22351087a62c46,132.717190310359,78965,-1,74,38
268,291d30843273487c96a7dc86f79a030f,132.36921839416027,76423,-1,73,40
269,90c1665c6cf24153a834063fd99f257c,132.86462798714638,79733,-1,69,40
270,783bf5ef43d04e538df4986e1461ba7e,134.18622128665447,78459,-1,71,42
271,f5a8490b733140bd9eb51131f5e65b4e,132.42590427398682,78185,-1,68,44
272,cb57adad69c54307907d522fd78c543b,132.02737644314766,79237,-1,67,43
273,b46095be5e6c47d2aff1a67a151fc984,133.06344114243984,76899,-1,68,44
274,de44070678e84676ab9e68a16a55b5d5,134.78158973157406,76813,-1,71,48
275,a6f13e65dcd141bca7ffb425d7c6c8be,133.06209072470665,74723,-1,64,43
276,8fb167b9767d420b9c6368719bafb7b4,133.17236676812172,68896,-1,34,17
277,1dffa2d447444bc89fa5c494f88aaa20,133.6167212575674,72678,-1,38,20
278,8c6a954f8ab94c36b994a18d9f6a5b26,134.78347286581993,75457,-1,41,20
279,d5686f4785d04f7f82f723548f14523c,133.66392068564892,78752,-1,48,24
280,ad7080dc8e08423482474c439e96c2ee,132.9856961965561,78500,-1,52,26
281,96af1a7dbbe643ee9b54c2702c719407,133.35894793272018,76143,-1,54,26
282,99c4cc9ce89246b19b802666bff43cf9,134.9090989679098,73779,-1,59,26
283,5c9f496ba0904ac0a2a62c138dd627f2,133.378142490983,70348,-1,59,25
284,ce45c7c9cae1491ba4e30bdf649b7de0,133.10383819043636,68606,-1,57,23
285,4ffdd34156524df380cddc090dcadc7d,132.97402299940586,67197,-1,56,23
286,ffec010a27b4462f86b78e2e41d14f42,134.3698352575302,67751,-1,57,24
287,c5fc747cb34f44d78820ae649d183e93,133.1974845379591,69638,-1,54,24
288,88aa269105204f8db1a29debf3cde07c,133.270351216197,69266,-1,55,23
289,6b282c1c40c1454bad559e58b5fcecb0,132.645346224308,66650,-1,49,19
290,4523fb98c35940f1a47555072262965d,135.54107584059238,65012,-1,49,19
291,6e75580faac94693acd7ece6419dcb88,133.32615420222282,63814,-1,51,19
292,bd0a172dbc9045d5a11b1980ccfb0d53,132.0492271333933,63168,-1,52,20
293,af620d74bb47486b89cdc3844acb6c18,132.23768211901188,62917,-1,54,20
294,8a51f719699b49f893a8ed0932201c22,134.4566885381937,64099,-1,51,18
295,cf4d66093d824995b2b56eb08503c663,132.84152559936047,64399,-1,52,19
296,5bea7ebf706d4a5c906769ca8de1be22,132.51642510294914,66804,-1,53,20
297,c49a39d8f51d41dabd03de50bbcf06d9,132.3841754347086,69559,-1,53,20
298,b9853461935b41f88ba20195a2d0217c,133.80270078778267,68926,-1,54,21
299,a4093bf016f74a93bab9aea589de615c,132.6209306716919,69588,-1,55,22
300,33c965ece87842c2ac898543d26dad5f,132.25648552179337,70757,-1,55,22
301,5484714099f84b6c90d7db7fa8673073,131.97015784680843,71185,-1,55,22
302,318791a3a2054db9a90bc6eba32795bf,134.03036817908287,70272,-1,56,23
303,9f6fcb159f6046cb9b2f9165479c2e51,132.43787549436092,69548,-1,56,24
304,7967df27333942bca9eb8c1af9de61af,132.0100724697113,70023,-1,56,24
305,1aaff367ed174989b350fd40619b6f9a,132.39478506147861,69426,-1,57,24
306,28d072daaeb44926a824bb2671878b68,133.82413983345032,69372,-1,57,24
307,0a4c9338501444aebc937ec231dcde43,131.89650885760784,67052,-1,57,24
308,81d4dc6d876c46528e7c678fe85410cf,131.87126256525517,64979,-1,55,23
309,a2f135999c12428caacda927ebcff835,132.5040217489004,64672,-1,55,23
310,e32db3f8b6c244c2be60b6d7db30ccc3,132.72258080542088,63516,-1,56,23
311,38f030fc7723490e98b3b40ba7d525f9,131.09472393989563,61898,-1,56,23
312,e2526ae0b641422f9151ffd49a19f01c,130.65450638532639,61802,-1,55,23
313,b3bafb1ec0824002ac518570c7995935,131.0956161469221,61946,-1,54,22
314,4ac8bb201c7f44cfad407f00d3b18c4d,132.3452927172184,62226,-1,52,20
315,91d55da975464dd6a50d71a4d46881eb,130.38176484405994,61528,-1,52,20
316,3502d36d2c76428f9b79f2854e96b696,130.61846047639847,59781,-1,73,47
317,152db7f344954b7196402b92caa57e1c,131.68028369545937,59745,-1,80,48
318,ff771831a0b243169b037f4659e23a9d,132.7501442283392,59981,-1,84,52
319,b22ec0c7883143c6a201e71ab917da7a,131.01443275809288,62668,-1,86,52
320,f38ef51177c84c2a9fa32584b79e601e,131.18540309369564,64612,-1,89,53
321,291e7331922541cea98122b607d24831,131.85976073145866,65795,-1,90,53
322,e4a61a01232041f596e72f03495234f2,132.80694000422955,69661,-1,94,55
323,d628f4a6b4a6405c8f4cfbb8d18c6fd8,131.53498247265816,69746,-1,95,56
324,7b011306ccc34c94a341a54ba2552c52,131.39172084629536,70453,-1,100,60
325,333b8e10454e4be1b6ea0a57ed25e3d5,132.14761018753052,72526,-1,101,62
326,5099c82438074d8885298bbf6d635a54,133.99239629507065,73153,-1,104,62
327,7a344e7e1436415caf180ae067a4203a,132.04173184931278,76292,-1,106,63
328,72fb9a53ac6f4222ac623a6b39c9404d,133.59823636710644,77412,-1,107,63
329,9f7c0eaa175c4627aab13b7f76297c2a,133.02863761782646,79484,-1,109,64
330,c62b6ac878934607be0c524a02f1692b,134.88652743399143,79492,-1,111,63
331,19eea651c57e43ebbade7c4b92a6e4da,132.24606774747372,78419,-1,113,65
332,0c43bcd9eafa4b8c89c371cb311bf938,133.18521156907082,74823,-1,113,63
333,7f770beac09a4af3b8ec2f4954b9e1aa,132.82182812690735,73289,-1,115,64
334,5441646ff9c54d4a90fc1d7f4256072c,134.979872033,67923,-1,111,62
335,4070ae6b1ce047b5b0a3a5868f2dbd19,133.19925591349602,67745,-1,107,60
336,9075f9ff230041c59042130739b92ef1,132.823271676898,64446,-1,105,61
337,c855b62fda9748c0a719c329b6e216ec,133.7763424962759,64176,-1,102,60
338,9851e24eeb8e40cf962e45b1975aff53,136.2230572849512,65483,-1,95,55
339,5aa5555debb94e988b4eb8d8ff26c8da,133.21549631655216,69325,-1,89,53
340,6c662b1258e34752be332dcc1eccb7a8,133.94703157246113,68780,-1,88,54
341,7ff6ab92e1c443209f8268fcfb214925,134.5434319227934,73426,-1,83,51
342,882b922af4c740b8be9db39b2cdd1861,135.31174324452877,70130,-1,80,48
343,ab7f9e0665d24fe79fbde77325627d18,133.5037797689438,67236,-1,70,42
344,bea5dd7080414656b1b89ff163cb7599,134.0248677879572,65300,-1,61,34
345,afb4301624a2479fbab49b0512d157c1,135.9867937862873,62599,-1,54,27
346,46a4a199e44544018017be7434e46fc8,135.76622866094112,67601,-1,53,26
347,50f8b4a1ce354890bcf834658cbb9e80,134.23187471926212,70170,-1,51,25
348,56e7460943344e33a5a657313541065e,133.6520779877901,72230,-1,45,23
349,f733cb92982f4f58a1ce5c427786491b,134.12950560450554,71176,-1,46,25
350,28285c367b2d468f850572ddcc7efac9,136.88062317669392,71242,-1,47,27
351,ff6114d5779f4a058ec6c812afd56294,134.6773337572813,71277,-1,52,32
352,3ae0f5d24198405a82bce2964fea6f03,133.29658098518848,71764,-1,52,34
353,d25657fd31f34816920f051407c47f0f,134.80599597096443,68721,-1,48,35
354,3fb21b1df59e43ab8b29d4a1ea9a0228,136.75391301512718,69009,-1,44,35
355,fef6223e08f64885af98e24ccbbcb373,133.98544304072857,65513,-1,36,29
356,7e2fd590b46d42cdbe8dfbf035761561,131.8841278553009,67582,-1,39,36
357,18cb702eec7543c9b7e3d951226e367d,132.7691487967968,72252,-1,45,42
358,61db69a026d34c558f0ab0321f0886f8,133.98190774023533,71706,-1,49,46
359,5d413e8d6a4648a7bcb091f7e362a3fe,133.43611173331738,70859,-1,49,46
360,e3dbf6e92f0e4ac3860f1cbf73e2a312,133.25355015695095,72064,-1,52,48
361,2dc6dfa0bf9441f6a2397e7d4ec424ad,134.10066068172455,69438,-1,50,46
362,e6d1a6c5413942bdaa26ce0c0e5330ad,134.54491458833218,66175,-1,53,49
363,b421615151244708b1efe89c5147eaaf,132.88814201951027,65561,-1,54,48
364,b45559bc742b417aa85dcce98f5e0676,133.4318332374096,66768,-1,50,43
365,6382c18ecfe44ffaa22119c94be8f02a,134.3470737338066,66784,-1,52,44
366,a593f1a21f6e4deca2e30c009916ed7a,135.96338964998722,64741,-1,48,40
367,d849f5a053f741e6a5f09983cf036225,134.20378416776657,64276,-1,43,34
368,0ffc384fc61a4742a78d179f07ea1c9d,133.39773006737232,66061,-1,44,34
369,4d85541c5f204e359d63ed2b9db1ec97,133.30381363630295,66886,-1,42,31
370,2a07391a099947f285e1801d1386abcc,135.23193635046482,67284,-1,41,30
371,211466503dcd4723bc58b9d3717ed3a8,132.72958435118198,67390,-1,42,30
372,ab959d16b505476fa14530f8f76da1bb,133.19491781294346,67914,-1,41,28
373,13b194dc4afc49898db6ca0c7ae763be,133.83998163044453,67595,-1,45,31
374,7028ed54fd6940e581917af772b7bef7,135.17384603619576,66438,-1,44,31
375,fae2bb46325643e7a4f48fd0423cc55a,133.14891420304775,64679,-1,43,31
376,d5cb5a4a5e5245f8b6300ba482babbc2,133.36021825671196,67069,-1,43,29
377,08babb6cc1d64bfbab2f2284d2076c56,134.90979000926018,68175,-1,44,29
378,ef710f7aad4c4bcf9ac21ef155c8c3d1,135.57542115449905,67550,-1,45,29
379,77cdbd3d755d45d8b822d6d595fdbf70,134.02395695447922,66701,-1,45,28
380,13af3da0edf14bfb8fa9d62fb654b455,133.81234928965569,67009,-1,43,26
381,aae0304d89854d818cb48c0aa52a4ebd,135.0937057286501,66452,-1,41,24
382,3e991036257e4acda7cc1658dadd3e50,136.7640122771263,64440,-1,40,22
383,74f6b583f9eb441db5b95b67cbec71f5,134.74595360457897,64850,-1,39,23
384,10341c91fa1347e1a0b607ae5eff471c,134.60399396717548,64428,-1,38,22
385,f1cfa142bc164c99a2c679a6dea01a67,135.32954826951027,66098,-1,37,21
386,37c8d31c9ee74a07a68305297959da79,135.64529083669186,67572,-1,38,21
387,18039d7b1dc84a2fbb5efbaa84d66f6a,133.42145271599293,67972,-1,38,20
388,b211206072a8491dab37ca3965137daf,133.44896771013737,67319,-1,37,19
389,c0cd7a49d9924264b2be63b6ce9a9674,134.60510969161987,69367,-1,34,19
390,47972c339c9f4654baa9bc8d7143cf40,135.06043329834938,66953,-1,34,19
391,a5d381511d6748fb8626ab563d6c7022,133.58554430305958,63297,-1,34,19
392,4305999c65934df6b503ad4eb90f5648,133.75981152057648,63970,-1,33,19
393,c4b3feb84d7c4c338ac3227d856e0069,134.58160310983658,65343,-1,32,18
394,ebef899df124471f94a0d4befaf785e4,135.78578643500805,65072,-1,31,17
395,49409214fe454b018d05c8d839b35159,133.37906450033188,65473,-1,26,14
396,f4b5b6fc59e34da6bd18d4d8e299dab8,132.10708647966385,59935,-1,30,6
397,bb972464787f4ecab2e9d77c7a0cb9f7,132.82241858541965,60114,-1,29,6
398,695972046c1240d69835d02386355ddc,133.58525186777115,62592,-1,30,7
399,cf7cdd43be9b4886bcb7b45af4d9d104,133.66980105638504,59840,-1,31,7
400,b462e73472684c509a3e5f8734c33b10,133.43458995223045,60625,-1,30,7
401,c75fae3bcdd54b3a8b3635fdcf8ba74b,134.7276084125042,60725,-1,31,8
402,68ecb2433f654422a7567d9f349c0708,135.39140485227108,62931,-1,29,8
403,3eb6673bad8c44e2853283d958a68ca0,134.3442965298891,62324,-1,34,8
404,cba4c5078d8e40138b80902278069671,134.17842611670494,59413,-1,34,8
405,943884d0b74546ee8d6a18ab456159a5,135.15869714319706,57383,-1,34,8
406,c1255d993df4492a9dfa2f67a50f3073,135.46635583043098,59619,-1,34,8
407,b0b7ef23a4fb418690e43900525d09ad,133.06118920445442,66632,-1,35,9
408,01fbe6d2d7384d20967a88e4142b5678,132.49382190406322,68235,-1,34,9
409,5ad38eb017f34421828852889c7dd9d7,133.16831924021244,69677,-1,34,9
410,29b8d47b841f44ce8216353f373ba2c3,133.77922773361206,68329,-1,33,9
411,4c687bbe18104da1b9eef242d5abbe6b,132.13738426566124,69330,-1,33,9
412,690f0d215c29452b9ee793fc6a033308,132.53064081072807,69902,-1,31,7
413,cfbf02c6624c4cfb951493700683d461,133.42026248574257,68179,-1,34,9
414,37d0faf82cdb4af1a3d85b18077ee1f8,134.66877676546574,66374,-1,34,9
415,2e24381cb9434a89abd7f3eb1ed838b6,132.75418058037758,68601,-1,33,9
416,2996dec1589e4dad840eb5801d27d255,132.97192007303238,66638,-1,31,10
417,91b1849b2b1747a39ba5732ba4caa1df,133.51229391992092,63809,-1,31,11
418,ba4c95ffea104b088e07bdc2c7a0300a,135.10230369865894,60837,-1,30,11
419,fd761d865ef147e7bb7eec819b9cfd54,131.50714710354805,62225,-1,29,11
420,42b6df359dab44a9942600fbcf14a929,131.92033395171165,62396,-1,28,11
421,fa5cd3e2f2424263b9558b654fbbc831,133.2693099975586,61965,-1,28,11
422,03c4ae55f4f747ea89deb0834aa0a125,132.49353133141994,61837,-1,27,10
423,8d482af343ab4ae79fcf4d6aa13806d3,133.46509635448456,62525,-1,28,10
424,92d457fe8cc54e8d87c52bb5eb670768,134.15698520839214,62078,-1,29,10
425,8cfc29cd1fee4f92bd5134e2af939d47,132.9297199845314,63588,-1,29,10
426,ef1a273c61914852806161f5dbb4e4c9,134.57935862243176,64421,-1,26,10
427,c3387194b4df49c3a2f91df1801b662f,132.5009372085333,63538,-1,25,9
428,fa55184474d74849911a4b84da0a4b53,132.3550995439291,65967,-1,25,9
429,ee82f97267f747c78c3458640faf9d67,133.97615775465965,66519,-1,22,9
430,6e727bcf41e44efc8e6d0a0adbc88935,134.38560627400875,75764,-1,22,9
431,096d7f5716974c86a19d4de3132dd58b,131.80477730929852,72129,-1,22,9
432,81fae3cd80704dfb8f0be1144e6218ce,131.89574889838696,74485,-1,20,9
433,ff9fccde28864e1b8127991feee3301d,132.05528818070889,77410,-1,19,8
434,d781184227244ef99557f1163f681e3d,133.15769843757153,77608,-1,17,8
435,6664e576015845e185dc931f83c14c98,132.1448851376772,75580,-1,16,8
436,79070dca796f4ffb868d84f1b067f9c2,135.2500207722187,95598,-1,13,3
437,41c07e6847da41409c03671b7d88453e,133.86268354952335,96085,-1,13,3
438,c3ab533691c844f2910462bdc732879d,134.79269109666348,94414,-1,13,3
439,5a54a45e59ad48cab7213ff7d1828f3c,133.69214348495007,92158,-1,13,3
440,daeec5222fb346f99addae0db196eb1e,133.76349583268166,95144,-1,13,3
441,8e21bcb6b7304ee3ba342c9c3f2c0226,133.82401131093502,93190,-1,13,3
442,cecb41d3a0b243c3b0d37a269ce855ad,135.4410294443369,100701,-1,14,3
443,04828388a55741479c3698cdf6aa2e6c,134.18148271739483,104500,-1,15,3
444,16b5e2757a4647ed97cd9f54f0c42e1c,134.64216701686382,104836,-1,15,3
445,99ca4527b7a24d039d2465b46ed0a543,133.37571918964386,108523,-1,14,3
446,27db2832d44144829b896d46b441f66c,134.6572358161211,107386,-1,13,3
447,eda82ccd4f3747eab66d9c402317dbc9,133.1318598240614,109645,-1,13,3
448,66bd5bc1ef584d849b87f08b78e3beef,134.4666574150324,108126,-1,14,3
449,1223445bb2b14ecda09c2b8149e0ec77,133.69577005505562,107257,-1,14,3
450,524b696fedac43d68c6fb94db5d56b1f,134.0319700539112,106343,-1,14,3
451,bb9c0abebf574b4892f1e0fab92004d1,132.22266361117363,105122,-1,14,3
452,2f91d61bf97f4268a488c6e33c6f0fba,133.09971056878567,103863,-1,14,3
453,cf53df0209f34b319ac84daa331a9d43,132.82743841409683,105230,-1,13,3
454,6409f6f3378044b4bb58446424d74a1a,133.93325731158257,101712,-1,13,3
455,5dd954d0ac0242a990ba35eef950c937,132.29100033640862,104671,-1,13,3
456,af0f72a7e15c481ab2bb87a561b00241,132.48784095048904,110766,-1,13,3
457,4fa6e380731d4819bc404bcf38240a90,133.21604952216148,113157,-1,14,3
458,592b90b824a6431b9e5aedcd5d4e871b,133.06972198188305,116411,-1,12,2
459,c4bdc2fcf6ae4ba599d53663ed2ab5c5,131.01652637124062,110876,-1,11,2
460,959c87c78f62434abde877aa3663cc77,133.7550412863493,108363,-1,10,2
461,fa48d1046e22419fad3615fc17225e16,132.89763033390045,111455,-1,10,2
462,ba47b8c21bc446f3bfa60f004ca45106,134.2901550233364,107053,-1,10,2
463,b07273055da64823bcc2ede3f06ad3b7,132.21645914018154,114465,-1,10,2
464,5e80e020aacb406fad737926aeadbb30,132.6365601271391,108543,-1,12,4
465,e9ae8c38b8744ea2a265e4f64829c0d3,133.42491164803505,104399,-1,15,7
466,2d65df5368bf4e068e3cdf602c382c59,134.67777334153652,99386,-1,15,7
467,a484d76a40e24d549a0ab412d0a843d0,132.84525275230408,91310,-1,15,7
468,a5e43b1d5df14313b0ad5e9a7310c355,132.91261717677116,89979,-1,14,6
469,6cf7822aa27a4e599d4cdd249fca5763,133.5851103067398,86388,-1,13,5
470,1244ad3ad1dd409c96c5158b529c89ef,135.22017374634743,86154,-1,14,6
471,0b717009572d49c98e83d737915aad57,134.24098305404186,88418,-1,14,6
472,b840e929d2d642178fb8566866bee227,132.91029445827007,92760,-1,14,6
473,b0f7564c8e3c4d97a9e9d632672c279c,133.82471166551113,92162,-1,14,6
474,e2ff201cd94b4efdbaf986fbeefbad88,134.64593514800072,93219,-1,13,6
475,88a090c54cc844cc878f00d08274a683,132.53439962863922,101063,-1,2,1
476,5ee110d014374ae093565bba2e81a3fd,132.653521373868,104407,-1,2,1
477,a6261bd83c5e4e1985012b6c6c51fce0,134.42773558199406,109173,-1,2,1
478,684acda1d78c4a959762df565cba29f5,135.19935309886932,109388,-1,3,1
479,20a871df4033487ab94d4d3b86f69af1,133.0037396401167,106239,-1,3,1
480,c51b9abd585d421b85dbf4a95eec4936,132.92278721928596,108886,-1,3,1
481,893266afc2574e58a5abd0f29b2c1faa,134.04830172657967,108824,-1,3,1
482,3eef3752ea664087a0469a01cbf738a9,134.24957916140556,110780,-1,3,1
483,5dfdf5c61f95420f89b53d65fb28e6cd,132.52368941903114,109836,-1,3,1
484,745713b3baae4ea18de5c74eb4d06bb8,132.54482857882977,109927,-1,3,1
485,d34f2eec80f54b608f9b9d0a86f103bd,133.31447541713715,110486,-1,3,1
486,f33e0c3f5d5c426593af8af1c27b68b8,133.46372544765472,108118,-1,3,1
487,52592f70fce143e59b44da5e2ad06134,132.0245899260044,111852,-1,4,1
488,261e4db3a18c4c23944f61bd6e51cf0c,131.99034705758095,103730,-1,4,1
489,5254163f8fcd4362b6019bbb88dc13ec,132.81238079071045,100009,-1,4,1
490,6269703390624957869e9bc071f16e17,134.38422419130802,95181,-1,4,1
491,dabfb5453ac2454d9806febac44df9f6,132.3204468935728,92783,-1,4,1
492,848d0535939349018c41668705f60469,132.48368352651596,93934,-1,4,1
493,b1bae3685d59491baacad9d09e03becd,133.60285386443138,93156,-1,3,0
494,a2d8604904294c2fb73648830a2604aa,134.1964490711689,90896,-1,3,0
495,114d8a1f9c4a46a5b4fec1e552027213,133.29660892486572,96115,-1,3,0
496,c393232463364bb1ab3f264b12f6694a,132.70075246691704,104041,-1,3,0
497,045ecf94b83648229500b23058af3117,133.84483009576797,110087,-1,3,0
498,6f801059ac9e4220828b59fcf10c7880,134.59217362105846,114710,-1,3,0
499,b76ef036cbaa450fab76e2b42f97d1d6,133.42120498418808,116983,-1,2,0
500,5e8e717247d143a3aa8c3239af723a9f,133.0172549933195,121056,-1,2,0
501,1bf0669e9da34c17a25a6362d8a3b3d1,134.18379798531532,122192,-1,2,0
502,7c3328b43154403cac0991fd6e967de9,134.62059572339058,118996,-1,1,0
503,7714fdd1943d4487ba9b9b3909352199,135.27931459248066,132135,-1,2,0
504,56a8812e2fae4b13960c853cebe58374,135.02800092101097,138611,-1,2,0
505,2e8bed7f596949d2b8777b2a856c7194,134.61692817509174,139215,-1,2,0
506,3a699bf9a53a4c17b008cb3d14bfe238,135.21183654665947,136255,-1,1,0
507,d04c38eb3667435cbcadc46ee8eae374,133.52362625300884,129168,-1,1,0
508,2818d76fdbcf49029de0e316a26f8903,133.25046189129353,118597,-1,1,0
509,45a4f3c2a8a44161bf74a0de34aff804,133.58785584568977,110360,-1,1,0
510,ba3778e1ab7d425eb40a781546aaba4a,136.4379208534956,103234,-1,1,0
511,4de1ba6d551f4b499f4c7c45e70e4e9c,133.5210334509611,101428,-1,1,0
512,a3d738f58fd241178943ee5b09117d05,133.1975031644106,100621,-1,1,0
513,cae4019561f143f5b924529ea50bf8a8,133.4675718098879,97157,-1,1,0
514,feedde26563b4303ad0faa7ef7684940,133.99907760322094,96098,-1,1,0
515,b9c60cfaf1814c8bb363037dec7abd35,131.2287449836731,76910,-1,1,0
516,9aa4c454c6154c069354edd8819f767a,131.7184753715992,80803,-1,1,0
517,4de7963785f34de7afb9e5aae3ce6f9f,132.45444744825363,85232,-1,3,0
518,480ea4e6cd7b4fc7b46ace2b8001fd19,133.8264737278223,89979,-1,4,0
519,31815eedcec04d4892ae361262825ded,132.21402652561665,94946,-1,5,0
520,b2329c1fe1714b9bb2642b257d38755d,132.997278124094,96515,-1,5,0
521,fdd3a6f8d68a4bf08f45881201d072ae,134.52853448688984,92111,-1,6,0
522,10ad8522733c4c47bcf7dc32cb38762f,134.71872173249722,98481,-1,7,0
523,5dd248af969c406f9812c24fe4498974,134.17702540755272,97729,-1,8,0
524,e30a3a964a2e44f29009b76f096acdaa,133.5306093096733,96950,-1,12,0
525,613616256c904184b32ec44c23262340,134.29848290979862,97463,-1,12,0
526,3615d82e7e8546fea5f181157f42e30b,136.0926516354084,97083,-1,12,0
527,a21bf301ee63439697226895c267af08,134.51970741152763,96191,-1,13,0
528,4b65f133505445c7a2425c44b0a2f46f,133.13869200646877,89543,-1,13,0
529,a32eb5c0d8514895af2af5889c1f5199,134.53273102641106,91029,-1,14,0
530,4635c393dbdc4aa589b221fad153d427,134.6240621060133,90097,-1,15,1
531,82aa58cdc18a4b03ae40861cb0ecef79,133.7121408432722,88216,-1,16,2
532,97c934ef10c34ced96b35417dce1b75a,132.57764838635921,87986,-1,17,2
533,f25fac13b265470aa70b69a7ed8013cc,133.6221918463707,91048,-1,17,2
534,6b506fcb72d542ed96d98270abb7aad3,134.4829685986042,84207,-1,17,2
535,da5566fec7d841e399413ccef674c966,132.05714151263237,80060,-1,18,2
536,45761bf806734f8188b9b9297f76afc7,131.9841742515564,84283,-1,17,2
537,20a68f4f6d5e46edb6c4d9e8321ced5b,132.2058904916048,85275,-1,17,1
538,8929201da6384e3a8299d9427669f735,133.94517824053764,93198,-1,18,1
539,9a7dc9c8adce4ae68ca26ad5b5f93366,132.41702690720558,92321,-1,18,1
540,7184209f0b664006a01f7dea4e4ed12c,132.56760872900486,88855,-1,17,1
541,b3ba77a696634442a5f5a5dbcf906a39,132.72813148796558,88038,-1,18,1
542,afc6a7290edb4e7ea109ef97c917fd9a,134.56987962126732,99565,-1,16,1
543,3f4b0beb19874ac6b7daa0f59b714f69,132.84505158662796,100820,-1,16,1
544,867689f92a82488f91fc0b7f283c0858,132.59303756058216,98461,-1,14,3
545,2c1f8867c60b44f09ee37b5df1d1ad24,136.20020262897015,95404,-1,13,2
546,6253275961a54201b8ef78b33bb0a5b4,134.36175137758255,91464,-1,13,2
547,edbe3e17467b4106a7ea812fccc6da78,132.2136763483286,89280,-1,13,2
548,fde1435fa125431d9eb22d8e5e254a32,132.38518871366978,86695,-1,11,2
549,d82980cf7e294905b8b8678fed8a9530,132.89684988558292,86110,-1,8,2
550,1f0a495a2b76420b9cadbc61723e1d46,133.54726135730743,84147,-1,8,2
551,21f333d5deb043bba7fe772ff5775b0e,131.85636512935162,84702,-1,7,2
552,23e7d17b256348638af3b2739b80a5ca,131.75462372601032,87475,-1,8,2
553,594881e10bca4f689d5a6b97ab3d763d,131.9895051419735,86409,-1,8,2
554,51f7ea7d3e4e42dfaf183dbe9996f1fb,133.2163494080305,87866,-1,6,2
555,43cfc03be6f842ae8942c995f8e3f2fb,132.99620524048805,101628,-1,1,0
556,b4799bade00a402693dfa295adeea027,133.924949914217,102311,-1,1,0
557,a3a642471c514dcaa0d1c9c349f16557,132.87614844739437,102350,-1,1,0
558,8a6f3826e95840b096096fb07cf3d22d,133.5603166371584,101883,-1,1,0
559,3fa89fab4ac04d89b9f4480c840658fd,131.64091110229492,102374,-1,1,0
560,96237b21bbed4808a2f751f17d5121f8,131.9934017956257,102719,-1,1,0
561,74dad84d279846b5a8932753efb179e1,133.16727802157402,103321,-1,1,0
562,8e85b43ad9694b7aab05b40b4b6de65c,134.09344665706158,103400,-1,1,0
563,7282c260eb3440539424668687a82648,132.124288007617,103496,-1,1,0
564,2da9ed7919024a0ca4db7a801e70d82a,131.98820315301418,103148,-1,1,0
565,d703cae6cfcb407fa4de781c222be9b8,132.4954852461815,101861,-1,1,0
566,3a1dd258a83f44b6bd97e8cc426d7057,134.05414298176765,99805,-1,1,0
567,37f843af00b54e36b5f57c9c93943c8d,132.62779265642166,100348,-1,1,0
568,ea1f5e0340e14464818a7c9b60564e6e,132.34002143144608,99182,-1,1,0
569,6a53a53e9883421d8f2a50b2546f2745,133.06676968932152,97402,-1,1,0
570,65e61ba2c56b486cbf594a1f382b9ac8,134.81519371271133,96856,-1,1,0
571,f7999aea56664077b37337c19a1950ac,132.6820459216833,98416,-1,2,0
572,fee17d51d2c942e5b81767fca9993099,133.15458223223686,98997,-1,2,0
573,f3cf684168d546328dd1bf7f4141f5e4,133.90026427805424,97352,-1,2,0
574,907c55da60624b3ab19750af975b96a8,134.99770499765873,96155,-1,2,0
575,23e2233434534104ab77e30f8c5289c0,133.503969758749,97180,-1,2,0
576,60b79183ee3344c9ac1d4ca7d2d1abde,132.66993314027786,95759,-1,3,1
577,510c3f937ce54fafa51f9c9f98f0a4a5,133.56325030326843,95767,-1,3,1
578,5d1c94a4e79c4ae8ab8a58977826b106,134.1063193976879,95865,-1,4,2
579,ce60545b3a344043881d7bfc6b5b75fc,132.23625905811787,98946,-1,4,2
580,e8953eb644e34d67a97ce72d2442baf9,132.17241875827312,99081,-1,4,2
581,32fb01b0d61a4724a60cb38a2b03fdaf,132.423872128129,97533,-1,4,2
582,29f27e9e5e0f434983e9f0edfa77f144,133.5000917315483,99036,-1,4,2
583,c46eaf0c8a9d40bdb8c7112cff75f701,131.1909444630146,93056,-1,4,2
584,303119a4aa5647a386b9ac78f26ab362,131.31822273135185,92226,-1,4,2
585,2c0c09db419e4ae692666d7dd235594d,131.75696693360806,94536,-1,4,2
586,cc57b56763574b4298a1211be06666dd,133.2369279116392,95525,-1,5,2
587,cec2eba279304af8a4cf27cb147e0737,131.90723024308681,96014,-1,6,2
588,0afa886817744d61be66f0bcea2be47c,131.2681995332241,95131,-1,6,2
589,1c6d9929bbb840d0975fbf15ed9186d7,131.76332972943783,94548,-1,6,2
590,5a42a9de66d84a4d89bd4b33350d5b4b,132.2804819792509,95246,-1,6,2
591,3e3763feabff47e6ba8af6de41bfad3d,130.82140125334263,96336,-1,6,2
592,8f420f23888e4cae9fa6d76218e393bd,129.99920547008514,87165,-1,6,2
593,ebccfaee3074462482d9948f4866382e,130.72093203663826,90761,-1,4,1
594,d0501e0542884ab1a4790236b16bc1d4,132.09917023777962,97112,-1,2,0
595,234b0f37af694571876a745e5bbb5e08,128.2289307564497,70835,-1,4,0
596,20df43740cba4411a810e204501af71a,129.22991067171097,82065,-1,3,0
597,6482944ffc7a4e07b6028c5797a41606,130.10160811245441,91790,-1,4,0
598,f133ae5862974d64aba52bf55982552b,131.88214227557182,101213,-1,5,0
599,f405bf5322cb40d3811fcbe802c0eb8d,130.2840020507574,105272,-1,5,0
600,061805d66b424aa18267bdd7a955b761,130.5751670151949,106202,-1,5,0
601,1efe6efdec394a219cfda8e18e297242,131.34011439979076,104310,-1,5,0
602,5e0d10b1807d4f2e882b6162e02b9f93,132.9424735158682,105842,-1,5,0
603,ce4988f5118c4e41a1954abd638c5834,130.76584599912167,100399,-1,6,0
604,dca60e243d2d423daf320e3f6593ed96,131.32192939519882,101692,-1,7,0
605,e18b1aef00754af89e937842ce6ba4be,132.6225232332945,103285,-1,10,0
606,23e4bbcd10fe43e1982867dab19c79e8,134.02564823627472,99828,-1,12,1
607,9ec1f5b804234e15a1ceb2484201b689,132.0773996412754,100980,-1,14,1
608,18ad5b3aea22454398cc279f33b9a799,131.68377056717873,98265,-1,15,1
609,c99f5e4f006448babe8d48a5eb69c449,132.45339505374432,96273,-1,16,1
610,54f30ff0370b482b823ffedbb19efc2a,133.31964425742626,91911,-1,17,2
611,acf618ad1ec44392941f65d04719adc7,131.31913542747498,91766,-1,17,2
612,20354d14175b447a93ffcd4eabd54732,130.4391622543335,91660,-1,17,2
613,d13f68b9973440a9b8c6c5b92f191513,130.64908608794212,90458,-1,16,2
614,07ccc9049a724e91b13610e0f849a705,133.02630186080933,93329,-1,16,2
615,985f2f38301745b7ae7ef88ad9de59ca,130.51611743867397,88603,-1,16,2
616,2945e6bfeea7425c8adf44f3225122d3,130.45618496835232,90824,-1,16,2
617,b95702eac8684e80ab65303126cc1e58,131.48457556962967,93364,-1,16,2
618,1e43672fe86540b78402473300ca4c8f,134.3268845230341,94925,-1,16,2
619,2c63d07c2c0345539a1839bfcab22579,130.71559183299541,93711,-1,16,2
620,d6b547f2d5ef4f969280b550bd9ac3fb,130.61153516173363,92288,-1,16,2
621,e50376703d6c4e6b870d6a2d7eda3402,131.91272132098675,91667,-1,14,2
622,77558d8e009b490382605c12b7fe8d9e,132.97945447266102,90141,-1,14,2
623,45d1cc714d2a4e57af1dc4683beb2bac,131.20164535939693,90352,-1,14,2
624,c9b7e76f90594a84b5a4ea6750912d02,130.57230412960052,87723,-1,13,2
625,9a59cb6d9027481b9d5602bce9c76b4f,131.63099251687527,86132,-1,14,2
626,c403e0d3bccd4588b18fb4d6f1bb7eab,135.3916134685278,86436,-1,13,2
627,a26a43f97a8649548eea5dbaafe5de72,132.59349949657917,87082,-1,13,2
628,cf753561271b4c40bef93a35bb0cf13f,131.66276179254055,87468,-1,13,2
629,948b555d974b45e087b3d746a4cdf677,131.87869638204575,84587,-1,12,1
630,42605be925b84bbe97cf884d850c6a1c,134.92303527891636,84104,-1,13,1
631,35f8b51f153146108250e5c48d0b8026,130.9853084385395,85409,-1,13,1
632,54f76e2010ea4ac5a9b9f354ad28612c,131.18427246809006,88937,-1,8,0
633,2b996cb489344a3f94840f8e2184ac77,132.07611627876759,88862,-1,8,0
634,8a96bc21f4fa46d392daea4db4814547,132.06180930137634,86858,-1,6,0
635,fbd3aa2098234fb1869d34d920e16eda,132.42045417428017,98094,-1,14,11
636,1ee6726a7f75445b8603980cb2bc20df,132.52298533916473,103131,-1,17,14
637,7d0b70d62a3a48d4818173cab9983b63,133.89452174305916,104377,-1,17,14
638,d64e599dc5c64226895649debdd49793,134.1314483433962,102184,-1,17,14
639,581b3ac0f7904012b2569fb92a986640,132.82063603401184,100113,-1,19,16
640,9234bbf8c7c14d758c541f475cfa95b3,133.86536948382854,96989,-1,19,16
641,80905606dcda4d78a5eb61e1676e1ef8,133.64976458251476,97808,-1,20,17
642,3c7491fa33b74757a8feab372f66b280,136.75105944275856,98087,-1,20,17
643,b9ee1bc6c5a24dea896c52970bc5fa6f,133.7095256894827,95561,-1,20,17
644,30b94629946e487abf5866b738790f0c,133.6499322205782,93407,-1,22,19
645,7ac3bb7fba5c4852a685555407cd10f1,133.94394516944885,92016,-1,22,19
646,35eff3f6f5b84929a33c2bda269a266f,133.58254730701447,91705,-1,22,19
647,50488284203440c0b64f5e78e87aa28f,133.19428823888302,88432,-1,26,23
648,410dea74acf640189bdf89c5b0f64265,133.8717695325613,89324,-1,27,23
649,1fe2834ee41a4f81b8323b27d92139d1,133.54531675577164,88158,-1,28,24
650,4d53a5c439ef43028f3d4b874adac519,133.06867145001888,87340,-1,28,24
651,ac25dbfbcd3843c7b6023e59aedc5175,132.90921226143837,88623,-1,26,23
652,842b501588f84b8bb815fce938556b32,133.97619500756264,89518,-1,28,25
653,3414bbcff961455ea6549ba1a2bb3b81,133.47985409200191,90721,-1,28,25
654,48de6a86245f44bdbf4921d2695cd6a8,133.0976951867342,90501,-1,27,25
655,381fe530586b4c189e10cbefbfb0e773,132.5461994856596,93900,-1,26,24
656,f54c35623097453e8adccb553b2cd2ba,134.11429524421692,100081,-1,30,28
657,a13c1966d657438094f1116fd27d2c1e,133.69369693100452,102051,-1,28,26
658,c94c07c0adac438d9fc5fa2e2c2b4811,133.61744210124016,100243,-1,28,25
659,49ae81f8e34c4e06bc213d925cc1ca84,132.9626925289631,98846,-1,26,23
660,52c853ea6b55497b9cd9ddaa03f92133,134.0892780572176,95850,-1,22,19
661,32e69a777d58481ab972dbea3ff75974,133.536109700799,94175,-1,21,18
662,d34984a371044f33998cde724c33a102,133.37871246039867,94645,-1,24,21
663,53634328fddd46e883f7e1d6ccb7b059,133.33194702863693,95426,-1,24,21
664,856952a195714be0bdd50295c561706d,133.73196870088577,95850,-1,27,24
665,921505c43d8140678c34d83bba358a6f,133.33740644156933,95668,-1,27,24
666,b7054aad1b4d4bc59ecde0d0d0acd369,133.23585502803326,95878,-1,27,24
667,9af33b52e11c458096ce6bee5548c1ea,132.92405009269714,96513,-1,27,24
668,40af6a4135e64e6496a3bde206fd5ed3,133.4942802786827,94582,-1,26,23
669,a78c360914e444f3a489d3c8bfbf1b51,133.93736444413662,92746,-1,26,23
670,ebbbaf52f11b461da3831127ae713d17,133.06894153356552,96457,-1,26,23
671,ebcaba2b04db43e28b301efc7d6f3e9a,132.17235915362835,94747,-1,28,25
672,4f6e2d8e22ce40cebfd0d3de008f4d4e,133.2695484161377,94354,-1,27,24
673,9cb4d97844624443b1f7c3333bb13c5c,133.11289623379707,94242,-1,26,23
674,9cdae13a6a0545d8a2fc50c06d993c7e,132.45324604213238,94261,-1,25,22
675,134c7f63827c4b858a2a4ce0582d8f6e,131.54010102152824,81869,-1,34,10
676,ead426cf94b849149ff45a314c4efe2b,132.1922466158867,85294,-1,36,10
677,d2776ad57f7e47caa2001aea3f60b204,132.67999328672886,79840,-1,38,12
678,42c7b34a5f9e440baf4d8ce1cf75922c,133.50903987884521,81878,-1,43,14
679,4b4c3bc538e64867a9712470e04d61cf,133.3821713924408,81510,-1,45,15
680,0966ed2dfcd744ef831f394b7933f747,132.25268758833408,79717,-1,40,17
681,5c561271e7f64c42bad8343eb42043e4,131.62741251289845,79020,-1,43,20
682,ddff867e8f5944869c55dfeca2151ba8,132.16004520654678,78662,-1,47,25
683,40847c1f1fd34cf2bdf278782dba841a,132.4477456510067,74542,-1,52,28
684,3adeaa8b4f5f4b32a361534424ec6c71,133.22373293340206,74074,-1,57,31
685,6413a3e27b664997a08f7a0b82667d06,133.20702128112316,78341,-1,61,34
686,6609fa8733f14987ab840f3467c609e3,133.63327272236347,80865,-1,63,34
687,ef03db0d15d241bf98a72fcdb87989e2,133.05874168872833,78618,-1,63,33
688,fbac9771eca241c4b18c195395d64e22,133.47933255136013,73609,-1,68,34
689,ef661945febb4f4b9f11bea17dd55c63,133.4642954170704,72234,-1,68,34
690,f274b48b3f8245669f97556d66ce468b,134.86618921160698,73620,-1,70,36
691,dd8165825b8e4514aafd5b92fd9a3d6e,133.78933630883694,73071,-1,71,39
692,603304c79ec14a318fdb1c896b8aa43f,134.09884832799435,75101,-1,68,39
693,04f790baf5a44f359a8b797be0550994,135.20322181284428,73089,-1,73,39
694,b4bff2b0e4774147ac53fb96ff9317b5,134.78371314704418,73802,-1,74,38
695,3425c66163af46cca4c96006d425e0eb,133.91326926648617,69770,-1,75,37
696,cdc90732e957479da6c8a80c9fad6f78,134.6583478152752,68595,-1,74,35
697,8b66733250b94940b0e7477c8b182512,133.61036963760853,67861,-1,73,33
698,3d9f13edf73c4e25a484253ebf80f222,135.49827598035336,67047,-1,73,32
699,2a271f85c90a45a9a6f33d9cc281943e,134.30488482117653,69326,-1,70,28
700,9a476217cc324813a5760c9852643324,133.88470374047756,67794,-1,72,27
701,657b2fe881834950a629c05285b2055a,133.25299881398678,68053,-1,73,27
702,a7eee1088f4a43f4b1c49324e4a6803e,135.8641628175974,68325,-1,72,25
703,93d25b8eaa46429a997327e6e333f627,132.96491652727127,65045,-1,71,25
704,ce130b56a60242dfb4369eb62bac9478,134.0234950184822,62706,-1,73,27
705,789b705cdbcd4e5bb43812186d612d7d,134.06073488295078,65104,-1,77,30
706,43357fafe91d4c018e42f07f16fc383c,135.04084572196007,65895,-1,78,30
707,470df44aab6241f4843137efa2e55b85,133.24559479951859,64167,-1,79,33
708,14684fc1b81a43888b992d553add01cf,135.48889942467213,64239,-1,80,34
709,65afa21300f3456b993fd438e3f5a532,133.703775703907,66076,-1,76,32
710,fe04ede880b14ae7b07e27d9fb283f08,133.592015132308,66621,-1,76,32
711,012f334ee21b46be8133515d1ca58bc9,133.19728150963783,67354,-1,73,31
712,98fd9fd58c2f4facb90912ed9387622f,133.51639173924923,67424,-1,72,31
713,6ec76d5f32224d11bdc44c4dcd356461,132.49225914478302,66045,-1,69,30
714,d995c004834a4c4eb5ef3c7dbefc720a,133.7952073663473,66498,-1,63,25
715,f0e4797551024f9487a016ee9d9e29e1,132.94589146971703,68357,-1,94,37
716,6cc2a560dacc42149e0780bfb6efe682,132.040249183774,70037,-1,104,38
717,b78605983b3543a1a70df4b3805e4dfc,131.83931447565556,73403,-1,108,41
718,f6486e3c8a90429dbf1d3d66a91239d3,133.32024402916431,73374,-1,116,45
719,248f5231a8c94b5da0b58e515ad68298,131.4613427966833,71805,-1,115,46
720,06cc9133c0684cf2b676cf5f7c49e88b,131.89962692558765,71480,-1,113,46
721,2ff5689a089844f0a2097b1883916003,132.60011188685894,70237,-1,117,45
722,e22c0bbea22343e7beffd77c44679a83,133.61511938273907,72414,-1,112,43
723,b16c13a33031451e97116a3149783fa9,132.06769339740276,74283,-1,108,42
724,1cc4743fc70047ad8eac0777e43cfe57,133.06491263210773,76377,-1,100,40
725,72f030bd5dd142d497c090dc04bb5697,132.17554427683353,75350,-1,100,40
726,e8dd2a90a84142b2aa1c42126d3f135b,132.1511771529913,74686,-1,100,40
727,82a88b409fe4435ea678f8f89ba34b74,131.8089347332716,74456,-1,97,34
728,4d53bb70174b4e8db3913f50a7bc1590,132.7677872031927,75044,-1,96,32
729,b66b4277cf6145bbabb891ea7193dfa6,132.87195190787315,74516,-1,94,31
730,6611e3ee45484c5d80bd4703d458e518,132.957112044096,75725,-1,96,32
731,6d0cc921b3564b00ac7925cf529310ae,132.24856182932854,75439,-1,93,31
732,80406b20df8c43ad98e4a7d6b8de00ae,132.6830480247736,76992,-1,91,32
733,1232e4600cb4400db443ae7e6a710c1c,132.92240723967552,78387,-1,89,32
734,81f15cced544486daa6aa4d6b6bf17d9,134.0700425207615,79169,-1,85,30
735,dbffcc96729b420380ace0e08ad587d5,132.8213084489107,75260,-1,82,29
736,73ac66237c854ee69fc29e9b24860e41,133.16935114562511,76197,-1,77,29
737,9fbcde13d96b43a8aee0f76aee3bfc65,132.5437556952238,76813,-1,72,29
738,b1c6966bd3a547ed82273d837490e63a,132.7861100435257,80789,-1,72,29
739,b173607014c44dfd86cfee252561315f,131.9675724953413,85805,-1,70,29
740,3c23cd7c54034c298278d81d0b3d3954,132.59271904826164,83723,-1,71,28
741,07794b6977294d6185f1b4567cd10e4b,132.70298577845097,82404,-1,71,27
742,f8b5e98950ed483e92ece29c264c072e,131.79095275700092,80365,-1,71,26
743,56b2752879d247359f620173a94838c3,129.8555862158537,78175,-1,74,26
744,bb99cbc063344aa497ce11315ff5bf8d,130.45722618699074,78331,-1,75,24
745,cf5c4b437daf4bb3ad68d0f88ea7bff2,129.9451757222414,76095,-1,75,24
746,8610dd7c403e48dd91ad1bb1ef77b308,129.89390827715397,72752,-1,76,23
747,e9b9031b8f5f41e89bd5eed158feaf14,129.5891460031271,69601,-1,75,23
748,a6be1b51213443ba9991585f56a30c71,136.80813647806644,72001,-1,73,23
749,f540699e07cf47d8bddeb1f0227a7417,130.61550445854664,73432,-1,66,23
750,ba22ee94c0b04c69aca0a5171a8e9863,131.86593167483807,75965,-1,56,19
751,d0113c8f8ab3486180fc0689728adca3,130.96047192811966,81439,-1,46,15
752,b007fc18b89f4f42bf5798e093b43729,131.20632246136665,81543,-1,40,15
753,15c9fc58c4544a929763a1f2a34a2269,130.95583207905293,76949,-1,31,14
754,59e1ec0333a747d58efe81aeb250c113,132.4898824095726,73313,-1,26,14
755,d62b0f9db06440c695781c52ed71909a,131.952665746212,64336,-1,27,1
756,fe87516995a947d285cd5d815f479eaf,133.57077538967133,66065,-1,31,1
757,60341918a107414c9c44a9bfe169c9e4,132.92623311281204,72396,-1,31,1
758,17d6152bed1f4d97928dedad04c0d7b8,133.83206725120544,75658,-1,33,1
759,020154f4d8cd4e8582c4a02f10d70d7a,133.3891525864601,72541,-1,36,1
760,a3d2c3ca40b3455396e7ae776f523ea0,133.779626339674,71852,-1,35,2
761,7b8f2d0d1c124c4a9b9d9d3b7509b0b7,133.9082084596157,73585,-1,33,2
762,c93a7e7a083848b9bf26b8438c052426,134.76937636733055,72918,-1,27,2
763,c090b86c7b9c4e97a3e145a70c98c631,132.90711864829063,74374,-1,22,2
764,40ead2f47c8146c581917c05cfda04ea,133.08857008814812,72641,-1,26,1
765,cc71e504f560478ba9686b0ba983f1e6,132.78918713331223,73543,-1,26,1
766,d9d546a04a9a41d8984c39e7c53689b6,136.3031566143036,75584,-1,27,2
767,a43d2cd8447b41858887bf536628b0b9,132.9433172941208,77442,-1,28,2
768,997e5e6c149d4bbcb3c210335f901c3d,134.52228344976902,77474,-1,27,2
769,57267f4d074b42568f79cd015d5c1a4c,133.5208509117365,74681,-1,26,2
770,af571c22d255499db27ca444d6b9cef9,132.73047655820847,73628,-1,29,2
771,814720ee91d54e408e6fd0dd1b356e9c,133.95258411765099,75796,-1,29,2
772,13da317bc2a547f89ee12cdf67c6ce4c,133.56797769665718,76916,-1,31,2
773,cad8d994d6b14ffe963e9dc7768d0a0e,133.84127244353294,73516,-1,33,2
774,5dda1ef89d98493aa39a470b21fa4ebe,133.81200842559338,72434,-1,32,4
775,7b86bda4144e46b08b5c8aea57bfa969,134.76785458624363,73566,-1,28,3
776,7f73470d1234487996a0f254b1e6c610,134.07158479094505,69971,-1,26,3
777,3c4a042965874822affa98f7449566b6,134.57738608121872,69797,-1,24,3
778,b2024b635e624a719d16d85b395447d3,134.09662060439587,74780,-1,23,3
779,50a05815453843d59bc3a77910df455d,133.73734802007675,72091,-1,26,5
780,25a5a54ce55347fe877f2d72b0231a37,133.6559746414423,73438,-1,28,8
781,c76efd09fff94c32b9a77b0c634856af,133.2509946078062,73499,-1,27,8
782,d4437f7299da465a9115120375104a24,133.80801118910313,76839,-1,24,8
783,c4bd1994696342e386e28a05135b09ad,132.9469531774521,76270,-1,26,7
784,c0e4b1016c09468c9b1ce496462eb1ad,133.34957882761955,75905,-1,26,8
785,08078980e5564ecd80cdab0d0c71f2ac,133.4800161421299,73328,-1,25,9
786,de550f4c35284f90844c07a64253639b,134.97630506753922,73638,-1,26,9
787,6f88910ce826420fb9739c7da9d2e54e,133.61491821706295,73584,-1,24,10
788,5f15115414584a23bdc0d0982c46e264,134.0868342667818,73989,-1,25,10
789,82e2c7a48a4640ce8475d8b6930f8a1b,133.4005557000637,72745,-1,24,9
790,ba5d4c21f9d1441a80355fb2b2bd5908,138.3775845170021,71136,-1,23,9
791,05a38d819af84ccd8a76291422820369,133.02059285342693,69565,-1,20,7
792,0c45e7984f2f453fa8650c20bf9a3fa6,132.87448696792126,68077,-1,22,7
793,6cc55ef2e7e84c668c209a5be46c0584,132.9696774482727,65869,-1,20,6
794,2f598ed435a94ed1a58f8523592cefb4,133.43745470046997,70112,-1,15,7
795,e1b5c775be134db696ce22413d195c72,132.71629996597767,72748,-1,62,9
796,ef9b3594550a4e8a9e6442aa7b5c6be1,132.87924602627754,79843,-1,63,9
797,723739bbe19f49cfb531585eecea1dc5,132.82251730561256,84776,-1,67,12
798,a85e915244be4644ba830af4cf4aaf45,133.0889891833067,85197,-1,79,13
799,856ccc626a4a4c0aaac1e62335050ac0,132.34137557446957,86442,-1,76,13
800,e63b580425fc45b5a585a45523bac035,133.21375474333763,82835,-1,73,9
801,f3599aace98a4c0890a8ea374dfd58ff,132.78901763260365,81026,-1,69,9
802,28b65b60537d4f70be13fae042ecace9,135.9624769538641,82758,-1,65,6
803,ae334a760ecd45d8a88a69014d8290ab,134.5214806497097,81224,-1,66,6
804,7bd9965f22864e9dbff830ced43a66da,141.40949957072735,80181,-1,63,7
805,978a078289b64db3a6a318e8547076ba,133.15627723932266,77500,-1,59,9
806,125a63c9e5b14ebfb5839143c88e3a44,133.55219922959805,76355,-1,55,9
807,f82e1e7cf87b4ef1a4d6227b6851441d,132.98317044973373,77242,-1,55,10
808,cd7b7f9917364acc9e25e8d21e4dc297,132.3985829949379,74950,-1,54,12
809,96d66c41d3dc42b193bf1a091ac103a3,132.4158050119877,74746,-1,50,12
810,6f8d7a927c524cb8b3526b9b798a5a53,132.20215402543545,77078,-1,51,13
811,c2102371cbcf4d8f9eb66069a3d5b350,131.34139589965343,76923,-1,49,12
812,73e7a058423243e49848fd0b9b259ce9,134.03134979307652,80356,-1,44,12
813,538100c6eb164041b51302a0bd140187,132.1402695029974,79170,-1,36,9
814,ca08ecf430ce4eceaea30a6a2a8eef95,133.70202109217644,80346,-1,27,6
815,f8d77275b248436794a049c74b69e9f1,132.59463012218475,85077,-1,35,7
816,104e1393ff1d4d7d8d56603527a77080,132.81091675162315,87722,-1,39,7
817,568a082ce58a4b4e81df3974e7ff34de,132.3681566864252,90062,-1,35,6
818,faae4d51453c4a8e9b3fe404724ddfa8,132.3874220252037,87287,-1,32,6
819,07a6e4ffcd6f4d4caad66fb043435c4f,132.68477842211723,88704,-1,29,6
820,139bce92199440ea8929d1a1bd10dbda,133.99069383740425,90195,-1,24,6
821,c1f344cadf354fe0b12446935e54247e,133.87015648186207,91666,-1,20,5
822,4ea2156b82df43cb8e80a3cb344b20a3,135.71946136653423,91380,-1,18,5
823,73b363c5332a423797a2c0728cc1a75d,133.50660353899002,90836,-1,12,4
824,50082a94da544d22b00110cc1bfa100f,134.67516005039215,88882,-1,11,4
825,53b7ed3ff487465f82d3bc490ec3e5f4,134.1309268027544,90078,-1,10,2
826,274efd8b53b44ed59141097b10701786,134.28325206041336,90157,-1,8,1
827,9cd7ace836724f68b0fb6ecf42caf46e,134.85247269272804,90269,-1,7,1
828,63da0bd557fe4de0bd2b76c77e9f7fa3,134.40129347145557,88287,-1,7,1
829,989191ea92524bc39ae8ee546e00282c,133.51394794881344,86224,-1,12,2
830,fdd2da37faa44428ba9ce4a760f53276,134.83468815684319,85405,-1,13,3
831,07eba9ddc28840d489afd0c222b0f056,133.1284549087286,83948,-1,14,4
832,08d9dfe15f544635b3cc72c742cd85ad,133.72162729501724,81797,-1,17,4
833,ac086f3a640847fc8579368c4e42ee6f,132.859468460083,82357,-1,19,5
834,95b0c6a3602544ffb3c3e014b2cdfda6,133.90709646046162,83283,-1,17,2
835,0f39f34febc84a6689f08599105d1421,133.82270745933056,72728,-1,8,2
836,09f3a3ce512a442db7dd47f9ed39e64f,135.5799287557602,73587,-1,8,2
837,42b565bc38af4342b79b8697ab0a45b0,134.87019576132298,71009,-1,10,2
838,213ee1a50ed245eaab655babec4f15d3,134.85199213027954,68117,-1,12,2
839,e15862d8a89d4250947cad3d1eff3dfc,135.02081856131554,69576,-1,13,3
840,86958f43ae42452badc0ca07c865b890,135.56132465600967,70512,-1,13,3
841,a1a01ae0cc9f428f8ba4c545e20ee88d,135.0755225867033,69272,-1,13,3
842,f75d70a9a0074c3ea84d4c5a221fcaf4,134.28251259028912,67527,-1,17,5
843,42bb00324869498faffe17be9b403f04,134.40348021686077,67708,-1,19,6
844,aa7d1414139344a49ba47723de8d8d3b,135.49714349210262,67163,-1,18,6
845,70b93dd31d724e7fbab2d20ade9bb4c1,134.93958674371243,68733,-1,19,7
846,3f649706222f4d83aa0a8a1b687f29fa,137.99944333732128,66400,-1,20,8
847,fe4ad01f0ee044a6abb9f33cc1b6709d,135.70799864828587,64542,-1,20,9
848,4afb1a21cfd44947b98f9d2f778657d6,135.6529463082552,63073,-1,21,10
849,d65e5cddfa574daeb9ea9252d66dfa97,135.35508513450623,62854,-1,20,9
850,abe76951d0a0458d84d59e689d8ecfab,136.20328158140182,60633,-1,20,9
851,6bbd9ea66b1544479ac212c19aa22010,135.86591556668282,57277,-1,19,9
852,0da044f464b44e5d8c782a13903d6e50,137.30183243751526,51837,-1,20,9
853,2c9c230704cb4870b5dfae8b435dd0fe,137.30836659669876,51443,-1,19,9
854,b3537c4657784727934760188904dde8,137.05418817698956,49761,-1,16,7
855,398ab5422d3047dcb56b36a8f7d7ebeb,136.39365881681442,50865,-1,13,6
856,b2d77fbfe24e4cdb988949cc2565652b,136.68067567050457,49025,-1,10,4
857,e73a59216865449ab48d31a0880664aa,136.03763841092587,54741,-1,7,2
858,76143fdc216840bf8e2c7b08b0dea88f,136.1374370753765,58229,-1,6,1
859,ead06ddfed704c82bdb77a1da54ca79e,135.15341840684414,55818,-1,6,1
860,378dd1889800438d8851571359dbfc22,135.72989031672478,54306,-1,6,1
861,b731e3bfd7b64247b9d9708e67847933,135.10586880147457,52060,-1,6,1
862,0e4aea0d177c480a9ae050a01368ebde,136.704470962286,50174,-1,5,0
863,ed8368b711934a1b86f5a4ce354c39b0,134.6298735588789,49997,-1,5,0
864,740e48ba5a5a45afbc1a56b16f586054,135.2226287126541,51794,-1,5,0
865,6060fa4c3b1e443994967da28e86132b,133.86989757418633,53385,-1,5,0
866,029a6b83ae1a42cbbf775fd77415745f,135.09531877934933,55741,-1,5,0
867,eb5ea93bd45246329e50a6d7a93e3832,133.4349401295185,59309,-1,4,0
868,5bb77a2ff3d44094b691ba239cbab83a,134.42842662334442,61370,-1,4,0
869,50d37bbac9f84f70bc2221d28bf7fee3,133.99416022002697,61217,-1,4,0
870,124b2bf95a634996811d0043c9fb7b89,135.7234474271536,59148,-1,4,0
871,d5ad6fac138744c0b7cadc62843cb9be,133.4544885903597,62078,-1,4,0
872,5f1decb5ab4f4691960becd0ddb6d454,135.4163009673357,59165,-1,5,2
873,10ec5f51c91d43d98b7bfc1f3c65183f,133.7924227118492,60201,-1,5,2
874,57a80885dce842049aa03cd95ccca916,133.92777554690838,55019,-1,4,2
875,15c59626df6b4f96bb7ef7c5c1797159,132.29367695748806,60245,-1,19,3
876,e46803a34fa744ad9372b5227798e00a,134.4250999391079,61411,-1,23,5
877,926dde8427454373a0f4b61b1b3c6e2f,133.6403265595436,64173,-1,27,8
878,3219230d0e14480c9089c7c49e339a83,132.86202400922775,63713,-1,31,9
879,7c8ce823cc374a8f9376df6d8f0fed89,132.92341865599155,64101,-1,28,5
880,d7f3a1ff633c493a87a94ab0b39a14a7,133.04457627236843,61740,-1,28,5
881,4735f59f08ee4bff93c237f4df39453a,132.05308467149734,60632,-1,24,5
882,f20177ef6307471083339ad1a6766e2a,133.02534259855747,64481,-1,23,5
883,29560e3766b241d281b8b85cdcd790e8,132.76479952037334,66728,-1,20,4
884,17dd14b176364a539463dbe99d96918a,134.20591689646244,70422,-1,23,5
885,9397c89e75ff4f49882869f914d7ddd4,133.4320642054081,70467,-1,23,6
886,821df5bcd0744d7280b23e6284fb8396,133.7172593921423,68719,-1,22,6
887,14f665de1fa34d0a9d12838a5b77d687,133.62524844706059,71122,-1,21,6
888,3e2926beda084f788675fb82964d17b7,134.09225456416607,69414,-1,18,5
889,3357eff74258482c87f90cf0749ee153,133.8823214173317,70101,-1,16,4
890,23cd0004606a4127acc8505a8de5c282,133.78502801060677,71527,-1,14,3
891,c261faeb1eb0442e98d78100827ede0b,133.18899646401405,70263,-1,13,3
892,ffb196e9479445ffb0de654fe62200f4,133.9753046631813,68788,-1,15,2
893,3435cdd71e3d4e9185ae6b514ae7651c,134.5195658504963,68781,-1,16,3
894,b024c29991134caf93eec0576496374b,134.39687713980675,67156,-1,16,3
895,edc5f9bd039342cb9403a18d2cee773d,133.29951651394367,64833,-1,15,3
896,96dbf7debf4f42589d08185c32c3d67b,134.43191163241863,68943,-1,14,3
897,eb0676ccc9bd45149ae65119cb8d5e7b,134.0404972434044,68075,-1,14,4
898,c040a969ea194be38ab9d25d97c9d9fc,136.29797659814358,68769,-1,13,4
899,3c693de822714eeaae9695ae7ddb013c,133.67295637726784,69324,-1,18,5
900,02b68afcd7504587a003bffe899e4986,135.16183383762836,66545,-1,20,7
901,dabb28a18e6c4a668f15511d7d77dc5b,135.47392934560776,67256,-1,21,7
902,2073ebd27d7844d2a0379ec496b0e9fd,133.52721370756626,66389,-1,26,6
903,4f26f58e358741069b137e90cdede275,133.91027227044106,64754,-1,25,4
904,4b247d4da9d44628818024275c07be5a,134.51440818607807,66214,-1,23,5
905,793bebc8b4ec41bb973b791e463213da,133.73633660376072,63047,-1,23,5
906,35eb563d061a4703a23306c6e6728e61,133.31344164907932,61763,-1,23,5
907,3be888f815ab42dcac53815f09b5b244,134.2061087489128,63928,-1,22,5
908,f69afa3eed11447eb559f49c325f02d7,134.1577060520649,63671,-1,25,4
909,af15c54e76b04b77a7f6c6aa793e7013,134.3978587538004,64250,-1,22,4
910,0f96fbf018914f72874dd2ee2c91e8fb,133.04288499057293,67222,-1,22,4
911,e3957ced101f436190df1a9003cad35c,133.23640823364258,68610,-1,20,4
912,d7188ab6f6494e3e900f16efa4c4a7fa,134.87179949879646,65861,-1,22,4
913,e912d5da843f420c8c4cff156b085376,134.1435592621565,66458,-1,21,3
914,c1b68aa96280460c85bff795ce202a86,133.12636129558086,64651,-1,21,2
915,8e46878ced734164aae0e83567aa02a5,136.94439083337784,35901,-1,15,1
916,6f5b556ef64b47f596df0314f6db9f99,137.87943869829178,36081,-1,15,1
917,4f0f533c84c4493599f2eb3a60882b16,136.57843507826328,42448,-1,17,1
918,76ffdcc4676f4b75b7adf32b0ff47c4a,136.52709871530533,44324,-1,18,1
919,774f588fe35f46338735d6c72c94de28,136.95277832448483,42639,-1,17,1
920,8d966583bc7c4627a2437be13761529c,137.3034566640854,38956,-1,17,1
921,2d30b6e4f3094fcca0fe91fb288a6a0f,136.26121915876865,41847,-1,19,2
922,1525755f9f8948f1a2f056039971fd70,138.11770640313625,38415,-1,19,2
923,6b10154e2b3146ab85b43f3cfe053d6d,136.88230700790882,42964,-1,18,2
924,1259283ec9f549d4b26c98ee76c654a6,136.7974355816841,49082,-1,20,3
925,38bde80644fd47f4b08d8de873a8be1b,136.4307776093483,49737,-1,22,4
926,0b47858110f442afa33226467f596df7,136.91038638353348,49647,-1,22,4
927,b11dc3efe66e4cf4b316b6c11b9b0158,136.66583970189095,52268,-1,24,6
928,7ac61a641ce14bbdab9e8af6aaa6081e,138.01325857639313,47631,-1,24,6
929,9c2cb01fe74e49e1b9d3b8ae3fa72299,137.12813705205917,45211,-1,23,7
930,1ecb668fec5d4f27bdcd6832ac687dce,137.2105609625578,46048,-1,23,7
931,ad61033aa6e44659966bb4065f50abbc,137.30631209909916,43369,-1,23,7
932,f9e3162f45db4bf5bc7f9360a831d2e4,138.21890577673912,42694,-1,23,7
933,b660b9573c9e46b086245e5c23ccf7fe,137.27890141308308,41214,-1,23,7
934,75023dda46de40c3953a0a67a31de816,138.45461793243885,41212,-1,23,7
935,38c0c7b30e1142e4bc0833c2d489c493,137.62439973652363,41868,-1,21,6
936,47f40eb09dcb40b9888d81fb4b872ac4,137.51446269452572,39429,-1,23,6
937,47d74378d3e04fa6bb3132928c0f9fa4,136.89477927982807,38490,-1,25,6
938,5fe961cfd2b444b0898c3abb7c969e77,137.45695538818836,38199,-1,30,6
939,c3ab884d58ff4822b6debfdbae4ef0a5,137.60194554924965,39480,-1,36,6
940,e568b88df00a4c19960ff2b83ca5630d,138.55854235589504,41091,-1,40,6
941,d617daef46b24ba39fcc80e8f767b082,136.4954076707363,44126,-1,38,5
942,5a85db16e41543e5bcfe5341d3c85787,136.48721389472485,44348,-1,38,5
943,3d4112671b8c4d8393a0b32d6d75287a,136.59866154193878,44181,-1,37,5
944,c10dfcf73ed84179b8915990fa6464a5,137.0360031723976,48066,-1,43,5
945,e6c7e16f831d4807befccae91f7df830,136.48081943392754,47866,-1,50,5
946,971fe52375054e499551b963e85e1fcf,137.8038376569748,47384,-1,55,5
947,77dda60825f246ecac50f1411e851fdc,136.2422425299883,49195,-1,56,5
948,a9e6b3566fcd4effb8847e22a2a4577e,136.37154549360275,52275,-1,58,5
949,248b69faea5d4dc6ae0106c95d48ece8,135.50074957311153,51924,-1,60,5
950,4996d203a43242c2b26d62b68aa2067b,134.9799707531929,51212,-1,61,5
951,02229f185fe44a0780d24ed8a2b5af49,135.20808145403862,53208,-1,63,5
952,b966442a32c24683829cb74c30e6e21d,135.3011652827263,55340,-1,62,5
953,e13ec49d20974a01942b83317fcbfa46,135.9657235443592,53270,-1,62,5
954,f6dc7d8ea5bd4b84938579f60488bee5,135.05869917571545,51926,-1,59,5
955,6e0955c28ecb405b98d91b089761dbbb,132.75475054979324,81042,-1,28,2
956,59e6f43c31be472393ee5c8dcc45f9cf,133.86865332722664,81216,-1,37,4
957,b5fd72c8c35c4b7bb656f4e9d5b8fe52,134.13191959261894,80643,-1,39,4
958,e19007f8d28a4590b249b6025bd8f4d1,134.29689966142178,82335,-1,42,4
959,88c4bf6c96624c9baf7ca0f98c790034,132.61968828737736,91685,-1,48,4
960,6dab8a84451a4f01aca9352708196964,134.9903717637062,86827,-1,48,4
961,4d1040b4e7804bc395186572f5ee281c,133.69585946202278,83365,-1,49,4
962,8ffab42b57d14c6cb0486620d8675a74,134.2182196676731,82289,-1,50,4
963,c086941272e24fefad3e65d65760aed4,132.57026486098766,82616,-1,51,4
964,5c27958677604dc5ad254f69f31aaf85,133.81285965442657,82936,-1,52,4
965,561cf9acfda645b79bc52ec82537970c,133.8520534336567,78493,-1,53,4
966,7a903ae4cbb0466093fc117258a31efc,136.3343670964241,75378,-1,54,4
967,e35b8b29c8b742ecbff086c39c87875a,133.97271931171417,69620,-1,54,4
968,d0b2eb773b2a4f9c8a25c655d5deffbd,134.07623395323753,67783,-1,52,4
969,852490943ea64291ae0f85dc0d49825a,134.23507288098335,71303,-1,51,4
970,938d0ee9763d44b6a01b7dbbe2240c85,134.19014774262905,69509,-1,51,4
971,3a2c3d1efcea439cba29f425cdf5fbe0,133.50354880094528,69018,-1,50,4
972,05699704028c40708d98ab16374fd748,134.53426584601402,68196,-1,44,3
973,c83fb640e909437d80981a7c4338265d,134.1054793447256,71373,-1,46,3
974,636c9024749e46ee8a9987b58e2cf802,133.85864533483982,72990,-1,47,3
975,f9438d42bb944364b5a75d6c5d0bc758,134.21681709587574,72054,-1,47,3
976,349fc724f9d84aeca8afe4af49d05986,134.6444319933653,72276,-1,44,2
977,5b58b84c5f28465e83690772812e8b3d,134.86301340162754,67343,-1,46,1
978,71be7481176747a7aff4ef5143b18e2a,134.12289135158062,64659,-1,46,1
979,4a4ea75ecf81469988905e6bd73bf49d,135.01287437975407,63791,-1,43,0
980,08303db5860e4e67b5b4ab7c30d41902,135.88222675025463,59652,-1,45,0
981,7f06772548b74f3a912afe867ba70a6d,134.6535086631775,55625,-1,42,0
982,bcdcc52ce4614abea760880e5645eefc,135.263804346323,53114,-1,42,0
983,995b3a75250b4fc5a5b785f90b5e739e,134.69175063073635,55978,-1,37,0
984,267340cfbeb4415f9f74090750e237ab,135.02705097198486,63666,-1,37,0
985,9c3458157e3641dead10c9d1bfa06c5b,134.3251522630453,60769,-1,37,0
986,e4b197f5dff84cfd882d0d0dd29403eb,133.90940241515636,59863,-1,40,0
987,11514e9bc4184a1f8bcdc1fe7aafad2d,132.57076777517796,58471,-1,37,0
988,0d2ebc600fc449f6b7a95f1f69ee52d1,134.70127806067467,55559,-1,36,0
989,f7a001c474d844618d4c6fb15dc16b8c,134.1844778507948,56568,-1,35,0
990,b3f975c461014d0e841c56a20a180f7f,134.29484516382217,53662,-1,27,0
991,2d3694bf122e4349a984883bc48f6018,133.4291286766529,60162,-1,24,0
992,480afd6a2cac456ab71ae46506e30335,133.92846658825874,63054,-1,22,0
993,f6a82d4677144b92bcce7d8a013889a8,133.672047406435,63120,-1,16,0
994,19ffc60b7e9f429cbca0dbd5e2fc2e03,134.33518260717392,63635,-1,14,1
995,a442b57b3e044dbcbe729bf3db01af36,133.85623134672642,68588,-1,14,1
996,8ddac045b61a412fb54f4d5870e0516f,134.37829352915287,68019,-1,16,1
997,f216d7a4ff5345dbbbb8b27dce4f0953,134.31021384894848,69474,-1,17,1
998,16c4a3eac2a54160a30b559855584cd8,133.72858054935932,66054,-1,17,1
999,442d1845be554fc49b9ee04c70492b29,135.74075140058994,66193,-1,16,1
1000,a92511954d004ec9922e75be59fbb109,135.49110293388367,65583,-1,16,1
1001,665e155d1c3c4abdb5129b35b80c3b1b,135.03467477858067,67281,-1,17,1
1002,abccb4eda68e441d893861429fdd5605,136.06301695108414,66472,-1,16,1
1003,ac83bf9a407f40ec8182fb5d2ba88444,134.8825916647911,64550,-1,15,1
1004,6a85b1377e5c42dfb6e125b2cb0a4ec8,135.34735143184662,65458,-1,15,1
1005,ac22e12d11f84b6a98faa260bdaa64ff,135.42488776147366,64646,-1,17,1
1006,733e12b439b846169b3f8214a89ed8c4,137.172169983387,65908,-1,16,1
1007,d11f2c7391984c91b68ebd8efaef6f30,135.1493913680315,62683,-1,15,1
1008,a27511294c014c34bea679aae0d35735,135.66355593502522,61783,-1,18,1
1009,7dfa2547d5ff46aeb0229c166234dabf,135.3632714599371,62671,-1,21,1
1010,cbde405b33b946bd9e1796cb78c12731,134.8932795226574,63239,-1,23,2
1011,b83e2b71e78244dea5693836ca0a8ccc,134.68333519995213,64773,-1,24,2
1012,3097b27c66c448d58aee1c54958466ad,135.51054894924164,63384,-1,25,2
1013,9e527ac110c84d6daa076e018aeb7a53,135.51601953804493,63409,-1,24,2
1014,15222be375f74f0d843a4289d18c746a,134.54586640000343,63794,-1,24,2
1015,b2a10e8a03c843f69a00bc872fc18170,134.5003005117178,61540,-1,22,2
1016,894616d89edf41b8bbfd542a150e8fbd,135.68459637463093,59495,-1,21,2
1017,c2e56200cb7d46b6a93fb4ec389f4ba9,134.82849672436714,64788,-1,21,2
1018,7604c6ea363c4a4a8fcf574281a7ac86,136.65286265313625,64068,-1,19,1
1019,d00b9230860e4f4199bcbf9678438447,135.669918730855,63008,-1,19,1
1020,9568f067471847f3b10432b4e53a43ba,136.05444133281708,62239,-1,20,3
1021,c8b6a861ef0445cd8bef18eb2b7f9e89,136.4898979663849,62328,-1,21,3
1022,046d4e3b185a4b15b5784331d7633565,136.25588826835155,61253,-1,20,4
1023,8b17a8d9c23a4a849ec471da90fec39e,135.16511023044586,60028,-1,21,4
1024,723ad93330684af28bd8f329092efa7b,136.0652595758438,58466,-1,20,4
1025,16a2b81fe8554e7cb545a6df0b594977,135.30743680894375,56780,-1,21,4
1026,6711467d3a2146c0a90f6a69787d8648,135.77688857913017,54841,-1,19,4
1027,5e75205506604b6a992c08ce91a92d22,136.2135000526905,53603,-1,18,3
1028,3164b1a6aa024beea62d3b14fa78d747,137.11868971586227,53517,-1,16,3
1029,68c0cfc033f54e919e5f1975765f55d0,137.04338856041431,51880,-1,14,3
1030,2d04e796e3de4102a0e367a0516e6e4e,136.26667857170105,51296,-1,14,3
1031,a9e8805b699142f78346ca02570450f9,136.05308905243874,49706,-1,16,4
1032,0526f810f7754fe8b8a4ae62fc76c535,136.52771897614002,48911,-1,16,4
1033,8887f956960c40df8e801576ad31ac93,136.43570616841316,47781,-1,17,5
1034,78be3bd5f1f146cdb1b7120bbf8a218c,135.56072302162647,40878,-1,20,3
1035,fd534bf0c87d4d4cb891f0fc6f41a6a9,134.7087323665619,40788,-1,23,4
1036,5369488db9e94abcaacb56ed00a0def6,135.19147038459778,41814,-1,24,5
1037,77b3e8a94b22491a97efb1e8f2b742b7,134.619964286685,42722,-1,24,5
1038,d773c946a192406c83ed0980f776d1a8,134.765999391675,43877,-1,24,5
1039,71b80d6861c44bc69bc468d54625bd73,134.6479170024395,44245,-1,26,5
1040,7c8b7e6b9a5c46df898321470c81c8e8,135.6617920100689,44911,-1,26,5
1041,0963783c3e71478fbba311287a1a5b42,135.46115532517433,44370,-1,26,5
1042,22141d99bca241658083cbbf3c7dcaf2,136.14356890320778,44158,-1,27,5
1043,da3ef456918149c5a22ff069dd97b7d7,134.6280723810196,42810,-1,27,5
1044,98592cf269d34c80bdb23c6fa2708db8,135.13145595788956,42565,-1,30,7
1045,ff98be19bcf9436cad14f28ff63cb501,135.0722648203373,44238,-1,30,7
1046,c818a482aa4b41128c8b3bd773ae6504,135.3867258876562,44246,-1,29,7
1047,2a8c82989fcc4edca9772cd20bf34b07,134.7853969782591,44479,-1,30,7
1048,e6bf9e3dc50149ba8cdce44e52f82fb9,135.0534502416849,44432,-1,30,7
1049,18b3ef8c389240f39196a55621eb1930,134.54452343285084,45616,-1,31,7
1050,62f92bfdea694388b2f13c5d04cc7148,134.76834446191788,45147,-1,30,7
1051,a79c34821835458ca58d97b687602ab1,134.5754712820053,45182,-1,29,7
1052,aaac0015dd724fbfa7c52edc33a64dc1,134.9603645503521,44367,-1,30,7
1053,2d800e7c6d03460e8532daba3641f5d2,134.4139501452446,43773,-1,30,7
1054,99ccc70f143b41bf87ef7be9dc4d850a,135.49460843205452,43692,-1,29,7
1055,4b6fcdc1549847c395d07fefcbdc16eb,133.99113342165947,43904,-1,28,7
1056,cb7c92011a4c48a2a201cd2dc9fb7488,135.19461452960968,44003,-1,28,7
1057,1c99c1f837fa457085f86e4afab500ed,135.0955180823803,45039,-1,28,7
1058,cac56fc7411b4bfca61e56d4244faecc,135.7861254364252,45047,-1,29,7
1059,1f40bab191dd4d6c94cb3cbde8a474f0,134.57369804382324,45233,-1,27,7
1060,0637df67b6fe4c5087e9139089ba1b49,135.11039689183235,44854,-1,27,7
1061,57d5c2256bc947459903ce56c91e9b78,134.72843915224075,45276,-1,26,7
1062,2ab5ae2167d94c37987a69ef23b3cb6b,134.88617725670338,46043,-1,26,7
1063,b90fba92889749a69ec4235b8edec06f,135.31333953142166,46207,-1,26,6
1064,a9549839ca344c5d81df2325736374bf,135.02590730786324,45575,-1,26,6
1065,b1eea1e3d59e4afdaa6d29481480d974,135.07590256631374,46126,-1,26,6
1066,65c8d9839556423b87a4edffb70b434a,134.9795814603567,46593,-1,25,6
1067,f00e0c9a763b4b11b88becf115af6387,134.46012698113918,46971,-1,26,6
1068,702718159551426784c32a0722aac622,135.53164713084698,47232,-1,27,7
1069,facb1d12888a40438207e3505d107cc4,133.8152140378952,46866,-1,26,7
1070,2f9f3852a80347e3b3a3ebaa5946bcea,134.31232795119286,47663,-1,25,6
1071,f59eb1486a3141e3b5cc615dcfa83e52,133.8114459067583,47566,-1,25,6
1072,15e8288c2e60438bb4d65702ff0df804,135.5408262461424,48473,-1,25,6
1073,f9475d1f1f96401c81ce511a93578a96,134.60629992187023,46053,-1,24,7
1074,d96de08343d248809556faa746c70968,135.03773882985115,46017,-1,25,7
1075,05cf2a68a2cf4ff1838034f8ecae0c82,134.65406000614166,47238,-1,25,7
1076,93d437c833f24dd9b14a406d199113ff,135.920949280262,46652,-1,28,8
1077,73a3e6b8189f445baf70c080117d3bf6,134.72423143684864,48208,-1,28,8
1078,67cc592aa2b94371a450ca2c7f4397ce,134.5642600208521,48762,-1,27,8
1079,421215a3574d445db2bac0574bb34b67,134.91817563772202,49275,-1,29,8
1080,3d905993341a42da8a4a951fb439682b,136.4931333810091,50258,-1,30,8
1081,d66a316ffd914123b6324efc5b30c15b,136.25827245414257,48361,-1,32,8
1082,fd27366f4f1c4df3ae73e27f8d469db1,135.7687246054411,50465,-1,34,8
1083,3ba93f957fe54c8c891a2cd5992e65a9,135.14217734336853,48404,-1,36,9
1084,d8ff67e7cda741f0ac2d7525dd26d208,135.43878495693207,49029,-1,35,9
1085,4a4426ac48d54f9590573ea48b1e76fc,134.7179003059864,48920,-1,40,9
1086,1f1982e0b2a64ec2b2aba3a41175ab6e,136.82962767779827,51799,-1,41,9
1087,112aa7a7edfc4df6b8e9775b14f74e12,135.2921985089779,47626,-1,42,9
1088,5edf36a058ce4849bc6371629bea8a69,136.55006140470505,49545,-1,48,10
1089,b7d899dbb6264d7bada8daff326556ce,135.98201423883438,53069,-1,48,9
1090,2b4441336efa4a649510d33c96ca53aa,136.99212297797203,49586,-1,53,9
1091,1906aa07e1914059914e62ee02ccb50f,135.0679975003004,57373,-1,52,7
1092,7c7ce7a97984492b9a5c76327bc90610,135.85368357598782,54941,-1,52,5
1093,9a2209d8b19045f4a0d52af5d5c23a78,134.31626558303833,54094,-1,52,5
1094,9be682790a634b91b334b633fa43010a,134.35102067887783,54477,-1,55,5
1095,78b6b787491441fa864d6bd9382d5701,134.10858437418938,54894,-1,57,5
1096,1175f341a78a4877bc5257cbc763aef5,134.52872447669506,55727,-1,62,5
1097,296e524f77ca4fad9d95e3dfe54c1259,134.25405882298946,58090,-1,65,5
1098,e8038e0f57c445f0a91111dd2c9052a3,134.2537272721529,59168,-1,62,5
1099,53a80b41beee4a1eb751e3dc89af5765,133.21029767394066,60549,-1,66,5
1100,b687fc34af774f64a1d3f91aa486b740,134.25144366919994,59923,-1,68,5
1101,f91ec82037fb47ccbac160cb5de453bf,133.62912461161613,62582,-1,68,6
1102,d6e16562bd2a4778b4789b3b66431e74,134.7299013286829,62095,-1,70,7
1103,3c1ab7d886244645ba1cbfad95326d21,133.8544674217701,62772,-1,72,7
1104,e5ef83bd8b8e4ba986e7d8a43591994f,134.16494987905025,63578,-1,70,7
1105,1f94fe5edf784708b55707a1a7754fb9,134.03298147022724,63463,-1,75,8
1106,4a7e82f96c7d487686ae95b6384b77a5,135.24113222956657,61312,-1,76,8
1107,3fd8074cf3444290a8cf4ddd3de0ffc4,133.56560468673706,60039,-1,75,6
1108,9157f0c9ea4441a89b91d623f0157fce,134.7511224448681,59589,-1,75,6
1109,557954f121394533b582e88eac8017ad,134.67339612543583,57613,-1,72,6
1110,21efb26e944244799f3e163dcdd7285f,134.83962789177895,55388,-1,69,5
1111,39a5d8e9868d4dcd9cf8386068c903b3,133.56760889291763,56375,-1,63,4
1112,1c81b06c812b47788462c31f58b6c1d0,131.46488927304745,44779,-1,45,8
1113,f73dfd9690d74d3a9af2667bf3dd9481,131.5662693232298,44476,-1,47,9
1114,eb4b6de953e247bcafe77dffd79bc8ed,132.95564986765385,44057,-1,48,9
1115,b04b95006e24460bacaaf80e299dff01,131.9287922233343,44359,-1,48,9
1116,1dd5d04e621f4fe791bff994708af69b,132.15486519038677,44192,-1,49,9
1117,9577cf1a1f31414d90358bd7b104b615,132.59014301002026,43871,-1,48,9
1118,b0a2fb669af14c0289675261bee29949,133.19349475204945,43487,-1,48,9
1119,6b3c851413064994bb0babae7e74efad,131.85334019362926,44475,-1,48,9
1120,fd7fed4b72f645ad886c561410662e33,132.58102536201477,43988,-1,48,9
1121,6bf8421a1f32469f99868bbbeea9a200,132.224315777421,44987,-1,48,9
1122,5c6f3a7e402c4985916cd6ed07e66f6f,132.95799493789673,44185,-1,48,9
1123,4cd53db3b63b42caba9e8f6a6ea70eae,131.01798854768276,44175,-1,48,9
1124,75ce3975720942779e8f2a56309de167,132.244985550642,44328,-1,47,9
1125,b006ca82a2654951ae8f42300f66f3c4,132.8635960817337,46127,-1,46,9
1126,98a8d1c359d54ed19060d3f0f5867468,132.78875686228275,48100,-1,47,9
1127,8ef17257025146b19306abed70229687,133.7546408176422,51149,-1,46,9
1128,b85ef7111b8c46069e51bc0d905ad8c8,133.14647786319256,52061,-1,47,9
1129,e7438081ad0545299e8c703a8dd33ffa,132.56988488137722,52542,-1,47,9
1130,6f6e36cd57714b92ad8a0e6dfc57f767,134.6640083938837,52674,-1,49,9
1131,50584518abf2443da57a124020086b69,133.29566828906536,51723,-1,50,9
1132,92c817e6a1b4445ea8505dca77d023bf,134.51275415718555,51873,-1,50,9
1133,b3d9bac351554cc98cdafe751f3d437a,133.8431853801012,51185,-1,47,8
1134,e08e07dcca544d99b739e512f6b704ed,133.82493145763874,51228,-1,46,7
1135,453eb1d22e3147a183224ebd756a9c57,133.66251811385155,52366,-1,47,7
1136,fb879538cc574e5094ccc39fa2953ef5,134.46206785738468,53129,-1,48,8
1137,f5193e87e04547808e974d88fed8159e,134.40904952585697,52507,-1,48,7
1138,1981ee55006c4e00823d29de105d1680,135.2605987340212,52263,-1,47,7
1139,89910914b61e442f967bea60eb5ed44f,133.9467316865921,53347,-1,46,8
1140,fd12f683aa444ceea85633f5f72b7d3d,134.75792482495308,52421,-1,42,8
1141,185dd9f6bc6b4cffbb23ac2ed72b3bb6,134.55243781208992,53655,-1,41,10
1142,50c37d323ce248219f6a4f266d41daae,136.65242306888103,52024,-1,41,10
1143,e14e81f029e6490ab1bdba51b6dd7054,134.7109954804182,49396,-1,41,10
1144,1808fbc3531c415fb77531c05b2547ae,136.6634350270033,47769,-1,38,10
1145,c93b4d390af34c32b681f52d224dc01f,135.58771461248398,48196,-1,36,11
1146,3c4da98d05c74a74bf49867b6ccbc754,134.86147113144398,52807,-1,32,9
1147,fd9610de75464b4f9a7a32837634a2c9,135.55287942290306,54211,-1,33,9
1148,9c6aa2cb631841abb2cd4bebea86d03f,136.23954728245735,54932,-1,32,8
1149,848eed388a5c47d5b3cdbeeb15c2f856,135.35835221409798,48073,-1,26,8
1150,2f26712f9c484ced857e42dc425d1d20,136.45350001752377,49992,-1,30,8
1151,c292d90b90ec4dbd826dfd11aa361df1,132.6900701969862,34953,-1,28,8
1152,d5c86824b36b4dbba467399bf3123d90,134.50319692492485,37259,-1,30,8
1153,85b8779598cb46f89538faa1d7117404,134.47353057563305,38542,-1,29,7
1154,8584cdee278d4bf89e6620ab02d15a7b,135.71994192898273,39888,-1,30,7
1155,4dfb0052fe944420acddf5d376755dff,134.83437709510326,39138,-1,30,7
1156,947147c686d04c168ee8604b2f43bd46,135.54463163018227,35614,-1,27,5
1157,4d37ee8f85284d62a1f7465e2b005643,134.87025536596775,34966,-1,29,5
1158,60565417b2584f15965a0e22c6f6d317,136.15761324763298,37824,-1,30,4
1159,2577f859f0fb47a3a21cfc7c95650d26,138.71141150593758,38968,-1,32,5
1160,808fabcc3ed441afbd6bdddc929887f3,136.158786714077,40812,-1,31,5
1161,ffb68ec5043b45f499086fd8c24dc2b6,136.69093698263168,44261,-1,32,4
1162,16011bbf9d634b099c5ff9a352d26c9e,137.5828217715025,46853,-1,32,4
1163,3f16f295d3e44088aa24a88b740f90bd,136.47730462253094,41243,-1,33,4
1164,beee295d6f3645208fb6763f8c415323,136.95640489459038,48982,-1,35,5
1165,3307d1211dfd442db4a6ae544c2ae197,136.3665871322155,50528,-1,33,5
1166,8a0af59b07f543a0a165180a12472d04,136.61197759211063,55270,-1,33,5
1167,73ce29fbb23b4fdda87da12569830fe0,138.25197704136372,55738,-1,34,6
1168,cdd29238803446ba84398ca3a4292c19,136.6907861083746,55564,-1,30,5
1169,0a535567072a48a38a7213778550dcaf,136.00363582372665,56142,-1,28,5
1170,45731d093e2e4bb590ca10bbfb198eee,137.03970983624458,58014,-1,27,6
1171,19689911bd0e40adb943b0f97ea84a6a,136.7442850023508,55673,-1,23,5
1172,1e4b165a3a904717b30f044322edfa14,136.6400495171547,56773,-1,23,5
1173,a3037fd8331e47d48357d5250fbd8aa6,136.48962788283825,56036,-1,19,5
1174,610ef5fb746c466f810f665b3e9d5b4d,136.97391748428345,55927,-1,16,5
1175,e4437a15cc6a4c82b8cb1e21c439baa5,135.3504080325365,57158,-1,16,5
1176,7760d89f50a947d78929ae468844c25e,136.3959815353155,58760,-1,16,5
1177,674ac51c90f444ffa066c3aa15991728,136.34228147566319,58906,-1,14,5
1178,9573d00b8d3d4ca5badde36566ed0c84,137.55551911890507,54687,-1,14,5
1179,51b0f4727e4748a1b48162866ea48f3a,136.97920739650726,53254,-1,13,5
1180,7fbf9f1634a64bfea374596abdfec3d9,137.29040324687958,50686,-1,13,5
1181,885aeed2512341ccbf84ca64d4e58ded,137.06783391535282,47575,-1,13,5
1182,20d3e54ae277464daafd2a078b830170,137.4574564397335,44751,-1,15,5
1183,f5a38abe0b404babb18bca1f0adf60b6,136.98681071400642,41779,-1,15,5
1184,deeef8bef80344a49ac174c4787ed9a4,137.40520924329758,38361,-1,14,5
1185,50d86a5cd45440c89e895a5d20ea5267,137.4339610338211,39014,-1,15,5
1186,78828ab1fe6e4b8882729099326a5db6,138.14442604780197,38440,-1,14,3
1187,c1c270bc79c94005af29078bd0cda1b5,136.99396513402462,35907,-1,14,3
1188,ded088a5ef664ca687fd0e8c1e4bda1d,138.18896003067493,34024,-1,13,3
1189,59b048ee1ed2466c973e45f9e79ce5d1,138.01755756139755,34310,-1,11,3
1190,b9db804449d34414ba98868e9034abd3,135.32273657619953,46250,-1,32,3
1191,3e0c8a049c7e4cf2b1aa8a8387b045c7,135.30274853110313,49934,-1,34,4
1192,e4908d7239ad42cbafe3281cbb86b1b0,136.65533997118473,51316,-1,34,4
1193,3078e2541d58490cb8bad9de7801b7cc,134.30248945951462,54518,-1,34,4
1194,9d0e1d796b20401a862602bb02d613b4,136.09416410326958,55339,-1,34,4
1195,fe944294f6a44b87a4da95136f86bb79,135.17306558787823,58137,-1,37,4
1196,b32f383e87e246669013e90202455df7,135.1583283394575,57277,-1,38,4
1197,ecaea9ca526a43a984e46bff7ea85204,135.22841967642307,56766,-1,38,4
1198,b92936f399d5405fb98d6f8a2298a504,135.58361493051052,55701,-1,39,3
1199,9faf87fc638c492d87ccbdb48388450c,135.4465987533331,54073,-1,38,3
1200,34dc0f073e864d70b6e2b09c5b3ed032,135.49731485545635,54394,-1,37,3
1201,ba6527487d5042b2bd4fb8e503918d29,134.84378531575203,55613,-1,37,3
1202,9f3355442ce347be804a9880d086ca8f,135.69691963493824,53629,-1,38,3
1203,9124545509cb45e1b79168bead041f06,135.12136787176132,55206,-1,39,3
1204,2de4836c1a1e4d1a8c2d73a3af31fd47,135.2535653859377,59252,-1,40,4
1205,a9b8176bf0b546a4bc46afc631979805,135.20533591508865,59890,-1,40,4
1206,73620d31303a47f9a86908f6157370f9,135.11093705892563,60246,-1,42,4
1207,515ffe0f141445ed8e0de6e674b64060,134.56550426781178,59092,-1,40,3
1208,726c4eb7ce3e490e908dfc5a5ad9dd19,135.0105982273817,61435,-1,40,3
1209,d91511762a3649fe9977ef72f1b6982f,134.31210815906525,65856,-1,41,3
1210,cb39369c45bf4fd0be41ab5fb995494b,135.59264317154884,66839,-1,43,2
1211,713882a28f2442098451f77f1362d326,134.7369346767664,69760,-1,46,4
1212,4fbd8ca56cc942cfb092846192fb3bd3,134.70819033682346,64302,-1,46,5
1213,496c5144cca24c2f86607f9d7f26e90e,133.73045437037945,66251,-1,48,6
1214,eaf2f8cfe79e4558900f140452f299a1,134.8890010267496,70244,-1,56,8
1215,0e8782aa721545caabc7073d32fb1fb1,134.0948287397623,59264,-1,57,8
1216,3bb2aa82346340a0903bf05257735f71,134.7360946238041,62636,-1,59,8
1217,4254e88744744d1da84ff59eb26d5e82,134.28426533937454,66860,-1,60,8
1218,950d6f7fe8ca41538582327bf45afcc1,135.04249788820744,73436,-1,61,8
1219,c7686b765fcf4212a0c9f7611a2236f2,134.03147086501122,73931,-1,65,9
1220,56f2d967734747c181e8cac27acef265,134.1195460408926,73792,-1,67,10
1221,487e37c966514fe58858a7003dfe2f18,134.34810563921928,78325,-1,69,10
1222,8ef8d4b6b837492dab9785c3e33d936b,134.26736369729042,75522,-1,70,10
1223,250a57d8617045ad8cb35a00285a1703,133.4788016974926,76286,-1,66,10
1224,3a56f761366a4338a35bccfe7b08befb,134.41659323871136,74036,-1,65,10
1225,8d1c7b2b85fe4befb66efe9e05e0d939,134.49863716959953,71705,-1,65,10
1226,d95b9559fb6f46d89e065b2be43595bb,135.17498783767223,74919,-1,66,9
1227,406d55a941a04eecb7851831d9044178,133.1227943301201,70901,-1,63,9
1228,cae55f0935cb448d9527042acf104ad0,134.24190506339073,68954,-1,57,9
1229,028a3f3a237e469cb099f6d9c8e7f2f4,134.37004573643208,49640,-1,40,6
1230,d20b00f4db5f46d081ce884d84f39d3e,134.47856903076172,49393,-1,40,6
1231,0a66d3360b3e46228e210dd6a651ded2,133.67972895503044,48978,-1,41,6
1232,d8230413dcd947d8bb19287931a618d7,134.5799993723631,48815,-1,43,6
1233,5791344561914f83bd244e26e95b4a2a,134.16707515716553,48598,-1,43,6
1234,6e80e8ce36464a0d8002e1924f3391cb,134.75805521011353,48147,-1,43,6
1235,d22de14af8cc4007994efda8354c939b,133.39337334036827,47844,-1,43,6
1236,e30706e0581348c2b5b76deed01672ec,133.9108645915985,47854,-1,43,6
1237,4213954afbbf49db872817069f73ae7e,133.8734831660986,46658,-1,44,6
1238,70fce5a2055144d093d21875e8da0b7e,134.4633214175701,47178,-1,44,6
1239,529080134759454a8176daca17b87a15,135.22214628756046,47089,-1,45,7
1240,30ad11916547467183371af9e1faf298,134.17821563780308,46734,-1,45,7
1241,f965ad5d2ee94318b2dd1ac927a37856,133.85659269988537,46822,-1,45,7
1242,fbbad6309f1543f78634e49c50dfb779,134.3674510717392,47072,-1,45,7
1243,d09b065aa1c74e31b0742ec36052f9c9,133.64434242248535,47095,-1,45,7
1244,b32fbd9e38c74aaf9ca5e733d359281c,133.85402597486973,46952,-1,46,7
1245,5f88b9a41f264ebbac7976bf4c796d21,133.77065025269985,46994,-1,46,7
1246,bdcb762d6df842358056925b1143e961,134.53880324959755,46703,-1,46,7
1247,41a751b9f46a4fcd8529557c46cd919e,133.58528167009354,47135,-1,46,7
1248,de52afcc66d9450da5f07b10977e0493,135.20361110568047,47858,-1,45,6
1249,7586016dd8d4458aba6f7a88b3ab21b4,133.78960639238358,47082,-1,45,6
1250,1a9894a106fe444c9f35126426563d43,134.30611789226532,45667,-1,45,6
1251,fbc2727b0f35414f88d956bc63345af0,133.74171778559685,44270,-1,47,7
1252,9fbc6ac2c75c479cbc125a7a50bbaf64,134.6278004348278,44063,-1,47,7
1253,79a822a6858f451ebde3a7595252f22e,133.73225927352905,43308,-1,47,7
1254,9cae01630a3c475080fedef5d59297be,133.86625982820988,42411,-1,47,7
1255,6be3fbcf5c224508adb27b4b703b6625,133.22365283966064,42654,-1,48,7
1256,1c5d68d702df41fab44824a6b8e360c9,134.489418938756,43391,-1,48,7
1257,72120150a5014fa6837585f0c4429110,133.30284133553505,44601,-1,48,7
1258,94b913a2bb1e4f18bc10509f644d539e,134.05072689056396,43609,-1,48,7
1259,aa126aada7ec4a46b23162e57a7a023f,133.38832184672356,43782,-1,46,6
1260,5ff472758749447ca27827543e5d50dd,133.89923237264156,44239,-1,45,6
1261,80a992a086714b53b833720d775931c1,133.61161015927792,44397,-1,44,6
1262,149f03b275944abc95aa59709a726bff,135.38644462823868,45039,-1,44,6
1263,4404961302234ce8ad5fddbd17fbcc04,133.36936756968498,45512,-1,44,6
1264,7613f642104247d4a792553d4f2cdfee,134.1144759207964,45862,-1,44,6
1265,9e9808fe898648e1b0bbf09b1a30f0d4,133.47769156098366,46482,-1,43,6
1266,7aca59dc11fb484da90cbabc1eea0be5,134.3304831534624,47291,-1,43,6
1267,94e396a143d64345a09f671443f942bc,133.4443185478449,49004,-1,43,6
1268,3e743a8cf0394f33b45a4c15149d014b,134.47668589651585,48862,-1,42,5
1269,d5324133e1d241658a7b763831b3af2e,133.50996188819408,49633,-1,43,2
1270,0f5cbb909e9544dd861dc2ff63ac4d13,134.62465442717075,49853,-1,46,3
1271,da74550a10a8408299d7e6b1735963ae,133.65966081619263,50206,-1,47,3
1272,cf86af90b622499b8214df0024a6ea29,134.0236458927393,49339,-1,48,3
1273,901cfd30cb2a4fdba55095f9ec0fed34,133.71075689792633,49291,-1,48,3
1274,5c9d217c4af14c608c7b5f9469dd488b,134.6826944500208,48880,-1,48,3
1275,ae3d3b5cb4424e7ab501a5d6f0a4980a,134.03872400522232,49312,-1,49,4
1276,a7795dcadad44c1c85fa27eef18366f6,134.33006033301353,49319,-1,50,5
1277,cffb959327ac42ad866a5f8829e18187,133.65479186177254,50491,-1,50,5
1278,7693424bd4b04229b08c578b256a7de4,134.53171961009502,51394,-1,51,6
1279,48ea4572f95c47a083efa79997c4a506,134.49501059949398,52650,-1,52,6
1280,604a8ce58d0b4f94a93db370813edf94,135.1278703659773,54630,-1,51,6
1281,160fa0f8e77b41409a98341093a7cace,135.00330597162247,56878,-1,56,7
1282,09e58f5b8acb45a9a9c8c186895efa59,135.66688261926174,61815,-1,56,7
1283,47fce09b77e44bb1810cedd61628ab1f,133.95471684634686,63518,-1,61,9
1284,eaad6827a3c44cdab111ea7d912c9947,134.28025878965855,62738,-1,70,13
1285,88a6b5e35eb44deba6b1065d74b0a3c4,133.697971701622,65355,-1,76,16
1286,8ae5818912bf4a8db24b1690d83034ac,134.97254811227322,66712,-1,83,16
1287,023a58306058440988b0ca496bdf9c2e,134.24687646329403,64324,-1,82,16
1288,9ce5d3ae2cce4a0aaea1626e752f65d9,134.22747887670994,71169,-1,84,18
1289,59a27b7fc76541ea92d79f7d4c62a2ec,133.4434449672699,74154,-1,88,18
1290,c0efe2319882495b9d13add1d352bee4,134.18100215494633,68591,-1,88,18
1291,72fe05b8fd804c7eb2edba7554f1f796,133.30566696822643,68150,-1,87,19
1292,dce33c96ffdb4802a69f6d7d530a4f09,134.0692602097988,60959,-1,94,23
1293,b2fecdf10a404d94a049c91f20eaddf3,133.3751268684864,59191,-1,95,23
1294,dac52a02f54c4677b0a6b4a28e2c56a1,134.72799770534039,56192,-1,91,23
1295,fd612e8660e74196af7da7e6487e5d53,133.74166563153267,58273,-1,92,23
1296,22189c1013dc4263b23764258e8f0c21,134.54768061637878,60220,-1,88,23
1297,22ce804db92749a1aee3a08ffbecfbbd,133.5026863962412,54217,-1,80,23
1298,2cdbffa384a5478babff79039cac4e75,136.41157001256943,51274,-1,75,23
1299,e2c7c91b4ea2462090d866539ff6b9e5,134.78961400687695,49254,-1,67,21
1300,aee1e33b4ca74ae4a761fa072f92b577,135.95585525035858,47352,-1,62,20
1301,717c45682e15432f9862e47775b9b80f,134.3695055693388,46189,-1,53,17
1302,2e743b1fb9a34383b88bec3e7792ad2a,133.32559540867805,45021,-1,50,15
1303,05e8bcefb9e442ceb0c8d16b745974e0,134.50717367231846,42006,-1,47,15
1304,b43de5e578944891bf9433166bd974c2,134.73177514970303,41267,-1,41,14
1305,0ba00e2623814934b1b00ec2b461a125,133.97863134741783,37815,-1,38,13
1306,2ce065a0fa9e4e4da888abc18fa100c8,133.06727819144726,35172,-1,32,10
1307,67b146ff35ba4f84b3e6276a8e8ff65a,134.762953966856,28016,-1,28,8
1308,21971c1ec4644d608f8c08bbfd4059f7,134.67850536108017,26885,-1,24,6
1309,806011e8a7114eca971fd0f6b95bcd4b,135.629553347826,52057,-1,36,22
1310,dd0789b8c39340289a053eea9e3b16d7,136.2173557281494,57132,-1,37,23
1311,e14dc295bf8f4cca8bbea7fa0068b6ef,134.65462997555733,56421,-1,37,23
1312,bdc86a9c8b2742039a4d07b1074e2ae4,135.93442365527153,60787,-1,37,23
1313,ded4f73ce5494ba89d258c0217bc50ca,135.43611951172352,68253,-1,38,24
1314,bf5592d0c9e54957a9a3c627013ae32d,136.4407353103161,68829,-1,41,26
1315,a687809bdfff490198d3b39bfc4bd42b,135.1851187646389,72997,-1,41,26
1316,5d0fc4d327d2439db96cd66818e1862f,135.93204878270626,71217,-1,43,27
1317,47a1ea38aee04afcb5651a090a9c88fe,135.10285131633282,64009,-1,43,27
1318,d5d6c0c464bc490cb251a7f1d41c6665,135.08348539471626,54606,-1,45,30
1319,b923744651764ed194ddf7526b9b2cf6,134.5879752188921,50903,-1,45,30
1320,62fb6b14e6a2451f96ef753672d3a381,134.95069555938244,50943,-1,46,31
1321,888dd9afb9bc43e2bfbc5e92835a2b26,135.09672321379185,54245,-1,46,31
1322,95024749968b4c5db7c4830da4d2d475,135.7031799852848,54058,-1,46,32
1323,7f11a83e09d4433a8b2049c739c284a7,134.36219096183777,50578,-1,44,30
1324,32dbf4593eee4f7384dcf576b2344059,135.29097475111485,47632,-1,44,31
1325,6ce8c5bbf572476d84ade686fd21a09d,134.95328277349472,43602,-1,44,31
1326,53e9e509e9e94f799620e2d554356c4d,136.4857591688633,41201,-1,40,28
1327,1e9f7d6d4f394cbcab3dc1d83ab86536,135.15175320208073,39170,-1,40,28
1328,1c79e219a67b4dfcb42b0628d6c76eb0,136.38919964432716,39499,-1,37,24
1329,2eb164aac518499f86fb04de8f9e52f2,136.4455632865429,40862,-1,38,26
1330,a0cf9d95c8af48b9aa1aaedc52d1b41c,135.7891820371151,41114,-1,41,30
1331,be3fb86ba1a846719241b051d3ec4385,135.04404202103615,42562,-1,42,31
1332,d43144192b63485894f7ef174cdbecac,135.87691634893417,41367,-1,42,31
1333,cb8f79c86c884d07a82d6cb7fbeaf75c,135.15927828848362,39177,-1,44,33
1334,f41862469f33424eb660258e9392c4f4,136.11515425145626,38318,-1,45,36
1335,c0a6034c27fe43488476d9a15140e398,135.57489030063152,39545,-1,45,38
1336,9bbe4968739d429b9e6a05b60690c67e,135.99805533885956,39697,-1,54,47
1337,0e27960b86db475e9dcf750295deb1b7,135.68330369889736,39267,-1,52,45
1338,3c7b830b41274d04a8ecf415cc802c43,136.82990707457066,42765,-1,48,41
1339,8b06ab55378f4342b38c3b25b115e38e,136.56041957437992,41235,-1,44,38
1340,b13f8b7a3b5d40f197d11b1f68100015,136.07663288712502,41130,-1,42,35
1341,ce77d3d2915543dc8b8b2408d407f7b5,135.98451018333435,38608,-1,34,31
1342,6531528030c2484abde7201ff31c05c6,136.0803283751011,38004,-1,32,29
1343,e26feac8d43d4eed9a11e739b0d4264b,134.51017066836357,37043,-1,28,24
1344,9a95f1a1e26843fa91963c1131b3c53c,135.25489903986454,33583,-1,22,19
1345,6f56f5d8c2f84038a5086ec52f5027a1,135.33923588693142,32242,-1,20,17
1346,4b9f0142681249f9896800b278a1fd0d,133.81136767566204,28653,-1,18,15
1347,2a1c825acff04f808c6451e9e28b2d17,134.68355499207973,31658,-1,16,14
1348,7844c7bf21ce4114a8ef64b3a46a579b,136.41800358891487,29847,-1,15,13
1349,3e8750f331d7499e9b5123e9eb70f2e2,135.01934707164764,50713,-1,23,19
1350,3950bd41f74548429c0f7700ff3d8269,135.54530404508114,54212,-1,30,23
1351,c5f58c19249d4137ae063b0e9ecd8b8e,135.24403795599937,63358,-1,33,24
1352,700c1a25559b4433be532de3475e58a9,134.96151752769947,60227,-1,38,27
1353,747aa46b9a4641fe90db05d97db2acea,134.1221109032631,57108,-1,39,26
1354,f4f86af4da3b49e79497deda5c5f223a,135.05456410348415,56666,-1,44,31
1355,6832e717621341568c759151b5974512,134.5264296978712,60620,-1,45,32
1356,c59e60042a8643e899008da2e446acca,135.0029744207859,65014,-1,50,33
1357,fa65a298c01f44e7a182bbf9e5fe3697,134.67930629849434,76060,-1,49,33
1358,a98fba72bde9433fb882032d18aedb2e,135.24450920522213,83737,-1,49,32
1359,b6b0d9f2f2e14a3aaa2c8aedeb1edb69,134.64700616896152,78638,-1,48,31
1360,796b1988dd254f74bf2fb19ba9c5b8c6,134.68492776155472,71077,-1,44,27
1361,0d0700a2284e477db876c3ee1d864668,134.0810637921095,75399,-1,45,27
1362,de7593d76648450e947ba0c203dee1b0,134.9389348179102,75517,-1,48,27
1363,f753d3f87e5b40af87ff2cbf7c8e7082,134.37444530427456,74068,-1,49,27
1364,b22fa0b3c34f47b6a360b60f35d5d567,134.57423076033592,76681,-1,50,28
1365,0a0d6b8c2e884134a3b48df43d54c36a,134.64568369090557,77822,-1,49,27
1366,8e9c2cba0ee74056aa3746e8391d54a9,134.9169947206974,78283,-1,54,26
1367,fdc39b23ab4242eda6ec5e1e6574fe33,134.75587964057922,75989,-1,55,26
1368,9ee4020153674b9e9943d395ff8cfdf3,135.01865416765213,67035,-1,57,26
1369,5b03af7a953245b5a3b23191ed4da62a,134.17359814047813,63397,-1,61,27
1370,d0ecf474e0e64950aa265cd44b9c9d75,135.17185300588608,61200,-1,62,28
1371,456ec36cb4a44ca78f36fbd90c0c34fa,134.7346007823944,61041,-1,63,27
1372,6bfd42cf0aba4f1a94ec11fa43e2dd92,135.60937345027924,61051,-1,63,27
1373,0af0feb5b1394b928dd13d648de898f5,134.62662883102894,60466,-1,64,27
1374,61d9340c5ad8418dafe7a4af1b96e6b9,135.210694745183,62395,-1,65,27
1375,9e7683e8586542a1b6032980c45f15ce,133.80972482264042,62219,-1,65,26
1376,cc57c1ea80fe46a7abddfdb15654c872,134.82260704040527,63056,-1,63,25
1377,4cf5d6c3f6ab42aab23f67b5a9782d1a,134.94375348091125,65564,-1,64,25
1378,6d9984d09d52479e837da2fd09e192cc,135.8320526778698,69263,-1,63,24
1379,38a28a3aaf2647f2a8c0e90e31267bf8,134.46860201656818,70862,-1,64,24
1380,6402fd1ffaf041d0b9162bd92a7ba0a2,134.32937115430832,70590,-1,64,23
1381,ce94ef7a0522468e81c0e2b3a2f1e12d,134.41073335707188,72379,-1,56,19
1382,9fcdc52b791045e99c623c5fc643331f,134.9811926484108,73628,-1,57,18
1383,1c9a906c40f6417bbe1cea06d6e55501,134.69412550330162,75772,-1,57,18
1384,a771effa2a2648d78096c3e92b95b129,135.07137447595596,73267,-1,58,17
1385,b9ea04a6121d4a8bb00199b885aa5ef0,135.68556681275368,74263,-1,54,15
1386,87e772078a494d42bd34cd16172808bc,135.21919026970863,74756,-1,55,15
1387,f40544fd4f5d42abbcfa948eeaf86850,133.6331721395254,74163,-1,49,13
1388,281b92269fd648d4b52d06ac06ca6d65,134.79157909750938,72263,-1,44,11
1389,f1b7b463072e4630b2c1d5ba8b6cd50b,134.91637259721756,48422,-1,32,10
1390,2b7d769dbb254adba7274534d0b262ec,135.7484757900238,49367,-1,37,13
1391,90162f90eceb4ada9e595bc1adb71b5f,135.51088981330395,48710,-1,38,14
1392,a460d7665ac3476b85f72a3fb7b978dd,136.45063526928425,49566,-1,39,15
1393,17d84afea74b48c3b81ee85db30b0208,135.07798686623573,50138,-1,40,16
1394,d597cf6460ff4fafa395a514a4cf1454,135.8076073229313,51913,-1,45,22
1395,08ec4b7fcdb5494c8da174770c1d9245,135.58085076510906,53360,-1,45,22
1396,ba0f5725ccc141f692bcf26d28af5e3b,136.27804070711136,52791,-1,47,24
1397,0f512a2cf5e24a84bb7a13774295ece8,135.24308614432812,52427,-1,47,24
1398,115f9017609d4716a72ab019458777c3,135.8985174447298,53921,-1,47,24
1399,45266b136cf846b0a7d398d2360f9a17,135.21195761859417,55925,-1,50,26
1400,8c394cbb9706486aae5c0edc1d704178,136.08393631875515,56657,-1,49,26
1401,088886ce0f6c461eaae9de7bf3d49c5b,135.28996519744396,60150,-1,50,26
1402,345ffff158a245bc80572dbde4344f28,135.90622320771217,63110,-1,51,28
1403,bfc227cc4c704194980635622f569dda,135.18892414867878,62118,-1,52,30
1404,6252789dfad34bd6a33ba8d40be600d5,135.20567677915096,62026,-1,56,33
1405,49823b270a62468397f3265172dcc6bf,134.91165451705456,63779,-1,56,33
1406,a9ea79ca0927482ab7735941e5927d5c,135.94158738851547,61326,-1,55,33
1407,601d27a0eac84e048dc7596015eb21ea,134.81960073113441,62756,-1,56,33
1408,9d2eedd225094283bb507db7856e60e5,135.14511287212372,62943,-1,50,30
1409,620c129c962d48aa9e1b0b6f46188169,135.5380192399025,65672,-1,51,30
1410,84fd8f6d5b2c406e9ddd1c3b72690917,135.54110564291477,65133,-1,51,30
1411,5376e3a2874542d8b440faa899e52b97,135.36054641008377,62630,-1,54,30
1412,64534e97d83d450ea2481cd290bfa353,135.61049662530422,62087,-1,53,29
1413,4c8a92a8f97844a7977b03a414fcd8a2,135.3409606963396,63828,-1,52,29
1414,b6060b7c1f5c4ab3b69718904ef68701,136.031998321414,66562,-1,49,28
1415,4f2578e3107f4ad79f88a61b28893916,135.11735945940018,65370,-1,48,27
1416,85f85a515fdb490082530ecff0eb529d,136.01820170879364,67904,-1,46,26
1417,04720abe20094543bec51f2a0e0ff6a1,135.49107313156128,67496,-1,43,23
1418,d58ef648436446b59653b0c805451f1e,136.36356219649315,68519,-1,41,23
1419,c15223452559436a995d74245e0cc39b,135.21711714565754,69492,-1,43,25
1420,9709a4b7190f4e7a8f6edcd05316b811,134.80965048074722,69805,-1,44,24
1421,34875eefe5f943d38f5495664ff53bb0,134.63612459599972,65439,-1,45,24
1422,3d827c0fa2a5480f91c019a5839ad07f,136.79187558591366,68458,-1,43,22
1423,4207bb5acb624c199bee66bf8bc73d0e,135.13566367328167,67474,-1,41,21
1424,e9eb134c214948ba90dd16ac5856244f,135.90036146342754,69599,-1,40,20
1425,f3491dccffc3428aac243872cbfe5072,135.44072769582272,67419,-1,38,19
1426,43ec12dec5924e3391c8d1ae4b7ddf7e,135.04412025213242,68010,-1,36,18
1427,0228b4e5617c49ec8ac0b433fd1c80ba,135.4271713644266,64655,-1,31,15
1428,8d56b71c09c04ece827107b3c103498f,135.2712083607912,49404,-1,41,8
1429,d737436932b14faaab01d8f80d3caf1d,135.53766906261444,51536,-1,54,9
1430,ec718fc75e8148c0afc3aabbcdac9ff5,134.76944714784622,54844,-1,61,10
1431,e59d473a2d8244d49f874c2e139d0362,134.7799077630043,62055,-1,68,11
1432,dc3e689ebb54483d9794ac6164de1646,135.77323220670223,60749,-1,73,11
1433,f644a6fcf700456db690440944fbe3d2,135.17000898718834,62972,-1,80,9
1434,77d0e39819774014a8344a6d482edd2d,135.65805740654469,60856,-1,82,9
1435,135bf33890ba4ca2984a931444923eda,134.61731187999249,56393,-1,82,8
1436,7d89f1b76a494872898db431e958d153,135.04668697714806,50709,-1,87,8
1437,cef8438abb7d46a2b08f0e1787364bca,134.33951884508133,53234,-1,93,8
1438,70189da84ffc4c839decca4e41777135,134.96203906834126,47212,-1,98,8
1439,d0cc76c904c542b39553f012e4791ef0,135.01951657235622,50032,-1,102,6
1440,6a01e06e2d684e48b59aac7eddf08f0f,134.79804061353207,49453,-1,97,5
1441,627e704445a44e158f8bd7566d764de3,133.95913317799568,49342,-1,101,5
1442,113bdf9278314c72b7f8988a67f0dff9,134.69530642032623,47701,-1,100,5
1443,43d141efa6e3497488b3e705abdeba6d,134.22814942896366,49585,-1,103,4
1444,9441883a38584e2da507d89224c1358a,135.32456941902637,48602,-1,98,3
1445,5d773ca713f54023b34cd4718a5ee293,135.3334654122591,47371,-1,96,1
1446,0c223ae827e44e55a13833ca984ca4c3,135.42640209197998,46995,-1,96,1
1447,a0d6bf47e19e4503a03522e9a025792f,135.4395654052496,50523,-1,95,1
1448,49ea7c2d93f3483d91f083cac4964885,135.38487255573273,48760,-1,92,0
1449,6a467240b14745cd8ab11701bd4f08d3,135.9107606112957,51561,-1,91,0
1450,f2cec7af043c47fb9b039cb02d0c0885,136.0671930015087,52829,-1,91,0
1451,881f8db01fc649c5b7a1fda8db95d4b8,136.08896546065807,55527,-1,92,0
1452,9d2797d705214019a87cb95bfbfd8559,135.64728386700153,56027,-1,91,0
1453,c3c95f1b08e14207b2f83f3d992db7c8,135.31655445694923,52237,-1,95,0
1454,392281ad20b845ac94e29000da3c5026,135.39115339517593,52165,-1,95,0
1455,20d02a3110fb47348e175a61ad157875,134.84980911016464,54928,-1,90,0
1456,f388949b408541ccb23bbd460af1b9a7,135.26799343526363,54436,-1,96,0
1457,f144de57463a4699871e7ef0e75dec52,134.73910838365555,52670,-1,97,0
1458,d948e055e4e24a539b84b3880bcfe772,135.59594936668873,51471,-1,95,0
1459,31544f5b29294f42a2d75cf8d0a07857,134.7948145121336,51806,-1,98,0
1460,aa0a917a785d453cb7803ddd67c2fc9b,136.26262173056602,50559,-1,91,0
1461,2ddec9d9e7a94e099b2a8e698b60e82b,134.4321332871914,49391,-1,89,0
1462,9c763119cef842a9b027b3e2ce4b71f1,134.86451469361782,49352,-1,83,0
1463,9901bc499cd84de788240b468a950879,134.77459736168385,48531,-1,83,0
1464,1eecdb7bda554115a6161c16d4fb3782,134.5412265509367,51652,-1,77,0
1465,0490bd92372a4a2d98c7136ba6ebcfce,134.79147851467133,50533,-1,71,0
1466,b38a121a8c4549a69abe0fdeff766bba,135.5134341865778,47989,-1,60,0
1467,04ebf63518914e0883bdffdb0b6c3f4c,133.37773270905018,46543,-1,80,2
1468,99cd0464cb684d94970b3a01f53ece23,133.8686253875494,46249,-1,85,3
1469,22dab782087e453c9281a752f2189c5a,134.13900323212147,46097,-1,90,4
1470,5e10fe792690427ebf26e32eba6281dd,135.4879643768072,43891,-1,94,4
1471,cd6b9c4674704ef6877790b0f0f95118,134.58954729139805,48862,-1,97,5
1472,3865cf60faba423283e6f9057eafbfac,135.47667488455772,53009,-1,103,5
1473,830cac6f99a749d0bf708f8db07e4808,135.0579783320427,53836,-1,103,7
1474,ff5533eda7bd4589882a70f15d3c0e0a,135.17563976347446,54878,-1,108,8
1475,06db60bb02bb407bae46b9279c300141,134.6389502286911,53242,-1,106,8
1476,a7ef3c78cb2c44a99d7286763815dc2a,135.2402102202177,53160,-1,105,8
1477,01bbf47bcb1c44ab8ae4fedd8a0e0520,135.34855470061302,52649,-1,103,8
1478,66317c99b4524905bfb5cd70dac8932a,134.97422076761723,60051,-1,101,8
1479,ab806497110f4c1a98c1afade677a8ea,133.5870958864689,60294,-1,92,8
1480,ae239c877672435abcdd6b538ab68b37,134.05168801546097,54538,-1,91,8
1481,53f457e6ff1c4a3eba3839fe03284d86,134.9842194467783,60120,-1,96,8
1482,277ab77dca7f48eb818a8964db956b23,134.10303555428982,61136,-1,95,8
1483,ea8c4861b69d47fb97c204ae450369ce,135.17295569181442,64906,-1,92,9
1484,2407ae77aea14b3390082b2eef09b1ad,135.5362068861723,65479,-1,76,8
1485,51acaadfd72a45e18cdcfaa04398c477,134.75127331912518,67343,-1,73,7
1486,ec97abd93d564699a1da061a0c4c707a,136.34357415139675,65598,-1,73,8
1487,42bcae21690d4c27b3a0250c65d4dfbf,135.26972569525242,63215,-1,73,8
1488,701105242dac4e1ab8716b6f85896a9a,136.61573454737663,62195,-1,74,8
1489,94d3fc9d266743588dca2efc73d9fbce,136.2785119563341,61831,-1,69,6
1490,5a88a123c7674dd3a6d800e80b1598b2,136.9348131120205,61043,-1,62,6
1491,16a1238aae1e4ed68ed53ab18eb862ea,135.22258773446083,66791,-1,55,3
1492,6f6010108c3541bca021e4b8f6c68caf,135.21872088313103,71562,-1,54,3
1493,7dcd4a2e50d442d0b400ff82a96af263,134.94579680263996,71812,-1,55,3
1494,7cfef11e34da4f469f0c17178908379d,136.69437170028687,69001,-1,53,3
1495,8255767d23a3456d861591793f5df935,134.81256924569607,71781,-1,52,3
1496,16333de9bc924f1b9f893c6285077c6c,136.8530597537756,70987,-1,53,3
1497,a8cef1a65463495c89787bda79bd0e8e,135.3696547448635,72115,-1,55,3
1498,fd1751275e654f459c2f633b1212bd41,136.14319637417793,70806,-1,56,5
1499,b9b1530598a34cac9cde45d3cc6a5429,136.24309562146664,72465,-1,56,5
1500,b988f7f03263462d94d39a722dc820ca,136.21357828378677,72849,-1,56,5
1501,77a603db4aa247329c0a1aae2a46d18f,135.78034564852715,74171,-1,57,5
1502,e333147a745b4edb91c01a0c06309f9f,136.63422875106335,74320,-1,57,5
1503,e884c9e0f2414843a89451f7ce015f49,134.88598354160786,72737,-1,55,5
1504,6b34f819cc564c1783f63d88ccf60e07,135.09284518659115,73546,-1,55,4
1505,f510104ab7344de79f2daad23e3b6af1,135.7213445007801,76853,-1,54,4
1506,b4ee26d84a884b6fb2b47dd16f612a66,136.02542504668236,83195,-1,52,3
1507,ad8905836f364a87a7233eb0aef915ea,132.93972052633762,80740,-1,57,6
1508,7981b28d102547d09ceb7469faeda088,133.82259756326675,82982,-1,56,6
1509,5ab01f7610a24878894087740852f716,134.62392427027225,86399,-1,56,6
1510,82605117b0e642168d96e48f5d5e3147,135.12985408306122,84420,-1,56,6
1511,4d4ba963c97e44678faa54ba4895a066,134.14179906249046,82796,-1,52,6
1512,9a8659f4a28e4afe943fc93b2148437d,135.04871167242527,80097,-1,52,8
1513,ca7db2bbb0c0413e80a942a0e3ff3773,135.1527664810419,82361,-1,53,8
1514,49f1b7a6ca754bcba3cebd40105d804d,135.58154180645943,77728,-1,52,8
1515,6a1602032a0449e9a15300faafe36c47,134.55327041447163,71160,-1,51,9
1516,9c9f22a58fdc45f2b8a119cda3554f1f,135.72152517735958,72358,-1,53,9
1517,05e312eae68c454c86cea669ee26ced1,136.00877672433853,75547,-1,52,9
1518,84c24cd1d7914f72bb2fa17a6c5c41e5,135.43755188584328,77171,-1,51,9
1519,4ca5fbe7d222477da81019f6f1bbc004,134.17033106088638,71247,-1,50,9
1520,e8bdfe0cd07e443983dd9574a28ff052,134.9701937288046,75355,-1,50,9
1521,f06ba08d5dab4f7bb4523d369a769fc2,134.47404094040394,71448,-1,49,9
1522,3212edb0603244e89934a93c5cbc1bd3,135.49938797950745,73655,-1,49,9
1523,9fd3b3fb914d42c9a41ae1cfdb712c10,134.4315130263567,71802,-1,47,8
1524,88c395f034714bac91e39650b6c8476b,134.77621041238308,69293,-1,45,7
1525,ed4ab567cccb41848a4800223d46a71e,134.5088854432106,71313,-1,41,7
1526,95be92f4ae2f41cbb460e84b2665ad9f,134.99190472066402,69129,-1,35,5
1527,9578a444b9294e68bc29d1380abbff49,135.05195826292038,70837,-1,34,4
1528,2000b45e38be453386b6b65c7f310810,134.64410044252872,70034,-1,34,2
1529,2d4012e701194ca6a79709cfbfb6bb93,135.31958870589733,75487,-1,31,2
1530,d2304980faca4c3eae8ec846962d9cac,134.8679419606924,77159,-1,26,0
1531,3fa862e6d584466ab55bc7f9756294c4,134.17444936931133,78850,-1,25,1
1532,0edf95e4da554301b3f8103eb85961ab,134.69682075083256,77365,-1,20,1
1533,a6d48d66de814c4cae095613b5ebfe0f,134.74582135677338,76676,-1,21,1
1534,bb228f1f38484616b591ec833f9a2e76,135.25626063346863,77677,-1,19,1
1535,90a76bbbe58d4c76beed59cc12dc378b,135.3637333959341,77274,-1,20,2
1536,efd5303be8db46169c61670a5f16af2e,134.89888980984688,81323,-1,21,2
1537,8f0808f02e6f4e30915c719e16fcc8b6,134.7559094429016,83636,-1,23,2
1538,c801d6facd9448ff8f82e4099afff661,135.69147884845734,84437,-1,24,2
1539,6bdd8aca8e1142eca705815657551092,134.24254581332207,83998,-1,25,2
1540,5d6dc0be4bc645b396e714c7ba65e48a,135.3181768208742,81614,-1,24,2
1541,adaf88dea3a543999a80c876f3d2cd11,135.28552651405334,77235,-1,23,1
1542,f1d0227607bb44878de81446034d7072,135.62497310340405,75456,-1,22,1
1543,51eebb8043b844fa91ab2a70361882fc,135.68364456295967,71765,-1,25,1
1544,d21cfbfa6fd64323a6880d66a4452020,134.95520688593388,72223,-1,24,1
1545,353045dd55ba445ca3a6dffb746f306e,134.70222987234592,70223,-1,26,1
1546,1ed7231fca1748c3b697f29af4d9bc76,135.38522273302078,71323,-1,30,1
1547,339ead96177c4e338fde8235c188cfaa,131.41874223947525,55848,-1,46,8
1548,e3f82cd4e586448c98105270a72938a1,132.73564726114273,57669,-1,46,10
1549,ed00e1196ea74e0795313afc75d39dcf,132.94987007975578,57163,-1,48,10
1550,f5b3786fe6734f288e15a434c6dafbc9,133.18897783756256,55009,-1,47,11
1551,3203d9abb16544eaa3633b5235026e5b,132.37757422029972,56496,-1,49,13
1552,ac36a8528a9d419a898b46731b638978,132.8229196369648,56883,-1,51,14
1553,72c604b557dc4a22843df9083359d696,134.12213139235973,58427,-1,52,14
1554,a3038b1605344cad9343f34733768319,134.61760058999062,58327,-1,52,14
1555,220d9d5837dc4b4797c5e9ddfd34fa2f,133.6911115795374,59451,-1,58,16
1556,d96d796d308546eda47d7e3c50c11b8b,134.6109602600336,59731,-1,59,17
1557,b6e313eb6953481594bae8fb1be7751f,134.5547530800104,60027,-1,58,17
1558,3c61eda50f694585bac0614e4660eca1,135.24097204208374,61074,-1,58,17
1559,56918c22ccc740f48eb2112ccde344c7,134.3619618564844,62443,-1,59,17
1560,04cf60d1c1864314a88648fb0959a142,135.371757671237,61798,-1,57,16
1561,151d7b90415e45768947c3ddfbcd400f,134.5621682703495,60287,-1,57,16
1562,fcc71bcf364f4ec788608ed7d2d59467,134.33187641203403,59246,-1,58,17
1563,4aa6b088a8ed4f2ebc26e7026d441d34,134.8495464771986,57860,-1,57,16
1564,e9dee57addc44ab391d5f9f0f9d64488,133.72411206364632,57918,-1,58,17
1565,4c0d754392d242679064511cd77f8ad3,133.66657495498657,57052,-1,58,17
1566,be8d80abd39640f3855c62885d2130ff,134.7725335508585,56131,-1,58,17
1567,22dcaf42d89647e4886652573c2f70a0,133.7745189666748,56796,-1,58,17
1568,ccd733959138440885578f1afeaaa4a7,133.96471366286278,57998,-1,57,16
1569,1a9c83c482c84c9e874e21aab1820190,133.60676355659962,58731,-1,58,16
1570,9ae2f0e4335246f9a1ac3e274d363a6b,134.375786408782,59534,-1,59,16
1571,d504f7d211994a1caca2a752c303596a,133.35946761071682,60672,-1,62,16
1572,049dbeaf7e564c0d9fde9c76f0e038b2,134.75833646953106,61526,-1,60,17
1573,2ae3fe8215f948d1b61900c805c91ede,133.63507576286793,61262,-1,62,17
1574,ea76cd58df7c456fa7ac6d782c7cfbd0,135.24403795599937,65548,-1,64,17
1575,9e24321bb09543faabbf39ce2648d13a,134.86790098249912,65422,-1,62,16
1576,36cc659c3aba45e8a1128c22bc0f91ff,135.88735833764076,64288,-1,58,14
1577,a42f9468a2d54dd786875764ec2d3496,135.36081835627556,63986,-1,55,14
1578,3b63e8f8098e4e049dcff5532a349c18,135.0590195506811,62127,-1,50,12
1579,0141260a339d4b37addb55818bbae718,135.39295829832554,63943,-1,48,10
1580,c89c96c3b3234df3a0dd098d7f24f518,135.63228771090508,60260,-1,46,8
1581,0e62201c3a3d4da289925f1c2b0fb94f,135.46147570014,57616,-1,40,5
1582,e3abe5d16fc64de797f8dfdc468a8cfa,135.87640598416328,56674,-1,39,4
1583,a295a63b9748438399bde0551aea5da9,135.62394306063652,54856,-1,39,4
1584,efb40ffbe4114a2d92a1b4f3e44affda,135.7318852096796,56935,-1,39,4
1585,8d2cb1af003e4f009f779d79cfbe27b2,135.16359589993954,56436,-1,34,3
1586,4d0d06979c984a72bfb9e6c5e3a35f84,135.1977102458477,42302,-1,38,5
1587,2f66ecc47ea444a382fe2fdd0b72bfbe,134.73696634173393,42177,-1,40,6
1588,4b5202b4625f48799812af5d212e68a4,135.77620685100555,45900,-1,39,7
1589,337b3416809642ddae453ed60595cf5b,134.69219021499157,50605,-1,40,7
1590,b38d8cf878e54d3a8f025af620fa2f97,135.57901792228222,49368,-1,40,8
1591,d71c3cf6e5184dab8100dd12a7205d43,135.9614059329033,49119,-1,37,7
1592,e3831bdcf3024b5eb47f2684694f8504,136.10832206904888,49628,-1,37,7
1593,fad35ef9ea5445cea6b6488e5435b9a7,135.38452237844467,48947,-1,39,7
1594,dc01868069094fb68ff4b7b5f38f37ac,136.3015752285719,49689,-1,36,6
1595,1183d8d6cbc84ad4b5a6d1e7a88e1bef,136.31855696439743,49698,-1,36,6
1596,03f6a362b0774343b475ec45be465a87,135.90727373957634,48870,-1,37,7
1597,fe6cb26795a641bb96d5fada8f535b1c,136.41156256198883,47866,-1,41,8
1598,aa7788b50c4f4147a029b32bb407e87c,136.81611977517605,45711,-1,38,7
1599,318d1d9419e74d52a15f07e9fd14f4ba,136.19062677025795,44988,-1,38,7
1600,3ed3c3b3ff7b447a8395949963fddca7,136.6935409605503,44134,-1,38,7
1601,58472a3476754fb5ab1f0e0a9d9e5408,135.92306338250637,44400,-1,38,7
1602,ddec5b390999402ebe6b59d8119543bb,136.67182065546513,52111,-1,46,8
1603,4723346fc05c40478a04e6331dc5bd58,135.2196428924799,51655,-1,45,6
1604,b125762977ad472daebf8a989f653b49,135.15461049973965,56888,-1,48,7
1605,ecc7ca4626144d729a463f92d9379ff4,135.0245550274849,58200,-1,55,7
1606,494438a3d3b346999f23e5dbc1f201bb,135.43658144772053,58650,-1,59,6
1607,cb41477fed2340119045080e131e971f,135.098684579134,53473,-1,60,5
1608,c42868f6a88b4f0db5e64d3b206977df,135.81516034901142,53655,-1,62,4
1609,3065a32165974e269345cf9d08578cce,134.97763685882092,56600,-1,65,4
1610,e47ae59682f540af83fc19cf625899c0,135.98931767046452,53054,-1,68,4
1611,3b5b12f948e64b729a1041ad4016f194,135.0555643439293,62646,-1,71,4
1612,5a9cb38d50ba4282b6f26249a06ed700,134.61117073893547,61456,-1,69,5
1613,02fa71fc16d449c382c24b1b7deef3ba,134.43291559815407,63061,-1,69,5
1614,f4ee84975f4448c49532330e9efd9749,135.16560196876526,63729,-1,66,6
1615,2e137fee62e241aca2966876af1e201f,133.45596939325333,64505,-1,64,6
1616,8855fe65f4964e3e857cc84222b54d66,133.4831304848194,61334,-1,63,8
1617,49c0071f7edc432b891c53d6c5d4bdae,133.95137898623943,63094,-1,65,9
1618,9f4eea927ef549e19872cf4afd8990f5,133.5159633308649,64306,-1,66,10
1619,d5fc40696a104448993f0ac24c29032d,133.0503672361374,67114,-1,63,10
1620,f41444b8ff1f4d3898f1cbbd6bddd99f,133.04448686540127,65889,-1,54,10
1621,92eb4f29f5c7465fa7331dd289f09db9,132.00650550425053,66303,-1,51,10
1622,6fa14caf18644b2ea65bbf35502ef860,133.73819924890995,65241,-1,52,11
1623,c203f9ea49814408adc70881944e6d1e,132.5694154947996,70493,-1,46,10
1624,4e4cc533a39b48b49e9535e95f3b7167,133.09613429009914,70478,-1,41,9
1625,daf998de0f354de4850f63d06a79d2b5,132.71812163293362,74103,-1,40,9
1626,80c91574d0174206a74435200aba8ba8,134.85883548855782,67228,-1,22,3
1627,69d6788855054c9c98a508fc3afd4515,133.82563367486,72438,-1,27,5
1628,000868a72138448191b4092f75ed7776,134.6905678510666,77301,-1,26,5
1629,783ff0de60574dbcb9ba4773fcbb10e2,134.82571206986904,77427,-1,25,5
1630,ae99f920a69243f48718491110582d6e,134.84260253608227,74781,-1,27,6
1631,76c845595338445bb73dcdb37eaa04e4,135.3259515017271,76185,-1,27,6
1632,4e50f9842b0745b7a969d46d1ef61143,134.78434272110462,73359,-1,27,6
1633,946040cd49c64a8f9e58d32175b9936f,134.39873978495598,74483,-1,35,6
1634,25a862fb3f4b4193a4f64d5051eebc19,135.65026223659515,74261,-1,40,6
1635,29264103ba0544269fb5fa858b13c967,134.04735922813416,74711,-1,40,6
1636,d15bdc1730e54d4aa57f24f160279c4c,135.13151742517948,75396,-1,42,6
1637,d968a5eaaae446f6848302351550dd71,134.2681460082531,78892,-1,47,7
1638,eda44beb548b46c9b5fcda5794cab0ab,135.55588386952877,76788,-1,45,6
1639,14211c38e68d4943869764ff48b6c735,135.42204350233078,76159,-1,47,6
1640,48d75ea2edd5402fadd17321c07af99e,135.90532168745995,75920,-1,43,6
1641,f809c8838a2f44a58dd0ffc76329e430,134.9889375269413,76208,-1,38,6
1642,210e97b9404e433abf8cd271278b9f38,136.1426655203104,74342,-1,35,6
1643,65cda5e5171247e9a7a18afc9a8447d5,134.65088419616222,74899,-1,34,6
1644,70ad915cfc344423b3a48003cc7fa223,136.3019458949566,73908,-1,27,5
1645,77673232b11a4e85acc28a1a5bb1c289,134.93048027157784,74914,-1,25,5
1646,5697c1f2afd9450c965500e989819d69,137.72328570485115,77885,-1,25,5
1647,7a4691919fd44e7e9695cd367bcad6cb,134.39482264220715,79145,-1,22,5
1648,befb06465a7f4b0793dcaa467854a6dc,135.33511012792587,76655,-1,21,5
1649,55318b9eaf1c4633aff259d87b1bd334,135.0266095250845,77577,-1,24,5
1650,9f184af29f1a48cfb0f33ed7788925be,135.4948915541172,79427,-1,27,5
1651,0ebd7d84007c47c6ba92625f93f0f3c1,134.33562964200974,79052,-1,27,3
1652,82505189b90a43dab7a3f77131cfea67,135.05819998681545,79503,-1,28,3
1653,47ef14127cae442f804d140ab0d33246,134.58756357431412,78531,-1,28,2
1654,3511eec3e52940aaaa964b145ed5dbc7,134.9930576980114,76611,-1,30,2
1655,e0a1a4a516cc4802aef8f376903d812c,134.29862260818481,75829,-1,30,2
1656,d9e2096706904142955c3e37878356b7,135.0002195686102,77157,-1,31,2
1657,7f7fc8127993448a873bf72886a77a37,135.03714837133884,75283,-1,32,2
1658,d6c233c225ac4292ad903829c6acc3a2,135.7867866754532,73280,-1,32,2
1659,355be35606a1455e83b171ce89822e54,134.6308272331953,71395,-1,32,2
1660,cbfdfa1a34184ff895e94ae3ec7928bd,135.79746708273888,70345,-1,31,2
1661,f5402402488241e18b6485fc79d02722,135.31902059912682,69434,-1,33,2
1662,dc75bab3f7164bfeb399c768fde0f620,136.09249144792557,66167,-1,30,2
1663,1e8243d75efb4224b030c1b62d5d4ff1,135.4091502726078,64087,-1,28,2
1664,bd08b6c8ca814798bc6e62220b14ab0c,135.71219891309738,63082,-1,25,1
1665,741bbef66bca4f969a3d114ea0236f54,135.907094925642,61546,-1,19,1
1666,fd8420396768425eabec9bdddf7e64b6,133.198456838727,62535,-1,37,9
1667,6eb8a3ff0abf4f3a9380a48f2a0b87ef,132.8576449304819,62650,-1,38,10
1668,b10f0cd792b64d16a1a5e8349b20504c,133.2655120640993,62472,-1,40,11
1669,163b70e627854893b88575caf85a56ea,132.84886814653873,63084,-1,41,11
1670,f56a544064a548a39a81f18cc8f633c5,133.25931131839752,63751,-1,42,11
1671,f286cdaef36648cba3b6a24d2178dc8a,132.74750858545303,63777,-1,42,11
1672,877f55a6d8324fefb5e0f5e0bac3d7c1,132.91066512465477,64218,-1,42,11
1673,49f8376cd6b34f07b20ed6d5b5b42acd,132.9598668962717,65832,-1,44,11
1674,cc50000970584ba5aaf14760b1ced696,133.4489956498146,66336,-1,43,10
1675,21b99febc5c14f7385e787fe81e96670,133.0663077533245,66756,-1,44,10
1676,cd908fdce67249f3a8a14b987f00592e,134.86734963953495,67782,-1,45,10
1677,6b9af38cbf654171870cb14b4ae89fd6,134.08715464174747,69171,-1,46,10
1678,a0edf6edd121431785948038c54e036e,133.96357372403145,70855,-1,46,10
1679,9281ea172d9e43528e65fca81e2006d4,133.63192975521088,70783,-1,46,10
1680,6180726fc8744ea2b129ebaad6f79cee,134.47297923266888,71662,-1,45,10
1681,1ac0914c98b8488cb3521efeba354496,134.2887431383133,72795,-1,46,12
1682,2f5de0aeca704127925cf8490ff5a21d,134.59615036845207,72840,-1,46,12
1683,e4df3ac5874d49b7a3553035cd735902,133.54662992060184,68786,-1,46,12
1684,dc878ebb5b1e43eb9442d9361854613e,134.66081209480762,74877,-1,46,12
1685,e617edf72860495abd928aaf57dfa5fa,134.07526351511478,71322,-1,47,13
1686,7c0aa537b98344bea85226ba8148ae98,134.83929820358753,71989,-1,48,14
1687,02651ca22b08484294d473d9c26cd9af,133.59268754720688,73307,-1,48,14
1688,37b3d16060b442d5b6175cbebefd09a7,134.5040574669838,69119,-1,48,14
1689,9c75ddb5976343c3b7b33e8148d3eeb0,134.77315194904804,70457,-1,49,14
1690,5e4e25f87ec84942ac459a55fe064330,135.1869311183691,69705,-1,49,14
1691,c1ab33c3994041ceae32b0fe1b51e611,134.97649505734444,70752,-1,50,14
1692,23dc1b528c734082b8b3bfd9757f0eb3,135.66702231764793,69523,-1,51,15
1693,3064a6b9b3f04e5d8e51eefb4be8506a,133.4626730531454,67671,-1,51,15
1694,1c8ec6c1dd614d3fb8b8849dc8756a9a,134.14881005883217,65900,-1,49,15
1695,57a79294b87e4b55a7bcf58f7f8c6326,133.8164061307907,65447,-1,48,16
1696,3be45164a35e465cbfbc3c20ef060718,133.82004387676716,66772,-1,47,16
1697,7d1d71e3ce5745f7b49b9c2e5991a45b,134.0015046298504,70450,-1,46,16
1698,77f6617716654cfb8e313f0cd69e04a6,133.93141143023968,70341,-1,46,16
1699,08254b97198045d98009af51d144d147,133.1823356449604,70697,-1,44,16
1700,1b5a6659994e466991ba17e9998fc05e,134.0874843299389,69526,-1,41,16
1701,b214d0d42c404d4f925aa56ee9cac607,133.5269119590521,71163,-1,45,17
1702,fd96de719c3a4ca3869bf96166095368,134.33067314326763,70385,-1,45,17
1703,d41e43b5f85b4c8298180efc246d529e,133.5780881345272,72810,-1,43,17
1704,df87d08ce3644995bc7ad5721a725899,135.30993275344372,74057,-1,34,13
1705,20684b77c01641e7a5ada48308a0b1e1,134.0168323367834,73051,-1,25,9
1706,418cbb70159341c1ada4f3ba1fb69713,134.29794274270535,73687,-1,47,11
1707,1a89f57231644ef9a941a51bc4322bdd,133.635176345706,73671,-1,52,12
1708,25a777903d554457b6e4e5e437f21125,133.9775286614895,72118,-1,55,13
1709,92bf51f4b2c447b5a8e068e25cf1f980,133.18200409412384,70291,-1,58,15
1710,66acf00fb96648bd8d7493be238ecc8d,133.69307480752468,69630,-1,61,16
1711,a893b19c605e41f8b9f625cd5d968960,133.3826519548893,70295,-1,61,16
1712,96d621f9ae4d44f0bf45688877a2d8fc,133.63161869347095,70297,-1,61,16
1713,9c1fc0d8c93b4a8584cc4f41d2863667,133.25012288987637,68974,-1,61,16
1714,8010cad5488d4f449a45b8ba24f97fb3,134.04796086251736,69128,-1,61,15
1715,b416110f0fcc4aeaad2c3ea13ff0f519,133.19883681833744,68606,-1,61,15
1716,88918bab1cb841f3a0fbb92a1110fc47,134.47407260537148,69154,-1,61,15
1717,eb9d7bc242d14e92a46c1037126cb204,133.5401888936758,68474,-1,61,15
1718,1b9f1ac3f22b410ab8d5252ebddd78d7,134.49269719421864,67823,-1,62,17
1719,e79bf81d98084e178032acbcdd9cb909,133.7251141667366,67779,-1,64,18
1720,780457151a8a4d3a83b09dd1c7e9403b,134.57928970456123,68402,-1,66,18
1721,60321e7996b64926bfb9afd9c53b4170,134.1607328504324,67745,-1,65,18
1722,0799844f6afa4ac1840181d0c8b26f08,134.89708490669727,68118,-1,65,18
1723,6489d3f46b87471086ba9c5c1ef9266b,133.9085791260004,68953,-1,65,18
1724,abc3bcd0053842e482d2296fc55cc405,134.53985564410686,68383,-1,65,18
1725,76919271ab6d402b908a31648191a5a4,134.12137888371944,68981,-1,65,18
1726,a1914259fc2542dbaf82def95b83f9d5,134.71425138413906,68664,-1,65,18
1727,586d6516ca7e4c528a6a59eb470e17a8,134.28003899753094,68368,-1,65,18
1728,113f0ef12c2d455ebd676580a8bb9d57,134.28241200745106,67938,-1,65,18
1729,f5fa686f58434bb3b199e4d87be19261,133.87192972004414,67190,-1,65,18
1730,4e39dbe32cc443a4bfd5fb620628472c,135.42291335761547,68373,-1,65,17
1731,18e40c605a454373ad2074ec5429745c,133.97680595517159,68023,-1,63,16
1732,2ee49140790544d8b01f52813ba9444c,133.93008150160313,67674,-1,63,16
1733,1fde5dec10c4471d97b84c10742a01b5,133.60553234815598,68044,-1,64,16
1734,64b2cd57232f4358992168b0952c9e15,135.3517398238182,67548,-1,66,18
1735,62fda3b441504bb69459b4d413dd239e,133.76593217253685,67703,-1,66,18
1736,a684d7f8873c40a1aef81b519339e1a4,133.79049859941006,67720,-1,66,18
1737,c95a25401bd845719d68ea6771a30788,133.30716080963612,68043,-1,66,18
1738,c277f8cfa79f44d184ae3e5e9e2a1f42,133.69491696357727,68366,-1,67,18
1739,23d04168ebfa4aabbd7ab5024c7f096f,133.96203890442848,68130,-1,66,18
1740,1e0daf978bb4479a81c170e2623b5952,133.83075408637524,67517,-1,65,18
1741,fe3e9f5a937641989dba37c2778909b7,133.50372947752476,67732,-1,65,18
1742,1055581a282140f69b2fcb6906629785,133.51652212440968,67361,-1,62,18
1743,c48c3dfec8b5454ab97303a00365a77b,134.02283377945423,67519,-1,62,18
1744,aa05cb2306d44741a5ca0230e8b307a9,134.12431441247463,67546,-1,62,18
1745,72faff2c0c1749869c925e55b30e7b78,134.5560271292925,67019,-1,60,18
1746,c525629d7b3749d8968b486bb5412adf,133.57064500451088,67266,-1,75,16
1747,273f8288e5bf48ef835a1b71839f95ff,133.6233038455248,66440,-1,80,17
1748,005d3e821c4e4e0ab03f1ea1dcbf9cc8,134.4010140746832,66434,-1,81,17
1749,f1a2b04d085842dfa616d66eb41f1dac,133.40369053184986,66978,-1,85,17
1750,14ab15e6c6fa4ac5a925b3b3d5057a69,133.86220298707485,66875,-1,85,17
1751,686d05b40a9c4e0787ad4d7d9a34b7e2,133.6839571595192,66418,-1,86,17
1752,8613eaa60fdb40e7b7564f4bd1a0a713,133.8359322398901,66360,-1,88,17
1753,c7b18ce7027c4cc3b2068fbf46860b3f,133.67716409265995,66668,-1,92,17
1754,ed00973ef2814a90b76417d73362c2ed,133.39798152446747,68345,-1,97,18
1755,c81a1a2b42f04905a14373fcb4842658,133.82702693343163,67307,-1,101,18
1756,f2b4bd49dd73457395591ff69ac90dec,134.03098843991756,69162,-1,106,18
1757,d8866c75f88a4dbaa461260b81409544,133.9737232774496,70325,-1,105,18
1758,80dda70f1eb04a0cabbbafe1318e4a88,133.8586751371622,72010,-1,107,18
1759,bd5f50d1b5ce496f9c86018e9681c854,133.95581766963005,75198,-1,110,19
1760,ece036de967b4e73bc8d76d60d2d6852,136.6809867322445,77223,-1,112,19
1761,a29623dd054b4177a9d98b83c0fd23bd,133.86188074946404,80194,-1,111,20
1762,319d9da83ce44598bb9514917fd8d0fe,133.36737267673016,82329,-1,115,21
1763,94126983bc0c4de89fb27cefb81f24ef,134.27947647869587,85874,-1,119,20
1764,68cc30fac5f043d09cf991e05c47c75e,134.08497162163258,86202,-1,119,20
1765,ad830c774eb7484a87fd2c776c570c2f,132.438026368618,85730,-1,111,20
1766,7a80523f99c3434ba5f65a3ddad2b2ea,132.68300704658031,87195,-1,111,20
1767,699e94e9f1cc4dffa7c58c00fd3a740f,134.09374840557575,86993,-1,110,18
1768,1a5aaf6004d64cd889d07fad3210717a,133.1990361213684,87120,-1,101,18
1769,ecb02ec960ee419e93ba9b7ca097f39e,132.734514772892,85663,-1,100,16
1770,1e4c26347efc4a52874cdce79c1e3560,133.23726877570152,91928,-1,98,16
1771,6f86c8245d654d66b0ea21fc3b86be8e,134.09059308469296,89393,-1,93,17
1772,645e0c2f9b724c5b95fe434930c2682a,134.62437316775322,88509,-1,94,16
1773,01176d20420b404ea52769d01ad61b0c,133.48662666976452,87248,-1,88,15
1774,d2d9f427368a4a5f87ee755944004705,133.10495018959045,88557,-1,76,13
1775,dbdccd9cbc164e7897ad372ea8d43bde,133.95239040255547,90199,-1,68,11
1776,c9efa9b7f6684fc08357f49151990ccd,134.3208122998476,90808,-1,62,15
1777,6648ade33185426ea5864cdf7e0f028c,133.98304022848606,94708,-1,55,11
1778,13ccb50e48444e128c76ca469117d676,132.97314196825027,97211,-1,49,11
1779,2314ea963c6f415fafe75d8e578be1d6,134.071234613657,91350,-1,45,10
1780,39c9dbd0165243af98884b726f6cfd33,133.8789537549019,87948,-1,38,7
1781,920e1cc30e614027b343ce9829eef500,134.22058522701263,89324,-1,35,5
1782,716255464b314cfa9c5544d3e9011e08,133.12106020748615,88370,-1,35,5
1783,22545686b0f8403dacb13f9d2b6ffd94,133.9761968702078,85280,-1,33,5
1784,cbdb9a1e000b407392830452576cf1ee,133.94762203097343,78369,-1,23,3
1785,c35efe5eaf784275b8c7e31fb50aa902,133.33601504564285,118281,-1,3,2
1786,bbfbdfbb51634a7885c8c8aa5c7d3ada,132.2156898677349,118458,-1,3,2
1787,23fecfb4d87245d78c134c66b5f7ba26,133.09739530086517,117757,-1,3,2
1788,5a6a4091ef044f29919e180ded9f0ac9,132.8376680612564,118228,-1,3,2
1789,3f065eea5a9a43a9959e9304d6613472,132.55850411951542,117553,-1,4,2
1790,89bc1e54d10a47f8bbb13552df6fc114,132.99277797341347,117744,-1,4,2
1791,5bda3cb5fba04f078ed6559d6ad53ad2,133.04313458502293,117630,-1,4,2
1792,d05a95e0449b48b1a964849f3d7849f4,132.78814405202866,116548,-1,4,2
1793,4f678fa48380438fa73e79931cc86e45,132.8245047479868,116630,-1,4,2
1794,86b84392b77545d98db8135f590fd829,132.27215595543385,116218,-1,4,2
1795,bcba1b4aa79c4de0b93e7e729efde8ed,132.96397402882576,116159,-1,4,2
1796,0ed1a404c1fb4f7a87a30d3ee45f7f97,133.42553190886974,116274,-1,4,2
1797,88759370eff4419f9b3fd987b3035355,132.80627876520157,116797,-1,5,2
1798,51ce7845929f48568a0929e663b8b6e4,132.98026472330093,115798,-1,5,2
1799,d28733ecd5204cd28a17965a6bb72df8,133.43441858887672,117185,-1,6,2
1800,6c6c21246e5249edb225218c1e0cd1ce,132.94941931962967,117090,-1,6,2
1801,ae94b61493d74e4ab194621a930441bd,133.02535191178322,116366,-1,6,2
1802,f777d3dbcc5547bc8adbfa529ab4fa3c,132.30663165450096,115999,-1,6,2
1803,cd57d8203af0414d97e5987b2bed7259,133.46406444907188,115398,-1,6,2
1804,eb0fe3d48c3a430a92fb9a7dae1b2409,133.22816044092178,114961,-1,7,2
1805,b78469963c894087b7093a07df2b3fcc,132.90068693459034,114660,-1,7,2
1806,4e112424cadb4c508f24240f07da8a24,132.83886015415192,110830,-1,9,4
1807,5ad76231ff724caa85e151d89bc8770a,133.71996395289898,111450,-1,10,5
1808,9b6aa502f94d4a9c87f86360d0d2f45c,133.26961733400822,113984,-1,10,5
1809,02e898c7625f48c88379bafee924c290,133.02895799279213,114571,-1,10,5
1810,d4cc2c0085ee4242bd780d2e30f0a8b0,132.92794860899448,111062,-1,10,5
1811,d37198617cdd43daa8f0b5ad25bc2852,134.0391542762518,108778,-1,10,5
1812,bae1dbffebc641a99ba5f2eaf128bd98,134.42104123532772,108653,-1,10,5
1813,a62dd256787942f39fe7ce42fa130152,133.98964144289494,106760,-1,10,5
1814,64d019bf33ba4dcb9eca5e5ab2ef967e,133.112832903862,99833,-1,9,5
1815,a4a9d61254d148fba35d53277b5246f8,133.20378586649895,99436,-1,9,5
1816,08beb6614eef4f7cbc320082a06d725d,135.20040549337864,96279,-1,9,5
1817,4abbb74395314826bf1f12d601b61800,134.1404039412737,95463,-1,9,5
1818,0af54713a83e4d54b852eb2239039136,134.1894082725048,96932,-1,9,5
1819,5e63770fc35945f1a6a7b1ecd2d9e459,134.62227024137974,94117,-1,9,5
1820,e6c01889665a4affaf5bbedf91b8f2d0,134.1702714562416,89204,-1,9,5
1821,0243c409f6504a7fb4a0a46051150f1b,134.35400649905205,86426,-1,9,5
1822,b6f68fbeb0184bff886f36e6bac5408a,133.35378654301167,85594,-1,9,5
1823,d51bc02e54794cf38c6ea68071c70de2,134.36862267553806,87896,-1,9,5
1824,06ff524a14914fb79aa7afe3af23a755,133.9698936790228,88206,-1,8,4
1825,269601cc1e4d45a3a36fbf291d45a447,132.71080888807774,46007,-1,50,1
1826,4ef689e811144b91bc3972cf5c9f24a7,132.07652792334557,48158,-1,52,1
1827,e6b62fb271c944cd9a7871b3972a8721,134.2117190361023,50774,-1,49,1
1828,edd33328448f40b49f0f7e1da07b9ca8,133.67385789752007,55776,-1,49,1
1829,7d47b2309e5f4eddac3ca1b82f16bba6,133.18741507828236,60511,-1,47,1
1830,0d03e6ff8bd54867b2fd69df2de63748,133.3545483648777,60601,-1,47,1
1831,1ae51c77dcb94e98b0349b2213b4b146,134.60664078593254,61088,-1,46,1
1832,42de34837ddf4633adc4aedf2e824c5e,134.74448956549168,60526,-1,45,1
1833,f087c45005124bc5a0ed2e8eb39892fe,134.01886820793152,62567,-1,47,1
1834,deb3daf1fd634c4b83a80182cabeef46,133.64151865243912,62194,-1,47,1
1835,3a58d50af7664817bbe31b231a5e17ae,134.37034748494625,62062,-1,47,1
1836,f70d94a083f3437e8fd693d8648b6587,134.74776595830917,61857,-1,43,1
1837,c61759978d3c4a799a1f91e2f98db722,133.9071188122034,63778,-1,41,1
1838,21272b5266a646fb92504d5eeebf11bc,134.08478163182735,62834,-1,40,1
1839,a11122da55ec4b27b580c23e8473e874,134.5407459884882,60397,-1,38,1
1840,63e40c4a678d4bf49031458d5ba6e01b,134.7295418381691,60523,-1,35,1
1841,c5e587ca7daf4f0db1f369a55a833f14,134.68343392014503,57924,-1,35,1
1842,953507dae9794a6da9229055585a371a,134.69022884964943,57624,-1,35,1
1843,c91a97e6c7fc40e995491ae7272db9ab,134.98134538531303,58680,-1,35,1
1844,1463c5e376a945f1950fce5247eb2953,135.25809347629547,57741,-1,35,1
1845,9f7efc90664f4c3f84ce0014bbeb3fde,134.65854711830616,57039,-1,33,1
1846,10a3ee039c4c482ab220e69c1e420031,133.23209807276726,53567,-1,30,1
1847,da52113f2bed429f9666830c6fe3f2b4,134.86276008188725,53211,-1,31,1
1848,15aade949000400ea701dbd79710f8f0,134.14061442017555,59198,-1,38,1
1849,305eabe98b6a445799cad8d843047cae,133.34215618669987,64261,-1,42,1
1850,2a8814846e6940cbac163a9974837204,133.36161337792873,69143,-1,43,1
1851,bbe3c0605629491ba2dc5eef6ff2d3d4,134.78372432291508,72148,-1,44,1
1852,ca6d6807f08a4a7b86f748820069eae7,133.49903002381325,75842,-1,43,1
1853,ba27f0e4ca2a40d88ef1d44d2ebdc9e4,133.49201530218124,80020,-1,43,1
1854,d2695a8237424836a115110981fa9e98,134.1286525130272,78501,-1,43,1
1855,b7efe50e943141a4b447b2995bb5a6e9,134.9094994366169,77454,-1,43,1
1856,108269b3def84196a54f082bcf5ea972,133.9324451982975,83841,-1,44,1
1857,f954522c65fe49208c969909442ca375,133.92368704080582,87623,-1,45,1
1858,ba53f1ae83484a8abb8f8777f7a073e2,132.95877538621426,89667,-1,41,1
1859,84c4e9822b544011b42d5dce27f19b95,133.63697938621044,92001,-1,45,1
1860,57e687deea9c413e85a3a923495b9bdc,134.29375179111958,96487,-1,45,1
1861,17769836674942518240fa777b091210,133.78537632524967,98514,-1,49,1
1862,9c3ecb17cd3145278b959c88fdbc12a1,132.7405646443367,103298,-1,44,1
1863,bda4f0fb063b43648614009183ddb205,133.50005261600018,105373,-1,37,1
1864,b98e65c90a7a445a907a3bb1467b551b,135.1039744913578,82957,-1,19,8
1865,b8625dc52082469babded72ca4f0f823,134.9294763058424,78039,-1,20,7
1866,54e8477902df471d8b43705b1a120f37,133.84128361940384,78506,-1,21,7
1867,d7e01a57f86548e2808351f913e21706,135.18009893596172,80143,-1,22,7
1868,7531f8e54ec6433b8c5f52eabbfec701,135.66755317151546,80463,-1,24,7
1869,0de7fa322bc7487c9d5073e234566032,135.4293655604124,77846,-1,22,7
1870,8998453f5b16454294476995463f32d6,135.13092696666718,75499,-1,22,7
1871,e259859ceada447494eb61a30a121ca0,134.4701051712036,77363,-1,21,6
1872,e3ea9ec04e084b96b497f4edc4024bfe,134.82713513076305,73079,-1,17,6
1873,bad735b92fba419ebd141e001451eb73,135.5155985802412,71393,-1,18,6
1874,c4a291f361bb4e84bba77b62db710b8e,134.00048203766346,66697,-1,17,5
1875,8135e2527da0405d9887a6a9b456586f,135.22751815617085,64947,-1,17,5
1876,ece0178703b54e2ebca795f26eed56a5,135.18167100846767,66560,-1,18,5
1877,c7c62f68bd0a45e9877829a30e36a62b,135.11192984879017,64753,-1,19,5
1878,91b4d539792443d6a3aff6f939477159,134.92879457771778,63780,-1,18,5
1879,141a69c7937849e59d9942e0eafc8be5,134.98195633292198,65530,-1,19,5
1880,142934bfdfef4609878a306af32fefa8,135.11356338858604,68670,-1,17,3
1881,db32a1f21a8b49989746a09ceab49905,134.3049444258213,68066,-1,17,2
1882,256938d7a50d45ce82c031a72f57d326,133.37492756545544,65996,-1,18,2
1883,fa9853c0f9bf414f8ccc9654ae9b0775,133.9817475527525,65953,-1,18,2
1884,81ddc3fd101e41d0931e7c87381ca697,134.23497416079044,64817,-1,18,2
1885,89f10c1e72e34cd1b8fd94dda57dbe0e,133.78935493528843,63341,-1,18,2
1886,c0118a0cdb484aa782b3bedc0cfaa757,133.98879952728748,62567,-1,18,2
1887,6323d1a186e7440084cd1a90e7ea610c,134.92334634065628,63868,-1,18,2
1888,e54e8d4a4e38433ead078b6644b4ce70,134.748637676239,63213,-1,16,2
1889,3b195d69951a4207b2e0d0ad5e4411c7,133.58407095074654,63221,-1,16,2
1890,5001ffaf66384b63a0e51b5083a3bc30,133.8371653109789,62330,-1,15,1
1891,4c3a27cfaff14d6aba675b5f051efc39,134.06712748110294,60880,-1,15,1
1892,b027772a1e11420ea815686a03e356a1,135.25300472974777,60965,-1,15,1
1893,d5f7ce1b4817415bb884f5d970eda7be,133.25353898108006,60245,-1,15,1
1894,3725400736c64108b7888c90a91b64c8,133.59147496521473,60190,-1,14,0
1895,b3eab5cc4f404f19a5b89ea533605161,134.7952038049698,60265,-1,14,0
1896,ab857edfbfc94a369e6dce819fe16aec,135.1385898888111,57868,-1,14,0
1897,60d7dd6be0a34d54987cd8c567e07eda,135.02125069499016,56965,-1,14,0
1898,a3a83aabf393401697bc995d75363802,135.02476550638676,56537,-1,14,0
1899,ddcc64ec946847d5a8c502adcc11d3c5,135.2826114743948,56454,-1,14,0
1900,89c964f19d8240f9bf5d815120a9529b,134.80236940085888,54050,-1,14,0
1901,5d44dad07b0945f2b8b8c1082e650c46,134.87080670893192,52905,-1,14,0
1902,f51bc0dad84247818c349c797e285f20,134.17556136846542,52044,-1,14,0
1903,09361337f2bf4e819aac2a310481e62f,133.68286564946175,65017,-1,41,3
1904,05c9723974374ae8bb8dea4fdf4dac5f,133.0906432121992,64792,-1,42,3
1905,4e87276d0d1347a48550a74799631d6a,132.60114565491676,65715,-1,44,3
1906,cf936389418543b79f3e178e33d2934b,132.5382050126791,64550,-1,45,3
1907,72505908976e4fbe8addb92ed4dcd250,133.63740034401417,64454,-1,45,3
1908,6c9ad4d2b6084ccea4a7aff96cb9eef0,135.0411158055067,63032,-1,45,3
1909,5c7c23122dd94c70b8ab5528f27ba117,133.24731774628162,64776,-1,46,3
1910,f17eff26a49243a182f6843ff4f2d68d,133.56970436871052,64767,-1,47,3
1911,f666b893286a4511afd9c799841d427b,134.31048393249512,66572,-1,49,3
1912,5280125457214cad869cd0aaa4aba5f8,134.6871219575405,66671,-1,49,3
1913,c0ab12380dbd49d9aad1098df78e3800,134.49172489345074,65780,-1,49,3
1914,d6f57f68244a4136aa87ae54bf0aaef1,132.99553468823433,67062,-1,49,3
1915,8809e3930d5c4bfa88c2494ad3be72d9,134.13057662546635,65220,-1,49,3
1916,8d265c91cc944ba790c09e74d2811d08,134.0134460479021,65641,-1,49,3
1917,6eff23054ff6444eb949a80286c66bcc,133.3732046186924,65764,-1,50,3
1918,1d374f780d43407790ff6053b90f3716,133.39081592857838,64977,-1,51,3
1919,7461eb9987354c5db09f9203786b2324,133.7537970393896,66073,-1,52,3
1920,ddfc5088c6fe45e7a4b435875838119f,133.77276435494423,67258,-1,53,3
1921,716e5c98631a463a8aff6291bccdf4ae,134.08232666552067,68701,-1,54,3
1922,ddbf483cd9a34b7495867ad4e743dda8,133.98659601807594,62144,-1,55,3
1923,c762677107ea48979e06437ebc5c0c95,133.84917750954628,61367,-1,56,3
1924,bb0abb64c37b49058b885392c22d3b29,134.73313860595226,62427,-1,58,3
1925,18dfc351d10541f5bd12a9b434a4e771,134.95106808841228,62399,-1,56,1
1926,cd5b545ae3a84977b537cad727c55d3e,134.26935859024525,63251,-1,53,1
1927,58976dcd6bc449b4a23cadab4fb49646,135.48179529607296,65999,-1,53,1
1928,f2758f85e46f41fcb5375f13b498fd60,134.17870737612247,68656,-1,54,1
1929,4fc9bbe6198c4b8e837fd2ae0de6a4e2,133.3914678543806,70830,-1,57,1
1930,934013e218544a9c8b7d34297becce68,132.93290697038174,71257,-1,54,1
1931,501491486c9e46d6b30d01c7db5b4f32,134.15799848735332,71731,-1,54,1
1932,9489e07f0ebf455ca35819c3090818ad,134.907566010952,73685,-1,53,1
1933,2629f4e9f2c843e18b1e29011654e6c8,134.66774486005306,71622,-1,50,1
1934,795dceace16443a2a3a793971435f58c,134.0872049331665,72807,-1,44,0
1935,b3105c6e9a3a4a30bddd24b48b111d78,133.97574611008167,74697,-1,42,0
1936,65dd7b1dddac43749bdf45eed19a279b,134.82417911291122,74110,-1,40,0
1937,f7b89f7f3cf545178bfa58cf334653ac,134.38859954476357,72141,-1,39,0
1938,b4a5b2fdb2ac4fe6a4b65ce2eb850c32,133.21961648762226,67776,-1,37,0
1939,15f9009a938b40a4b3c6ef83b55c19c2,135.8090303838253,68101,-1,38,0
1940,a5e717fe82f4463190f06759630fa3f3,135.28781943023205,68308,-1,36,0
1941,a18be1888ea5465eb6530ae4b1eb69d7,134.8104141652584,73125,-1,34,0
1942,097c7295f13a4746a2c46d036c21bd3e,132.49091617763042,63680,-1,49,10
1943,2bb5509e49344af9a6dd61dddab5a859,132.894154638052,65445,-1,49,10
1944,b92ee1ed90c242d18bce9a8fdbbeb8d8,133.53201188147068,65484,-1,48,10
1945,c05110b8ec93423dbf2f39b916f16979,132.41951167583466,66823,-1,48,10
1946,8398a7b012a04b00a72951ce2792e9d6,132.08420388400555,68194,-1,48,10
1947,d11353f29481498487eef6a6661060a4,134.05031710863113,69033,-1,46,9
1948,4135ed4dd5fd46b486b5994b5736c0f6,133.64019617438316,69274,-1,49,10
1949,70ea11fab78d40d89ee2915fcc20bd9a,133.20431858301163,70131,-1,47,10
1950,b6354702127042f6b3a3ca6143296331,132.63285160064697,68989,-1,49,10
1951,e301e136efc44b5f89f8824f57d1d1b5,133.34821723401546,67162,-1,46,9
1952,fc992f0933a44ad2a8787d4eb50af15c,132.86941684782505,66461,-1,50,11
1953,255afd1fb1a34c9ebc1a577e49fbccd4,132.50098563730717,65020,-1,48,10
1954,fad2408ec620496882c5eac75d7226af,133.0252904444933,65219,-1,51,10
1955,cd46f5df303a4d60abd7e4447d344d4c,133.87779146432877,64292,-1,53,11
1956,ea5943fafc5646aab115dbe5c8d30631,133.9894514530897,63924,-1,53,12
1957,ad8a760fd8104effa036a20e260be50d,133.4527339786291,63623,-1,51,11
1958,74efe709d705423592fe052bbe3963cb,135.10979525744915,64925,-1,53,10
1959,1a69f00de8854f129d656b0f35d8ce97,134.07335802912712,65256,-1,53,13
1960,efb2d46049fd431f8b39b7c5149f9749,133.25716741383076,68283,-1,46,11
1961,ae16009cac6f4ff9ad4748088427c927,133.63780081272125,69371,-1,50,12
1962,e076002814294765abad22d58bdedbf4,133.72324220836163,70392,-1,48,12
1963,2081bd77ff3b4d69b1641d7d1425cde4,133.1894602626562,75630,-1,48,12
1964,d557b9adf90b44b0b128ceb13e23e386,133.63678008317947,77215,-1,48,10
1965,a7e83e3b5cd24948a58c93c66ba54d77,133.53697210550308,76674,-1,43,9
1966,8fa01e4bfb3a4eabbd59a5ef46185f2e,132.94503837823868,76484,-1,44,13
1967,5efe5833716e44e8b36d93d9c1144d5c,133.8378880172968,75555,-1,48,15
1968,e92d597382bd4a3c98b1a48908f85bdf,133.8502485305071,76263,-1,49,14
1969,1393101dcc194c64a63320e6f2d5acc4,133.4068365395069,75196,-1,48,12
1970,e2f07f5c5b964adfa922566c6bcc0d9c,133.65246914327145,75013,-1,50,11
1971,26f23947fce24749b747ab531507952d,148.69007654488087,74888,-1,45,8
1972,2152a1319102465a8f95673c8bf5dc95,133.39699804782867,73012,-1,48,10
1973,191374a2316d4e348b3d2f89057aa6aa,133.92877764999866,77972,-1,40,4
1974,db792f2f25d34cecb4ef462c2a4a8880,133.9663378894329,75336,-1,40,5
1975,87e52fd5dabd4c1fa075f42c0a89e72e,133.89405235648155,75228,-1,41,7
1976,4f77a18fec2e42899e71e123c81c925e,134.42501984536648,72675,-1,40,7
1977,6fd0afc617ad4aad9ff17f252751b6b4,133.43166187405586,72611,-1,32,3
1978,de76993a17914ac2a539c9e55c6009dc,134.04731079936028,71877,-1,34,4
1979,6b167511ce50433d8cd908436b29e5f8,133.82234796881676,72688,-1,30,1
1980,5a8754b66df14818afbac0a76cf12368,133.6344052106142,74331,-1,30,3
1981,7876ea81dbe74b31a262426af050eb8a,134.24700498580933,76873,-1,25,3
1982,5b90526901414d2aa5db2b9fdaf858eb,132.655905559659,68685,-1,24,3
1983,aa9848eff6fd40a88148dadfa611b10b,133.02595168352127,69801,-1,19,2
1984,5a2d3dfe7075436fb5826dfc45e53495,133.57657566666603,70993,-1,23,3
1985,f56b256d74d5484fbb1be4ac42546a7c,133.02239403128624,74746,-1,22,3
1986,509430f5472a4a47bde26cf3bee935fb,132.76780769228935,78941,-1,23,4
1987,fb51300f4f894631bbf2a1c0970e0701,134.02132131159306,79688,-1,21,3
1988,bca4a3f7ae0748c3b7b2f6e537c1518c,134.4597339630127,81339,-1,21,3
1989,9e597bf087df4d7fae593e7793e87e4e,133.32420215010643,81620,-1,24,2
1990,ca025b0fd09d40f8bc1dacec54d6b937,132.6765064150095,83731,-1,23,2
1991,c735e5f28290490b9fe269fcc6f1f895,135.8019858598709,85838,-1,26,2
1992,bc73130bbe4e4361922e99edbed1d8e6,133.9140497148037,85395,-1,24,2
1993,f984bba40e134fb7ac6e7abf11a20b69,133.3350520581007,84495,-1,23,2
1994,9831d9d23688450281465c2786c5e3a3,135.6818713247776,87991,-1,26,3
1995,9410ca9b3f9c4f528756dc5a009f20fd,148.41624163091183,88032,-1,25,3
1996,2e70460e06f942f08adadadf3e434050,138.77343758940697,88172,-1,25,3
1997,f748001963c7443f88b5988cebcbcc22,134.07129608094692,88708,-1,26,3
1998,815d072a4ff24e4db5f487150c37da38,134.11329500377178,87032,-1,28,3
1999,0aaca2f368ea4089a3e025efcae32588,134.78375412523746,87004,-1,27,3
