idx,token,latency_ms,pred_occ,gt_occ,n_obj,n_vru
0,30e55a3ec6184d8cb1944b39ba19d622,4071.390112861991,31517,-1,9,7
1,cc18fde20db74d30825b0b60ec511b7b,49.50285702943802,31708,-1,11,8
2,08e76760a8c64a92a86686baf68f6aff,51.465120166540146,31881,-1,11,8
3,2140329a6990437aa46b83c30f49cf49,103.54502126574516,31921,-1,11,8
4,01a7d01c014f406f87b8fe11976c3d0a,87.37057261168957,31858,-1,12,8
5,a2fada921a7d4141877f4a51328a21af,51.51004530489445,31809,-1,13,8
6,b06a815164ec466f9fdb525522bb3799,50.8752167224884,31821,-1,14,8
7,5bd85334fdf94fb99c7eaa45d5feba0d,67.36479699611664,31800,-1,14,8
8,61f89208546a4045af336659ebe8db05,75.04132390022278,31877,-1,14,8
9,3bf56ebb22b741339967a95a9fbe2081,63.06765601038933,31778,-1,16,8
10,296fcfbf2e29489699f1cb5631f38ff5,82.0850282907486,31939,-1,18,8
11,f7d75d25c86941f3aecfed9efea1a3e3,65.37154503166676,31915,-1,20,8
12,1dfecb8189f54b999f4e47ddaa677fd0,66.88634492456913,31941,-1,21,7
13,830ba619959e4802a955ac40c5ee9453,61.955638229846954,31950,-1,20,5
14,dc2b67cdadca4deb89d7d684f2894292,88.8555645942688,31946,-1,20,5
15,e1dffaba060040cfab07dec04790fbfa,60.46057492494583,31977,-1,21,6
16,be28204a6a5a42ed9939d95ec3f22f5f,52.75841988623142,31936,-1,20,6
17,77c3d98fab3e4d3ea65747caaa74d605,50.89426040649414,31946,-1,21,6
18,5224809ffef94a6e83454ad3930d3533,56.174617260694504,31832,-1,22,7
19,3c18f85f037744b6ae4c8a6f8dc578c2,49.340009689331055,31770,-1,22,7
20,08d95280dd2f42d98a4a6e33dff8e815,50.099391490221024,31664,-1,22,7
21,f38aedc5545643d5be815165c6574186,64.273152500391,31887,-1,22,7
22,56f30b8972084492bbe742d423fc00ff,49.908943474292755,31844,-1,22,6
23,d536032be01140afb6faa25b33de5487,80.57355508208275,31772,-1,23,6
24,4094ae4656fb4b8fb1906192b24a34cb,53.203340619802475,31931,-1,24,6
25,df25b3ecaf994001ab5d5b92b9de89fd,68.86637024581432,31926,-1,24,6
26,27f42a55215f4223a01afa79fcda72e6,102.55463980138302,31928,-1,23,5
27,f3c9f3e85f384381bfced8c2a863376f,50.71529187262058,31936,-1,23,5
28,9c0558316d134feb8835997f8df4444d,50.04216358065605,31950,-1,23,5
29,755ef1d006e94b2a87523000781a7a99,57.601530104875565,31932,-1,23,5
30,4f9ad42bb4a24970b770ba0a87baf47a,64.11335989832878,31843,-1,22,5
31,5ea654e6b56a457093b835dbf8c886e4,61.15870364010334,31861,-1,22,5
32,8d4ef2af6b394e5e8ccfd6e2e90156dc,82.5613085180521,31812,-1,21,4
33,91cc3d4e0df748fd8f7b2955fa4b549c,73.31774197518826,31838,-1,21,4
34,adcff599db1e48f19fd5c0fc827c8d79,95.64886800944805,31882,-1,20,4
35,ec78e68b1637464da5305a9cbed214c4,85.91888472437859,31934,-1,20,4
36,9288108d128d4579a54fb135d08b46ad,96.70579992234707,31944,-1,20,4
37,efce90566e4b4b39a3869c023d7c6f19,59.144141152501106,31935,-1,20,4
38,e59fefa1fc19406782779392dff95366,49.17508736252785,31907,-1,20,4
39,adce54dcf6404d37bd170ffc4c2a7836,49.558982253074646,31844,-1,18,3
40,3613b5ea52bc46d0966fede34be89d38,66.60432927310467,31908,-1,23,9
41,c0f6cef97fa44973afe8ed8e18e652c3,49.199214205145836,31973,-1,25,11
42,895d801ecf3e40019e43a0d5b80bb453,46.44086770713329,31979,-1,25,12
43,18f10858b2b1410f8485ffa35253033d,77.286371961236,31930,-1,26,13
44,2d72c60d65f84eae91bb4e5b2486b366,92.50526316463947,31948,-1,27,14
45,3d2ce1b79d1c45e5b7db4f26f411bb86,51.67458392679691,31913,-1,29,16
46,9a7a58e327f04340ae8f9ec098a58418,50.8938804268837,31967,-1,28,15
47,575d8e57b2de436b805fd6befde3edd7,79.50812391936779,31985,-1,31,19
48,14d8b49233574552ae43c6f49172ea16,54.418984800577164,31969,-1,33,20
49,5973a055a6ac40e9934cfce8afa82fbe,48.239391297101974,31998,-1,35,25
50,1220f9a205ae44418fcce91722e1e601,62.97825835645199,31998,-1,39,33
51,9b3ff4bc3d1d46a19ddae004ec9c0ae5,63.78828547894955,31998,-1,41,35
52,692096a37e2c43b3b1aaaa06b0a9666b,61.8890430778265,31979,-1,46,41
53,0c97832dafd24fce9a0e4935664dc824,47.95628599822521,31962,-1,48,44
54,ca37a1ae2ef1461d9c3dadf826e78706,60.45074947178364,31983,-1,50,46
55,9a1174901ea1401a9972a44616214c9b,48.15373755991459,31994,-1,51,47
56,6e147994a5e3493d86a928a612ff5791,97.65647351741791,31993,-1,55,51
57,4a1972f8731b4cdea40fc69a38a735b1,82.76750519871712,31991,-1,53,49
58,a4be46a1e7d24df3b14fe5322c65df71,113.11710439622402,31985,-1,49,45
59,d02a787e344d40d78b57593a31fe1813,73.04232008755207,31969,-1,43,39
60,1994ad9682bd4175b244af0be3e09417,50.88023468852043,31992,-1,35,31
61,802619f6fb5940608483cb29fc1beab6,48.32621477544308,31992,-1,36,32
62,b24eea3e5ebd423fafe109de526cb484,47.995731234550476,31992,-1,36,31
63,6e90bc3643d94c0fa0edf8795f8c8aa3,72.00601696968079,31953,-1,30,25
64,5512cfa9df6842f89062f97cdefa378d,51.94633826613426,31959,-1,26,21
65,6ea8ed46a7e04a10abfa6acd5290ea09,64.04586508870125,31946,-1,21,16
66,1db65e17354d4873bd22d3186e7dfcdf,69.21297125518322,31959,-1,19,14
67,d0a9cf1d37cd414584f676826a1f400a,47.29383811354637,31976,-1,16,11
68,21e50bd8b149409a9791a74acf49a676,49.73602667450905,31925,-1,16,11
69,459ac79bafdf4b88913f981c1fa71b2c,48.51200617849827,31926,-1,16,11
70,e05526aafa644218b37ab46567a6e776,111.89391650259495,31941,-1,14,10
71,9260fb448a3a49c0be2d174e01157940,75.65289922058582,31958,-1,16,10
72,5abd3d15e63c44a8a8189a6e70a496ef,47.439150512218475,31963,-1,19,12
73,44a799dcf8cd4393aaa748e1bcd96d58,48.116499558091164,31976,-1,17,10
74,addc85df1c34465090f92fa811ecaac6,85.01885458827019,31991,-1,18,10
75,7483e0aca67b4ed79c12f553d5123923,47.42700792849064,31992,-1,17,9
76,79aee76081974fe18eff436a020ce606,49.11406151950359,31990,-1,15,7
77,c359678db3e0441397c0d631f98ec7e1,68.27585585415363,31987,-1,14,6
78,8cf0dfa0d78f469e8b10760332954028,47.026412561535835,31939,-1,12,5
79,51f37263b06c417e94138f2d9348f909,47.430744394659996,31992,-1,21,8
80,d14ff11d28f8410a83aae3cd04de0203,58.7685015052557,31983,-1,25,10
81,8b93ca14a898421d88a437bbd88fb716,47.67065867781639,31956,-1,26,10
82,c48d2494401a419b8c56b7f413526bd8,105.31814396381378,31955,-1,28,10
83,af4baa2810cf431695fbe4f3f5ce7951,91.80677495896816,31927,-1,28,10
84,8d74da149b1041cf8f0ff4a23c53342c,52.21840925514698,31923,-1,30,10
85,752c9911f5184076b7498c32913821be,48.65548945963383,31948,-1,30,10
86,5f610345cd6841f2afef4769153b5fe5,74.09880496561527,31924,-1,32,10
87,32d941ca626c458381f13c0c7ab267b8,48.26878383755684,31874,-1,33,10
88,6a02dd6bc13a457b9af4dc88220e269e,47.57765308022499,31937,-1,35,10
89,d492d47f5aba43249fe426f07a2911bf,48.79431985318661,31909,-1,37,10
90,7b175346a22b4e68b54a9d21f88446dc,55.33374100923538,31769,-1,42,10
91,1192c1448ec044ef97df3078e92032eb,73.43374006450176,31920,-1,43,10
92,6f82d20df0564605978ac7ee7d2da494,56.919511407613754,31954,-1,46,11
93,2f207084f4794686be52b8fbbfa91f1f,47.8096529841423,31929,-1,45,11
94,71a74ae092364afebe91caaee4ed2af3,61.15174852311611,31886,-1,46,11
95,a95deb56b3a845acae5cc782f42e5e4c,89.2194602638483,31939,-1,45,11
96,76b0296bc28a454894ea616e547ee9e9,48.57882112264633,31882,-1,41,11
97,8ccc7487ae0a4aed9daa021f6efe96b5,49.778155982494354,31970,-1,40,10
98,91bb8353dea24e0eb219c013b45dcd64,51.31817236542702,31951,-1,39,10
99,adebba609dd34ac58da232e03ad80f89,88.42984400689602,31945,-1,40,11
100,f2727eb072f7470b862601edee7250b3,85.99308133125305,31947,-1,41,11
101,849bde6d489544178c838baa28142bd4,47.6896446198225,31933,-1,41,11
102,afd9b98ede4b4c79b3fc1882ffeb2068,47.688743099570274,31974,-1,43,12
103,12a72195b0a242b3bf7a48c0d82cd219,73.34490306675434,31858,-1,43,12
104,12a0035c7d934d259f5fa32eafd7b0e3,55.692628026008606,31941,-1,43,12
105,eab9a7fe8c7c4cbebbefbbdb77960d6a,65.69361314177513,31976,-1,43,12
106,000681a060c04755a1537cf83b53ba57,47.893548384308815,31966,-1,43,12
107,39118d2a1a9b459eadc2c2d28c7658d3,74.20665770769119,31970,-1,42,12
108,b70d359986c74a008d7e9f957521b213,70.98736427724361,31974,-1,42,12
109,c1348c56187d4f38ad1b569cd3a7095f,53.17547731101513,31962,-1,42,12
110,e5062bd5d7774291b8641c5a9a38b439,84.48977582156658,31976,-1,41,12
111,cf6a7d894c034a4db251f41bc31cdbf7,94.27572600543499,31977,-1,40,12
112,9de41b523cce4fb3aa4f6230ec06345d,58.8449165225029,31971,-1,38,12
113,5bbe677b299143128aa0492add6b28cf,68.66223365068436,31982,-1,38,12
114,8b2da12cffd84eb2925b0b9e08ed250f,83.7967786937952,31927,-1,38,12
115,d48f731eacf64f1f8df51ba2a153864a,109.30278524756432,31966,-1,38,12
116,073394e5ed044800b3e4d7e077716219,49.953265115618706,31945,-1,37,11
117,5b8bccc502224cbd82d1cf9e511a35c0,53.461719304323196,31951,-1,35,11
118,6de2f8b9d18441e8aee8011d5f8759f3,47.40830510854721,31971,-1,32,11
119,c28c950afda14f7b93ff956799873dff,58.1990871578455,31980,-1,5,2
120,73605b2d71b347e996af63f7e7e55fa9,78.55201698839664,31974,-1,7,4
121,86287c78bf494502ae0b6110c162b63d,95.02503834664822,31975,-1,7,4
122,c365e8e9ccfd4bcbac8fc09a21692edc,71.80504873394966,31986,-1,7,4
123,08dfcb4bd030497ea9c7d17d4bbba24b,75.94735361635685,31986,-1,7,4
124,b8c2c0c99fa24096abb6537fe3bd5628,50.382405519485474,31995,-1,7,4
125,8b52e309b5144f7880725db89ec38956,53.42903546988964,31996,-1,7,4
126,54dd93feb4b34fc4b57470531bd79ff5,79.59367707371712,31993,-1,7,4
127,7c3248a9f77341d2ba915b857bd8f287,74.86921921372414,31987,-1,7,4
128,9f5b95a0bb20428188d4abae6a0579d1,47.87375032901764,31973,-1,7,4
129,cbbd333271434197b1bd8302ae03100f,48.028454184532166,31978,-1,7,4
130,28b11a54a9554bcab30d73ee193046b5,65.27579203248024,31987,-1,7,4
131,4b791411187e47689f7259a9b4d4c54f,68.85766424238682,31980,-1,7,4
132,ac7124bfc1694aa996a5e3b27d17ecf5,72.85749167203903,31940,-1,7,4
133,b0361d863c2f468d8f6ac82560aaf5bf,84.3378808349371,31959,-1,8,5
134,a00699393a4b4cf39e0b992da8dd2715,51.617324352264404,31970,-1,9,5
135,f4d621bac4954bab8376359358093db6,50.64673162996769,31981,-1,9,5
136,0497c0a2d98145029608177652f791a0,48.81305247545242,31961,-1,9,5
137,4bf4a32aa6e14ed890fcf8a860ad9289,129.52553294599056,31976,-1,9,5
138,c591060534ac4c978a9601baa87c202b,61.17961183190346,31984,-1,10,6
139,618875a2d6724584917e6be29329d8ac,81.1116024851799,31993,-1,10,6
140,f09c85b7ca614a97b5a2293ad5b1182c,69.26745548844337,31968,-1,10,6
141,e334b3012d8b45649fb0614b14264a30,48.40409196913242,31947,-1,11,6
142,101e831275d740e6b47a6b1e9ef8c7b2,49.690380692481995,31926,-1,12,6
143,309dffeeb33c4319bfcd4fa9002d8667,71.86505012214184,31933,-1,12,6
144,8e86bdba7c1f434780fdc7924d9d2286,47.54422977566719,31932,-1,12,6
145,58b9fd4376c741b3ad035aec9bef660d,63.797714188694954,31960,-1,12,6
146,a38cd83451774e5f89fce6eb45b3ac8a,88.19071017205715,31974,-1,12,6
147,c604ceb421f54f028c246cb68960dd53,79.62767779827118,31979,-1,11,6
148,84d3fc3616134756aa8a9545a5706e62,49.82541501522064,31979,-1,11,6
149,8c9d04f0d9fe4fa49db9a99d4852f46a,48.51277731359005,31962,-1,11,6
150,fa1a6e0348aa4974808669ff11afc30c,46.78495600819588,31982,-1,11,6
151,95da06d762ea41ed8050c8d7a9cefa8c,76.55211538076401,31980,-1,10,5
152,f69deb5862844f09a690500fe6a2b9b0,47.33036831021309,31989,-1,10,5
153,4a4e46dbe41848b8a2b1d82107b6c24c,56.95205554366112,31987,-1,10,5
154,57417521864243b8877733aa6b372276,80.39402402937412,31972,-1,10,5
155,d4c301dcfbc34ac8b8319353c3bfc620,68.8027311116457,31982,-1,10,5
156,75552a5fc1ee4030ac1d032c6343a165,56.09001778066158,31985,-1,9,5
157,c7bc5a205f5545b7a0af978889ceca13,101.01385973393917,31982,-1,9,5
158,e261f474caa34797b0759aa2ca8a576d,55.51232770085335,31982,-1,9,6
159,3947c3c1848e46c3849a1e178e2e728b,53.90992388129234,31981,-1,9,6
160,c0e18beded2d45d29662c2129503d4f7,55.98967894911766,31983,-1,9,6
161,c3286d413f524369ac040fbcd0b0e9b6,49.860481172800064,31989,-1,9,6
162,e7683144f74449309873faf2cb7e76c8,50.773944705724716,31971,-1,9,6
163,a4fa9d49433944d893b977da960fc458,65.63001312315464,31972,-1,9,6
164,d55a20a3225b4e258cbba4dd9e1b597f,47.941919416189194,31980,-1,9,6
165,1a0f8e5b0cc248cd832716486455a257,54.817646741867065,31985,-1,9,6
166,f9b825f4020e4da8b6a182160e0b0705,48.00879582762718,31975,-1,9,6
167,77d239a5f93b49a38ec0a6185c87147d,59.38679911196232,31981,-1,9,6
168,fdb723ef23d64b47aead300ed1d573f7,74.91655088961124,31969,-1,9,6
169,6e49bfd9f21447858938b77180bcb6b8,79.94629256427288,31987,-1,9,6
170,4c5a8356ea1741548238807ba41235d3,86.27047576010227,31994,-1,9,6
171,e69a14f90e684e0c8dbcee8336e837ad,77.00445875525475,31981,-1,9,6
172,a77fe48ab6e44959860a1a2b44f7be5e,47.2258385270834,31979,-1,9,6
173,160faaad600249d7ab8f95ee44648e6f,76.18326880037785,31993,-1,9,6
174,335da4966e3745dc845362f4c54eeae8,76.38557069003582,31985,-1,9,6
175,68b7cbe911ee40f9a00ff8affbfb88ab,54.659025743603706,31993,-1,10,7
176,f3d292fb057a4490967facdc1b9968cf,48.16318862140179,31977,-1,11,8
177,9a9f358664e64025a28fbffcf2ee0099,47.99151048064232,31991,-1,11,8
178,deafcf11ebbf49ea987ebc7616d4c487,53.85703407227993,31998,-1,12,8
179,670c160e6af24e7c8a8dc34aae1e3a1c,103.13005559146404,31998,-1,13,8
180,5c37942981a148418ea05430a44cfa7e,65.40657207369804,31997,-1,13,8
181,ca924333b0ad4839952a5b6ab70de4b0,82.28352293372154,31997,-1,12,7
182,fb2a700732f24bfe86d1187ba7492ba2,49.46975223720074,31985,-1,11,6
183,f05e94332d124446a9b8df3917101615,48.437224701046944,31996,-1,9,4
184,2b4bb1ecb2244264ba9043ee04854ac2,47.787318006157875,31996,-1,9,4
185,16ada52c6b734169879b2c296f5434d3,47.70929366350174,31888,-1,9,4
186,81f68870ae19470a93ae51e7ff2583ef,73.67740012705326,31873,-1,10,5
187,5f52fc6688cd4b098799012ee6a04875,102.91392728686333,31827,-1,9,4
188,03e1fa4ec2664a34987dcc8c2898d94d,82.93270692229271,31828,-1,9,4
189,d929c9294e4348c58edceeb460d2e083,48.285217955708504,31876,-1,11,6
190,80d7c172efb64b5296f2d22f942bc963,48.867298290133476,31997,-1,11,6
191,edde57e6dfeb416e936d9056824b8253,48.57214912772179,31998,-1,11,6
192,f1d9fc82160b4980a3fd44dc92bdd033,48.9832554012537,31999,-1,11,6
193,33c050305be04c6489a4c61f09e40123,47.0669399946928,32000,-1,12,7
194,1477ef1a6a3b42daa70ac218e6f6c6f9,49.23994094133377,32000,-1,13,8
195,dc80a728399948168b6e301e031a2435,50.99412985146046,32000,-1,13,8
196,90c8d4cb239d48adb447177c64a7ff0f,48.572320491075516,31993,-1,13,8
197,1d477a7c21784a98b2e6a9289a958fe2,50.478456541895866,31950,-1,35,4
198,4cd21f4d2a00448c9efe4d81a6e35891,69.96452435851097,31934,-1,35,4
199,d7f831c213eb44e3b8031f73929278a7,64.50227275490761,31898,-1,36,5
200,915e9d78c1eb4bc7a75fbd9d672be158,48.26327599585056,31863,-1,37,5
201,8ae5eb1e96954ba0b154600564400ab4,46.95255123078823,31943,-1,37,5
202,5eb775d7b9534e82971c5c435fbfa116,50.23049935698509,31939,-1,37,5
203,12404ec129124d9a9bb72860e3c9c02b,78.72691936790943,31952,-1,38,5
204,a9460d1306f94aaf894af8b07d5f23a9,96.71361558139324,31954,-1,37,5
205,a82c0acb18dd4c3a99731b7a06a63fb7,47.45987243950367,31998,-1,35,5
206,11d08474b2544d969d832d3d370c3db1,48.19738119840622,31997,-1,35,5
207,1c9469a9d1db45f99f95fbe9c0095087,88.56648951768875,31993,-1,30,5
208,b513d361d0874bf8aa8eeae2e04dd25c,49.012862145900726,31985,-1,30,5
209,773712537f064bed866ee4be0a425261,47.160305082798004,31990,-1,30,5
210,b3d0ef9d02d24118a0fe3e02104e8a33,46.78156040608883,31998,-1,29,5
211,e42c40288fba48e993507ce35215a7d5,62.5737514346838,31990,-1,26,4
212,e1e84a1a464844cd80f144faa700c067,63.55546601116657,31983,-1,26,4
213,44a22e08d57b40d4bf7077a060741383,83.51564593613148,31992,-1,24,4
214,0e6728061166469695094adf2df3ece0,83.04343558847904,31984,-1,25,4
215,c0ac3dc491e7414184f44c2b32d24ad8,61.47975102066994,31992,-1,24,4
216,b87c4fce91d94856b3d8a39961e97fbb,54.58264425396919,31993,-1,23,5
217,49ceba17e48d41f08da1c994618f84da,47.42872342467308,31990,-1,21,4
218,0c35a9646b7b4c74af3699f46d6bed9a,48.929451033473015,31975,-1,18,4
219,3d71959327bc4d79a59a8efb0da21143,47.793472185730934,31926,-1,18,5
220,bf7a775b373b4705aebfee0609f6e166,80.6201808154583,31984,-1,17,4
221,ac2d1e8913eb40e0847c39fb6dd73c5f,63.035834580659866,31944,-1,15,4
222,0791e7e86b98473795eeffe238d6c13b,48.10406267642975,31903,-1,15,4
223,6e60a07fb4234c1d8b669f62bd49da5b,48.78261685371399,31898,-1,14,3
224,f3c0d5342fd54c4f95312fead7783170,49.507902935147285,31904,-1,14,3
225,a1d17e01d0454964a0699b251b2f1e70,47.45485261082649,31890,-1,14,3
226,8d5c8d68750649c5bb0798abe4a1d8f8,48.328300938010216,31932,-1,14,3
227,e0668ad60c404fa6a7cd4295c536d737,74.16507229208946,31948,-1,15,3
228,4b37030f3df847aa97027cfb887be058,76.98066532611847,31891,-1,14,3
229,c63c15b4ddae40579136ebaecbbfbfd0,82.3409128934145,31835,-1,13,3
230,d21bdffbca9f4edaa4bf4f54fffa6f4b,85.24462021887302,31828,-1,12,2
231,2bdf0127a7094e3aabdf8be3f4670cb0,61.08492240309715,31761,-1,12,2
232,7e33559bf5ce4cbabf24b606383ce521,50.133636221289635,31710,-1,13,3
233,af7a7e39956646a785d8d7c5831fea62,75.47717541456223,31738,-1,14,3
234,489c1b82dd654bc78cd900b93a644bab,64.80636820197105,31822,-1,15,3
235,cef5745a54e24c7a9111d449e336b4ed,68.17031465470791,31928,-1,15,3
236,040a956bf0c04ad09fffc286cab5bc56,49.10406097769737,31981,-1,29,5
237,ea5dbccb2a7a4b4e9ce8c0f5e0509d17,60.07225066423416,31993,-1,37,9
238,fc651dc8a36846fdba3f705117d3d0d0,80.8352492749691,31986,-1,39,10
239,3d65380e1e2b470bbe0c944ecec05616,57.48848617076874,32000,-1,45,12
240,6d32f67b3307453aae7b942c91b7b9e8,48.18255268037319,31967,-1,47,12
241,d6f9027a85474ee4bbd4103cc7619f4f,46.75225540995598,31981,-1,55,13
242,573172be3eda4aae94e875fe4403c57b,76.95840299129486,31729,-1,63,14
243,3387d937c3864cdcaf0454542ebaa961,96.7378132045269,31803,-1,67,16
244,2bb8324710ae4fb1a000cdf7f1eb253c,58.215079829096794,31984,-1,69,17
245,34cf97ab4d6b452d862ae6c8374f7ee9,91.3061611354351,31968,-1,74,21
246,9bd318b5781f4bf797b9b6ee69f9cbd8,47.33549430966377,31968,-1,79,24
247,72fb9f0f545a4d6b92f6de14c9dcce85,66.48243218660355,31825,-1,78,23
248,ef9eddeaa6c641b2bfc687237153a1e9,49.34324510395527,31952,-1,76,23
249,913f4d17b4c54ce19662f83158a3d4d0,97.98304364085197,31955,-1,78,26
250,728f711f0d8e4b5fa85defb9bbb51399,47.7625522762537,31955,-1,84,31
251,4ea42d9dcb2548658a950769437f108b,47.59737104177475,31941,-1,83,28
252,4de831d46edf46d084ac2cecf682b11a,48.889607191085815,31954,-1,91,31
253,9bab9367c07f4410ab2a3e901d76034f,46.58983089029789,31961,-1,91,29
254,2128fc958907421ca888ab014a73348a,46.32164351642132,31918,-1,94,30
255,144689dc04d74506a875106f2ff76d9e,77.76464521884918,31897,-1,94,33
256,d813d750f591453a9b1bb905e6a88b48,64.54535573720932,31919,-1,86,30
257,bf6aeba0f19a46b087916c915f73cf39,61.51302345097065,31944,-1,85,32
258,9018d220fc7340998efa65631a9c3cd4,49.49943907558918,31964,-1,90,34
259,5b8b618c3f9e481bb8522d9900d74f20,70.25653310120106,31884,-1,91,38
260,8491dd8fb7a44826b15e24ef9f869455,71.48033566772938,31934,-1,86,36
261,d90f206c2a2e405e912ee046b0b27d85,75.15254430472851,31925,-1,79,34
262,9d0b36d611be43ffa9244ee9a4e9c5e9,69.7733722627163,31955,-1,77,33
263,1fa5506ca31d4174955140d2138db679,70.029865950346,31856,-1,81,39
264,364828ce52784d7a8f1b6f586637e23a,67.62882508337498,31878,-1,81,39
265,864f2bd660ba4d5b83fc5dee443801ce,115.0464341044426,31946,-1,74,38
266,1734a670436946788e72ec8ce185957b,78.92217859625816,31944,-1,72,36
267,2e51aaf4465441dcbe22351087a62c46,78.27490754425526,31892,-1,74,38
268,291d30843273487c96a7dc86f79a030f,64.84951823949814,31890,-1,73,40
269,90c1665c6cf24153a834063fd99f257c,59.39888209104538,31887,-1,69,40
270,783bf5ef43d04e538df4986e1461ba7e,48.614880070090294,31899,-1,71,42
271,f5a8490b733140bd9eb51131f5e65b4e,75.38223639130592,31804,-1,68,44
272,cb57adad69c54307907d522fd78c543b,47.70350083708763,31717,-1,67,43
273,b46095be5e6c47d2aff1a67a151fc984,47.683462500572205,31864,-1,68,44
274,de44070678e84676ab9e68a16a55b5d5,79.74281720817089,31884,-1,71,48
275,a6f13e65dcd141bca7ffb425d7c6c8be,117.7850030362606,31955,-1,64,43
276,8fb167b9767d420b9c6368719bafb7b4,48.48320223391056,31868,-1,34,17
277,1dffa2d447444bc89fa5c494f88aaa20,51.57656967639923,31991,-1,38,20
278,8c6a954f8ab94c36b994a18d9f6a5b26,59.80192311108112,31996,-1,41,20
279,d5686f4785d04f7f82f723548f14523c,91.792406514287,31995,-1,48,24
280,ad7080dc8e08423482474c439e96c2ee,52.30492353439331,31992,-1,52,26
281,96af1a7dbbe643ee9b54c2702c719407,73.73522780835629,31973,-1,54,26
282,99c4cc9ce89246b19b802666bff43cf9,84.55820381641388,31857,-1,59,26
283,5c9f496ba0904ac0a2a62c138dd627f2,58.21635015308857,31852,-1,59,25
284,ce45c7c9cae1491ba4e30bdf649b7de0,47.70122654736042,31858,-1,57,23
285,4ffdd34156524df380cddc090dcadc7d,69.32910159230232,31914,-1,56,23
286,ffec010a27b4462f86b78e2e41d14f42,49.24336634576321,31952,-1,57,24
287,c5fc747cb34f44d78820ae649d183e93,73.79889115691185,31898,-1,54,24
288,88aa269105204f8db1a29debf3cde07c,73.62211681902409,31929,-1,55,23
289,6b282c1c40c1454bad559e58b5fcecb0,90.8575039356947,31892,-1,49,19
290,4523fb98c35940f1a47555072262965d,95.22930346429348,31827,-1,49,19
291,6e75580faac94693acd7ece6419dcb88,49.587903544306755,31892,-1,51,19
292,bd0a172dbc9045d5a11b1980ccfb0d53,49.13927987217903,31984,-1,52,20
293,af620d74bb47486b89cdc3844acb6c18,56.68221600353718,31978,-1,54,20
294,8a51f719699b49f893a8ed0932201c22,65.59859402477741,31991,-1,51,18
295,cf4d66093d824995b2b56eb08503c663,48.17267507314682,31979,-1,52,19
296,5bea7ebf706d4a5c906769ca8de1be22,60.98325178027153,31980,-1,53,20
297,c49a39d8f51d41dabd03de50bbcf06d9,46.83062247931957,31974,-1,53,20
298,b9853461935b41f88ba20195a2d0217c,68.55158507823944,31991,-1,54,21
299,a4093bf016f74a93bab9aea589de615c,53.118471056222916,31982,-1,55,22
300,33c965ece87842c2ac898543d26dad5f,48.76628704369068,31977,-1,55,22
301,5484714099f84b6c90d7db7fa8673073,47.70953208208084,31984,-1,55,22
302,318791a3a2054db9a90bc6eba32795bf,48.1532197445631,31991,-1,56,23
303,9f6fcb159f6046cb9b2f9165479c2e51,93.46392378211021,31973,-1,56,24
304,7967df27333942bca9eb8c1af9de61af,65.44429063796997,31980,-1,56,24
305,1aaff367ed174989b350fd40619b6f9a,77.33671553432941,31927,-1,57,24
306,28d072daaeb44926a824bb2671878b68,84.56870540976524,31980,-1,57,24
307,0a4c9338501444aebc937ec231dcde43,47.44715616106987,31941,-1,57,24
308,81d4dc6d876c46528e7c678fe85410cf,47.06872068345547,31918,-1,55,23
309,a2f135999c12428caacda927ebcff835,48.5713966190815,31806,-1,55,23
310,e32db3f8b6c244c2be60b6d7db30ccc3,48.83900471031666,31814,-1,56,23
311,38f030fc7723490e98b3b40ba7d525f9,52.56122723221779,31906,-1,56,23
312,e2526ae0b641422f9151ffd49a19f01c,48.80732297897339,31872,-1,55,23
313,b3bafb1ec0824002ac518570c7995935,49.44155178964138,31886,-1,54,22
314,4ac8bb201c7f44cfad407f00d3b18c4d,48.380786553025246,31846,-1,52,20
315,91d55da975464dd6a50d71a4d46881eb,84.02284607291222,31895,-1,52,20
316,3502d36d2c76428f9b79f2854e96b696,79.48308624327183,31654,-1,73,47
317,152db7f344954b7196402b92caa57e1c,90.65680392086506,31758,-1,80,48
318,ff771831a0b243169b037f4659e23a9d,49.54427108168602,31714,-1,84,52
319,b22ec0c7883143c6a201e71ab917da7a,47.80247621238232,31825,-1,86,52
320,f38ef51177c84c2a9fa32584b79e601e,48.977384343743324,31881,-1,89,53
321,291e7331922541cea98122b607d24831,56.393612176179886,31904,-1,90,53
322,e4a61a01232041f596e72f03495234f2,47.13448882102966,31946,-1,94,55
323,d628f4a6b4a6405c8f4cfbb8d18c6fd8,59.7115233540535,31924,-1,95,56
324,7b011306ccc34c94a341a54ba2552c52,101.2539453804493,31963,-1,100,60
325,333b8e10454e4be1b6ea0a57ed25e3d5,99.79243762791157,31969,-1,101,62
326,5099c82438074d8885298bbf6d635a54,58.057842776179314,31967,-1,104,62
327,7a344e7e1436415caf180ae067a4203a,61.64965033531189,31983,-1,106,63
328,72fb9a53ac6f4222ac623a6b39c9404d,47.6913433521986,31989,-1,107,63
329,9f7c0eaa175c4627aab13b7f76297c2a,48.101961612701416,31991,-1,109,64
330,c62b6ac878934607be0c524a02f1692b,48.315394669771194,31986,-1,111,63
331,19eea651c57e43ebbade7c4b92a6e4da,48.11663739383221,31985,-1,113,65
332,0c43bcd9eafa4b8c89c371cb311bf938,66.50368124246597,31994,-1,113,63
333,7f770beac09a4af3b8ec2f4954b9e1aa,55.651821196079254,31942,-1,115,64
334,5441646ff9c54d4a90fc1d7f4256072c,49.140242859721184,31839,-1,111,62
335,4070ae6b1ce047b5b0a3a5868f2dbd19,49.276078119874,31891,-1,107,60
336,9075f9ff230041c59042130739b92ef1,48.43885637819767,31917,-1,105,61
337,c855b62fda9748c0a719c329b6e216ec,79.59545031189919,31951,-1,102,60
338,9851e24eeb8e40cf962e45b1975aff53,59.413328766822815,31895,-1,95,55
339,5aa5555debb94e988b4eb8d8ff26c8da,73.63453134894371,31896,-1,89,53
340,6c662b1258e34752be332dcc1eccb7a8,49.1215456277132,31912,-1,88,54
341,7ff6ab92e1c443209f8268fcfb214925,54.30363677442074,31908,-1,83,51
342,882b922af4c740b8be9db39b2cdd1861,63.703877851367,31869,-1,80,48
343,ab7f9e0665d24fe79fbde77325627d18,63.46161104738712,31883,-1,70,42
344,bea5dd7080414656b1b89ff163cb7599,86.11433207988739,31914,-1,61,34
345,afb4301624a2479fbab49b0512d157c1,49.86445792019367,31931,-1,54,27
346,46a4a199e44544018017be7434e46fc8,50.718311220407486,31936,-1,53,26
347,50f8b4a1ce354890bcf834658cbb9e80,97.0960408449173,31943,-1,51,25
348,56e7460943344e33a5a657313541065e,60.75207516551018,31955,-1,45,23
349,f733cb92982f4f58a1ce5c427786491b,49.53536577522755,31968,-1,46,25
350,28285c367b2d468f850572ddcc7efac9,48.76077547669411,31951,-1,47,27
351,ff6114d5779f4a058ec6c812afd56294,47.2125057131052,31871,-1,52,32
352,3ae0f5d24198405a82bce2964fea6f03,48.19353297352791,31892,-1,52,34
353,d25657fd31f34816920f051407c47f0f,47.61464148759842,31928,-1,48,35
354,3fb21b1df59e43ab8b29d4a1ea9a0228,48.6056637018919,31918,-1,44,35
355,fef6223e08f64885af98e24ccbbcb373,93.13022159039974,31918,-1,36,29
356,7e2fd590b46d42cdbe8dfbf035761561,47.84128814935684,31972,-1,39,36
357,18cb702eec7543c9b7e3d951226e367d,49.466345459222794,31910,-1,45,42
358,61db69a026d34c558f0ab0321f0886f8,54.97124791145325,31966,-1,49,46
359,5d413e8d6a4648a7bcb091f7e362a3fe,47.85112850368023,31993,-1,49,46
360,e3dbf6e92f0e4ac3860f1cbf73e2a312,47.68946394324303,31996,-1,52,48
361,2dc6dfa0bf9441f6a2397e7d4ec424ad,114.74851332604885,31995,-1,50,46
362,e6d1a6c5413942bdaa26ce0c0e5330ad,49.60455559194088,31996,-1,53,49
363,b421615151244708b1efe89c5147eaaf,56.34584091603756,31942,-1,54,48
364,b45559bc742b417aa85dcce98f5e0676,61.62576377391815,31962,-1,50,43
365,6382c18ecfe44ffaa22119c94be8f02a,48.60568232834339,31978,-1,52,44
366,a593f1a21f6e4deca2e30c009916ed7a,48.9887073636055,31972,-1,48,40
367,d849f5a053f741e6a5f09983cf036225,54.24296297132969,31941,-1,43,34
368,0ffc384fc61a4742a78d179f07ea1c9d,47.182606533169746,31904,-1,44,34
369,4d85541c5f204e359d63ed2b9db1ec97,66.87059253454208,31843,-1,42,31
370,2a07391a099947f285e1801d1386abcc,48.543043434619904,31775,-1,41,30
371,211466503dcd4723bc58b9d3717ed3a8,110.94596609473228,31891,-1,42,30
372,ab959d16b505476fa14530f8f76da1bb,96.44590131938457,31867,-1,41,28
373,13b194dc4afc49898db6ca0c7ae763be,63.749885186553,31853,-1,45,31
374,7028ed54fd6940e581917af772b7bef7,48.3510997146368,31880,-1,44,31
375,fae2bb46325643e7a4f48fd0423cc55a,59.795551002025604,31903,-1,43,31
376,d5cb5a4a5e5245f8b6300ba482babbc2,47.30696231126785,31894,-1,43,29
377,08babb6cc1d64bfbab2f2284d2076c56,53.15746366977692,31870,-1,44,29
378,ef710f7aad4c4bcf9ac21ef155c8c3d1,63.287027180194855,31933,-1,45,29
379,77cdbd3d755d45d8b822d6d595fdbf70,69.13946382701397,31947,-1,45,28
380,13af3da0edf14bfb8fa9d62fb654b455,50.56069232523441,31930,-1,43,26
381,aae0304d89854d818cb48c0aa52a4ebd,51.562462002038956,31883,-1,41,24
382,3e991036257e4acda7cc1658dadd3e50,98.62927161157131,31920,-1,40,22
383,74f6b583f9eb441db5b95b67cbec71f5,99.8402088880539,31849,-1,39,23
384,10341c91fa1347e1a0b607ae5eff471c,102.7238480746746,31835,-1,38,22
385,f1cfa142bc164c99a2c679a6dea01a67,48.32705669105053,31835,-1,37,21
386,37c8d31c9ee74a07a68305297959da79,49.619004130363464,31848,-1,38,21
387,18039d7b1dc84a2fbb5efbaa84d66f6a,67.23793596029282,31921,-1,38,20
388,b211206072a8491dab37ca3965137daf,100.47020390629768,31869,-1,37,19
389,c0cd7a49d9924264b2be63b6ce9a9674,62.38730251789093,31948,-1,34,19
390,47972c339c9f4654baa9bc8d7143cf40,47.989239916205406,31934,-1,34,19
391,a5d381511d6748fb8626ab563d6c7022,76.8348891288042,31907,-1,34,19
392,4305999c65934df6b503ad4eb90f5648,58.39940905570984,31804,-1,33,19
393,c4b3feb84d7c4c338ac3227d856e0069,48.27084019780159,31752,-1,32,18
394,ebef899df124471f94a0d4befaf785e4,47.6284883916378,31727,-1,31,17
395,49409214fe454b018d05c8d839b35159,54.21430803835392,31688,-1,26,14
396,f4b5b6fc59e34da6bd18d4d8e299dab8,80.39632998406887,31273,-1,30,6
397,bb972464787f4ecab2e9d77c7a0cb9f7,78.87624017894268,31696,-1,29,6
398,695972046c1240d69835d02386355ddc,95.72939947247505,31909,-1,30,7
399,cf7cdd43be9b4886bcb7b45af4d9d104,83.64710584282875,31923,-1,31,7
400,b462e73472684c509a3e5f8734c33b10,76.74132287502289,31833,-1,30,7
401,c75fae3bcdd54b3a8b3635fdcf8ba74b,57.63240158557892,31698,-1,31,8
402,68ecb2433f654422a7567d9f349c0708,55.1851075142622,31617,-1,29,8
403,3eb6673bad8c44e2853283d958a68ca0,48.642201349139214,31397,-1,34,8
404,cba4c5078d8e40138b80902278069671,77.7361411601305,31570,-1,34,8
405,943884d0b74546ee8d6a18ab456159a5,57.176247239112854,31563,-1,34,8
406,c1255d993df4492a9dfa2f67a50f3073,49.12889935076237,31305,-1,34,8
407,b0b7ef23a4fb418690e43900525d09ad,90.49920737743378,31654,-1,35,9
408,01fbe6d2d7384d20967a88e4142b5678,47.65620082616806,31604,-1,34,9
409,5ad38eb017f34421828852889c7dd9d7,72.026826441288,31735,-1,34,9
410,29b8d47b841f44ce8216353f373ba2c3,49.796370789408684,31828,-1,33,9
411,4c687bbe18104da1b9eef242d5abbe6b,68.2000108063221,31861,-1,33,9
412,690f0d215c29452b9ee793fc6a033308,88.30662816762924,31896,-1,31,7
413,cfbf02c6624c4cfb951493700683d461,94.60791200399399,31904,-1,34,9
414,37d0faf82cdb4af1a3d85b18077ee1f8,49.952732399106026,31894,-1,34,9
415,2e24381cb9434a89abd7f3eb1ed838b6,46.92479036748409,31927,-1,33,9
416,2996dec1589e4dad840eb5801d27d255,46.506211161613464,31910,-1,31,10
417,91b1849b2b1747a39ba5732ba4caa1df,68.1430846452713,31773,-1,31,11
418,ba4c95ffea104b088e07bdc2c7a0300a,62.83445470035076,31704,-1,30,11
419,fd761d865ef147e7bb7eec819b9cfd54,49.452539533376694,31842,-1,29,11
420,42b6df359dab44a9942600fbcf14a929,81.50564320385456,31828,-1,28,11
421,fa5cd3e2f2424263b9558b654fbbc831,64.27542679011822,31852,-1,28,11
422,03c4ae55f4f747ea89deb0834aa0a125,51.70091427862644,31330,-1,27,10
423,8d482af343ab4ae79fcf4d6aa13806d3,71.74915261566639,31217,-1,28,10
424,92d457fe8cc54e8d87c52bb5eb670768,50.70324055850506,31687,-1,29,10
425,8cfc29cd1fee4f92bd5134e2af939d47,47.38921858370304,31685,-1,29,10
426,ef1a273c61914852806161f5dbb4e4c9,47.84166254103184,31853,-1,26,10
427,c3387194b4df49c3a2f91df1801b662f,47.062087804079056,31876,-1,25,9
428,fa55184474d74849911a4b84da0a4b53,65.68112038075924,31813,-1,25,9
429,ee82f97267f747c78c3458640faf9d67,68.1147389113903,31576,-1,22,9
430,6e727bcf41e44efc8e6d0a0adbc88935,47.97688685357571,31466,-1,22,9
431,096d7f5716974c86a19d4de3132dd58b,47.75099828839302,31235,-1,22,9
432,81fae3cd80704dfb8f0be1144e6218ce,48.6369039863348,30913,-1,20,9
433,ff9fccde28864e1b8127991feee3301d,47.56089113652706,31381,-1,19,8
434,d781184227244ef99557f1163f681e3d,74.3690263479948,31562,-1,17,8
435,6664e576015845e185dc931f83c14c98,77.22487486898899,31901,-1,16,8
436,79070dca796f4ffb868d84f1b067f9c2,96.22764773666859,31858,-1,13,3
437,41c07e6847da41409c03671b7d88453e,67.561075091362,31872,-1,13,3
438,c3ab533691c844f2910462bdc732879d,48.820506781339645,31927,-1,13,3
439,5a54a45e59ad48cab7213ff7d1828f3c,47.531794756650925,31940,-1,13,3
440,daeec5222fb346f99addae0db196eb1e,58.9898806065321,31907,-1,13,3
441,8e21bcb6b7304ee3ba342c9c3f2c0226,61.475763097405434,31878,-1,13,3
442,cecb41d3a0b243c3b0d37a269ce855ad,62.37826682627201,31804,-1,14,3
443,04828388a55741479c3698cdf6aa2e6c,118.00180375576019,31772,-1,15,3
444,16b5e2757a4647ed97cd9f54f0c42e1c,64.19277936220169,31870,-1,15,3
445,99ca4527b7a24d039d2465b46ed0a543,79.84225451946259,31827,-1,14,3
446,27db2832d44144829b896d46b441f66c,78.28643918037415,31802,-1,13,3
447,eda82ccd4f3747eab66d9c402317dbc9,74.64722916483879,31785,-1,13,3
448,66bd5bc1ef584d849b87f08b78e3beef,68.80100816488266,31695,-1,14,3
449,1223445bb2b14ecda09c2b8149e0ec77,47.49033600091934,31709,-1,14,3
450,524b696fedac43d68c6fb94db5d56b1f,48.555025830864906,31627,-1,14,3
451,bb9c0abebf574b4892f1e0fab92004d1,49.39991235733032,31699,-1,14,3
452,2f91d61bf97f4268a488c6e33c6f0fba,69.53853741288185,31840,-1,14,3
453,cf53df0209f34b319ac84daa331a9d43,48.42201620340347,31828,-1,13,3
454,6409f6f3378044b4bb58446424d74a1a,49.07163232564926,31954,-1,13,3
455,5dd954d0ac0242a990ba35eef950c937,47.691987827420235,31982,-1,13,3
456,af0f72a7e15c481ab2bb87a561b00241,98.05554710328579,31985,-1,13,3
457,4fa6e380731d4819bc404bcf38240a90,74.29479248821735,31984,-1,14,3
458,592b90b824a6431b9e5aedcd5d4e871b,51.51737853884697,31983,-1,12,2
459,c4bdc2fcf6ae4ba599d53663ed2ab5c5,52.5377131998539,31904,-1,11,2
460,959c87c78f62434abde877aa3663cc77,57.56456032395363,31873,-1,10,2
461,fa48d1046e22419fad3615fc17225e16,71.6035570949316,31741,-1,10,2
462,ba47b8c21bc446f3bfa60f004ca45106,49.28550310432911,31959,-1,10,2
463,b07273055da64823bcc2ede3f06ad3b7,47.405676916241646,31954,-1,10,2
464,5e80e020aacb406fad737926aeadbb30,48.42787608504295,31992,-1,12,4
465,e9ae8c38b8744ea2a265e4f64829c0d3,47.50196076929569,31994,-1,15,7
466,2d65df5368bf4e068e3cdf602c382c59,78.10336351394653,31996,-1,15,7
467,a484d76a40e24d549a0ab412d0a843d0,85.31888015568256,32000,-1,15,7
468,a5e43b1d5df14313b0ad5e9a7310c355,87.3698927462101,32000,-1,14,6
469,6cf7822aa27a4e599d4cdd249fca5763,56.36373162269592,31999,-1,13,5
470,1244ad3ad1dd409c96c5158b529c89ef,80.64295537769794,31998,-1,14,6
471,0b717009572d49c98e83d737915aad57,60.09242497384548,31998,-1,14,6
472,b840e929d2d642178fb8566866bee227,47.04182408750057,31999,-1,14,6
473,b0f7564c8e3c4d97a9e9d632672c279c,47.26589471101761,31994,-1,14,6
474,e2ff201cd94b4efdbaf986fbeefbad88,67.25211441516876,31992,-1,13,6
475,88a090c54cc844cc878f00d08274a683,82.10851065814495,31994,-1,2,1
476,5ee110d014374ae093565bba2e81a3fd,58.09399113059044,32000,-1,2,1
477,a6261bd83c5e4e1985012b6c6c51fce0,60.713013634085655,32000,-1,2,1
478,684acda1d78c4a959762df565cba29f5,69.60002332925797,32000,-1,3,1
479,20a871df4033487ab94d4d3b86f69af1,49.58928935229778,32000,-1,3,1
480,c51b9abd585d421b85dbf4a95eec4936,49.08275417983532,32000,-1,3,1
481,893266afc2574e58a5abd0f29b2c1faa,71.1552295833826,31997,-1,3,1
482,3eef3752ea664087a0469a01cbf738a9,90.54083749651909,32000,-1,3,1
483,5dfdf5c61f95420f89b53d65fb28e6cd,66.29028730094433,32000,-1,3,1
484,745713b3baae4ea18de5c74eb4d06bb8,48.37489686906338,32000,-1,3,1
485,d34f2eec80f54b608f9b9d0a86f103bd,48.16823825240135,31999,-1,3,1
486,f33e0c3f5d5c426593af8af1c27b68b8,87.93865330517292,32000,-1,3,1
487,52592f70fce143e59b44da5e2ad06134,76.83635875582695,32000,-1,4,1
488,261e4db3a18c4c23944f61bd6e51cf0c,47.179823741316795,32000,-1,4,1
489,5254163f8fcd4362b6019bbb88dc13ec,78.91974225640297,32000,-1,4,1
490,6269703390624957869e9bc071f16e17,83.4366474300623,32000,-1,4,1
491,dabfb5453ac2454d9806febac44df9f6,49.50051009654999,31996,-1,4,1
492,848d0535939349018c41668705f60469,93.74439157545567,31985,-1,4,1
493,b1bae3685d59491baacad9d09e03becd,49.43362437188625,31967,-1,3,0
494,a2d8604904294c2fb73648830a2604aa,48.216115683317184,31973,-1,3,0
495,114d8a1f9c4a46a5b4fec1e552027213,47.50009626150131,31960,-1,3,0
496,c393232463364bb1ab3f264b12f6694a,48.15297946333885,31964,-1,3,0
497,045ecf94b83648229500b23058af3117,70.88001072406769,31978,-1,3,0
498,6f801059ac9e4220828b59fcf10c7880,84.27227474749088,31968,-1,3,0
499,b76ef036cbaa450fab76e2b42f97d1d6,62.61416897177696,31894,-1,2,0
500,5e8e717247d143a3aa8c3239af723a9f,56.69567175209522,31870,-1,2,0
501,1bf0669e9da34c17a25a6362d8a3b3d1,50.71615427732468,31925,-1,2,0
502,7c3328b43154403cac0991fd6e967de9,49.86865632236004,31921,-1,1,0
503,7714fdd1943d4487ba9b9b3909352199,74.95456002652645,31929,-1,2,0
504,56a8812e2fae4b13960c853cebe58374,47.377875074744225,31950,-1,2,0
505,2e8bed7f596949d2b8777b2a856c7194,47.789352014660835,31967,-1,2,0
506,3a699bf9a53a4c17b008cb3d14bfe238,83.47865752875805,31971,-1,1,0
507,d04c38eb3667435cbcadc46ee8eae374,109.58103090524673,31951,-1,1,0
508,2818d76fdbcf49029de0e316a26f8903,50.4776444286108,31917,-1,1,0
509,45a4f3c2a8a44161bf74a0de34aff804,50.88801868259907,31964,-1,1,0
510,ba3778e1ab7d425eb40a781546aaba4a,48.28839190304279,31939,-1,1,0
511,4de1ba6d551f4b499f4c7c45e70e4e9c,57.41604045033455,31949,-1,1,0
512,a3d738f58fd241178943ee5b09117d05,78.76325771212578,31939,-1,1,0
513,cae4019561f143f5b924529ea50bf8a8,48.31570386886597,31952,-1,1,0
514,feedde26563b4303ad0faa7ef7684940,83.2811240106821,31963,-1,1,0
515,b9c60cfaf1814c8bb363037dec7abd35,59.752458706498146,31918,-1,1,0
516,9aa4c454c6154c069354edd8819f767a,49.514876678586006,31985,-1,1,0
517,4de7963785f34de7afb9e5aae3ce6f9f,49.481745809316635,31999,-1,3,0
518,480ea4e6cd7b4fc7b46ace2b8001fd19,47.68281988799572,32000,-1,4,0
519,31815eedcec04d4892ae361262825ded,49.93843659758568,32000,-1,5,0
520,b2329c1fe1714b9bb2642b257d38755d,53.16141992807388,31983,-1,5,0
521,fdd3a6f8d68a4bf08f45881201d072ae,47.62675613164902,31988,-1,6,0
522,10ad8522733c4c47bcf7dc32cb38762f,48.80110174417496,31979,-1,7,0
523,5dd248af969c406f9812c24fe4498974,47.87736013531685,31979,-1,8,0
524,e30a3a964a2e44f29009b76f096acdaa,73.8411396741867,31986,-1,12,0
525,613616256c904184b32ec44c23262340,97.43824414908886,31989,-1,12,0
526,3615d82e7e8546fea5f181157f42e30b,56.47808872163296,31990,-1,12,0
527,a21bf301ee63439697226895c267af08,85.38811095058918,31984,-1,13,0
528,4b65f133505445c7a2425c44b0a2f46f,54.48520928621292,31995,-1,13,0
529,a32eb5c0d8514895af2af5889c1f5199,46.7585064470768,31994,-1,14,0
530,4635c393dbdc4aa589b221fad153d427,54.46518026292324,31993,-1,15,1
531,82aa58cdc18a4b03ae40861cb0ecef79,120.22971548140049,31995,-1,16,2
532,97c934ef10c34ced96b35417dce1b75a,72.66692258417606,31996,-1,17,2
533,f25fac13b265470aa70b69a7ed8013cc,55.51872029900551,31999,-1,17,2
534,6b506fcb72d542ed96d98270abb7aad3,60.93890778720379,31959,-1,17,2
535,da5566fec7d841e399413ccef674c966,47.199249267578125,31946,-1,18,2
536,45761bf806734f8188b9b9297f76afc7,47.82089218497276,31978,-1,17,2
537,20a68f4f6d5e46edb6c4d9e8321ced5b,48.349618911743164,31967,-1,17,1
538,8929201da6384e3a8299d9427669f735,48.836831003427505,31888,-1,18,1
539,9a7dc9c8adce4ae68ca26ad5b5f93366,93.96939910948277,31955,-1,18,1
540,7184209f0b664006a01f7dea4e4ed12c,47.92258329689503,31981,-1,17,1
541,b3ba77a696634442a5f5a5dbcf906a39,50.30859634280205,31974,-1,18,1
542,afc6a7290edb4e7ea109ef97c917fd9a,47.76379466056824,31979,-1,16,1
543,3f4b0beb19874ac6b7daa0f59b714f69,83.0735620111227,31990,-1,16,1
544,867689f92a82488f91fc0b7f283c0858,47.692157328128815,31977,-1,14,3
545,2c1f8867c60b44f09ee37b5df1d1ad24,47.993678599596024,31982,-1,13,2
546,6253275961a54201b8ef78b33bb0a5b4,53.25056053698063,31999,-1,13,2
547,edbe3e17467b4106a7ea812fccc6da78,80.70499449968338,31998,-1,13,2
548,fde1435fa125431d9eb22d8e5e254a32,60.79324521124363,31973,-1,11,2
549,d82980cf7e294905b8b8678fed8a9530,139.18059319257736,31955,-1,8,2
550,1f0a495a2b76420b9cadbc61723e1d46,112.79009841382504,31983,-1,8,2
551,21f333d5deb043bba7fe772ff5775b0e,47.66987822949886,31977,-1,7,2
552,23e7d17b256348638af3b2739b80a5ca,48.413993790745735,31965,-1,8,2
553,594881e10bca4f689d5a6b97ab3d763d,47.07048833370209,31856,-1,8,2
554,51f7ea7d3e4e42dfaf183dbe9996f1fb,60.64911000430584,31874,-1,6,2
555,43cfc03be6f842ae8942c995f8e3f2fb,106.76306299865246,31990,-1,1,0
556,b4799bade00a402693dfa295adeea027,83.17146822810173,31996,-1,1,0
557,a3a642471c514dcaa0d1c9c349f16557,48.36142249405384,31990,-1,1,0
558,8a6f3826e95840b096096fb07cf3d22d,81.11024834215641,31989,-1,1,0
559,3fa89fab4ac04d89b9f4480c840658fd,47.14410379528999,31992,-1,1,0
560,96237b21bbed4808a2f751f17d5121f8,47.340525314211845,31996,-1,1,0
561,74dad84d279846b5a8932753efb179e1,46.78019508719444,31989,-1,1,0
562,8e85b43ad9694b7aab05b40b4b6de65c,46.95899598300457,31997,-1,1,0
563,7282c260eb3440539424668687a82648,46.61031812429428,31989,-1,1,0
564,2da9ed7919024a0ca4db7a801e70d82a,47.716325148940086,31989,-1,1,0
565,d703cae6cfcb407fa4de781c222be9b8,59.20310318470001,31990,-1,1,0
566,3a1dd258a83f44b6bd97e8cc426d7057,64.77772444486618,31992,-1,1,0
567,37f843af00b54e36b5f57c9c93943c8d,67.95623525977135,31989,-1,1,0
568,ea1f5e0340e14464818a7c9b60564e6e,79.95443791151047,31990,-1,1,0
569,6a53a53e9883421d8f2a50b2546f2745,65.33454731106758,31978,-1,1,0
570,65e61ba2c56b486cbf594a1f382b9ac8,75.20330138504505,31991,-1,1,0
571,f7999aea56664077b37337c19a1950ac,82.70237408578396,31990,-1,2,0
572,fee17d51d2c942e5b81767fca9993099,81.81557059288025,31995,-1,2,0
573,f3cf684168d546328dd1bf7f4141f5e4,80.26737906038761,31995,-1,2,0
574,907c55da60624b3ab19750af975b96a8,48.68299886584282,31993,-1,2,0
575,23e2233434534104ab77e30f8c5289c0,46.95208556950092,31988,-1,2,0
576,60b79183ee3344c9ac1d4ca7d2d1abde,48.290327191352844,31983,-1,3,1
577,510c3f937ce54fafa51f9c9f98f0a4a5,46.73520103096962,31919,-1,3,1
578,5d1c94a4e79c4ae8ab8a58977826b106,80.95210045576096,31891,-1,4,2
579,ce60545b3a344043881d7bfc6b5b75fc,102.71763615310192,31904,-1,4,2
580,e8953eb644e34d67a97ce72d2442baf9,51.290929317474365,31948,-1,4,2
581,32fb01b0d61a4724a60cb38a2b03fdaf,48.08436892926693,31996,-1,4,2
582,29f27e9e5e0f434983e9f0edfa77f144,47.68837243318558,31995,-1,4,2
583,c46eaf0c8a9d40bdb8c7112cff75f701,82.43064768612385,31987,-1,4,2
584,303119a4aa5647a386b9ac78f26ab362,85.57018637657166,31959,-1,4,2
585,2c0c09db419e4ae692666d7dd235594d,84.5207367092371,31981,-1,4,2
586,cc57b56763574b4298a1211be06666dd,86.52522787451744,31974,-1,5,2
587,cec2eba279304af8a4cf27cb147e0737,89.7260382771492,31925,-1,6,2
588,0afa886817744d61be66f0bcea2be47c,64.12966176867485,31566,-1,6,2
589,1c6d9929bbb840d0975fbf15ed9186d7,51.068440079689026,31497,-1,6,2
590,5a42a9de66d84a4d89bd4b33350d5b4b,49.86315593123436,31953,-1,6,2
591,3e3763feabff47e6ba8af6de41bfad3d,47.39990830421448,31960,-1,6,2
592,8f420f23888e4cae9fa6d76218e393bd,48.05666580796242,31994,-1,6,2
593,ebccfaee3074462482d9948f4866382e,46.71858996152878,32000,-1,4,1
594,d0501e0542884ab1a4790236b16bc1d4,54.39151078462601,31994,-1,2,0
595,234b0f37af694571876a745e5bbb5e08,48.77892695367336,31950,-1,4,0
596,20df43740cba4411a810e204501af71a,49.875590950250626,31970,-1,3,0
597,6482944ffc7a4e07b6028c5797a41606,48.751018941402435,31942,-1,4,0
598,f133ae5862974d64aba52bf55982552b,60.94185262918472,31945,-1,5,0
599,f405bf5322cb40d3811fcbe802c0eb8d,47.1962820738554,31912,-1,5,0
600,061805d66b424aa18267bdd7a955b761,95.63455730676651,31896,-1,5,0
601,1efe6efdec394a219cfda8e18e297242,85.51250770688057,31923,-1,5,0
602,5e0d10b1807d4f2e882b6162e02b9f93,61.75459921360016,31953,-1,5,0
603,ce4988f5118c4e41a1954abd638c5834,65.299017354846,31974,-1,6,0
604,dca60e243d2d423daf320e3f6593ed96,49.068836495280266,31975,-1,7,0
605,e18b1aef00754af89e937842ce6ba4be,57.09269270300865,31941,-1,10,0
606,23e4bbcd10fe43e1982867dab19c79e8,65.43844006955624,31963,-1,12,1
607,9ec1f5b804234e15a1ceb2484201b689,65.85764139890671,31975,-1,14,1
608,18ad5b3aea22454398cc279f33b9a799,88.74095976352692,31988,-1,15,1
609,c99f5e4f006448babe8d48a5eb69c449,46.80292867124081,31992,-1,16,1
610,54f30ff0370b482b823ffedbb19efc2a,46.84915766119957,31967,-1,17,2
611,acf618ad1ec44392941f65d04719adc7,98.21107238531113,31960,-1,17,2
612,20354d14175b447a93ffcd4eabd54732,99.21832382678986,31911,-1,17,2
613,d13f68b9973440a9b8c6c5b92f191513,49.119824543595314,31886,-1,16,2
614,07ccc9049a724e91b13610e0f849a705,48.21725934743881,31851,-1,16,2
615,985f2f38301745b7ae7ef88ad9de59ca,48.90025779604912,31886,-1,16,2
616,2945e6bfeea7425c8adf44f3225122d3,78.33866775035858,31906,-1,16,2
617,b95702eac8684e80ab65303126cc1e58,62.632227316498756,31906,-1,16,2
618,1e43672fe86540b78402473300ca4c8f,47.99093119800091,31938,-1,16,2
619,2c63d07c2c0345539a1839bfcab22579,82.17525854706764,31940,-1,16,2
620,d6b547f2d5ef4f969280b550bd9ac3fb,104.95088063180447,31990,-1,16,2
621,e50376703d6c4e6b870d6a2d7eda3402,47.67566733062267,31979,-1,14,2
622,77558d8e009b490382605c12b7fe8d9e,49.05898869037628,31983,-1,14,2
623,45d1cc714d2a4e57af1dc4683beb2bac,56.58244900405407,31992,-1,14,2
624,c9b7e76f90594a84b5a4ea6750912d02,49.72406104207039,31994,-1,13,2
625,9a59cb6d9027481b9d5602bce9c76b4f,46.95183224976063,31981,-1,14,2
626,c403e0d3bccd4588b18fb4d6f1bb7eab,47.181386500597,31987,-1,13,2
627,a26a43f97a8649548eea5dbaafe5de72,56.095827370882034,31987,-1,13,2
628,cf753561271b4c40bef93a35bb0cf13f,49.860792234539986,31730,-1,13,2
629,948b555d974b45e087b3d746a4cdf677,89.66741524636745,31909,-1,12,1
630,42605be925b84bbe97cf884d850c6a1c,48.02151210606098,31905,-1,13,1
631,35f8b51f153146108250e5c48d0b8026,56.73670768737793,31998,-1,13,1
632,54f76e2010ea4ac5a9b9f354ad28612c,65.34707732498646,31978,-1,8,0
633,2b996cb489344a3f94840f8e2184ac77,62.192875891923904,31980,-1,8,0
634,8a96bc21f4fa46d392daea4db4814547,72.84085266292095,31971,-1,6,0
635,fbd3aa2098234fb1869d34d920e16eda,63.07878717780113,31957,-1,14,11
636,1ee6726a7f75445b8603980cb2bc20df,108.43833163380623,31963,-1,17,14
637,7d0b70d62a3a48d4818173cab9983b63,54.748425260186195,31923,-1,17,14
638,d64e599dc5c64226895649debdd49793,49.01556670665741,31841,-1,17,14
639,581b3ac0f7904012b2569fb92a986640,48.675525933504105,31850,-1,19,16
640,9234bbf8c7c14d758c541f475cfa95b3,75.66292770206928,31660,-1,19,16
641,80905606dcda4d78a5eb61e1676e1ef8,46.98519594967365,31793,-1,20,17
642,3c7491fa33b74757a8feab372f66b280,60.74703671038151,31962,-1,20,17
643,b9ee1bc6c5a24dea896c52970bc5fa6f,134.8425466567278,31988,-1,20,17
644,30b94629946e487abf5866b738790f0c,55.857839062809944,31966,-1,22,19
645,7ac3bb7fba5c4852a685555407cd10f1,49.46030676364899,31979,-1,22,19
646,35eff3f6f5b84929a33c2bda269a266f,57.35989660024643,31979,-1,22,19
647,50488284203440c0b64f5e78e87aa28f,83.08060839772224,31973,-1,26,23
648,410dea74acf640189bdf89c5b0f64265,80.30190132558346,31924,-1,27,23
649,1fe2834ee41a4f81b8323b27d92139d1,46.83222621679306,31858,-1,28,24
650,4d53a5c439ef43028f3d4b874adac519,48.43049310147762,31908,-1,28,24
651,ac25dbfbcd3843c7b6023e59aedc5175,60.68861670792103,31949,-1,26,23
652,842b501588f84b8bb815fce938556b32,66.67785905301571,31938,-1,28,25
653,3414bbcff961455ea6549ba1a2bb3b81,86.56218647956848,31898,-1,28,25
654,48de6a86245f44bdbf4921d2695cd6a8,85.45533753931522,31715,-1,27,25
655,381fe530586b4c189e10cbefbfb0e773,77.13962532579899,31861,-1,26,24
656,f54c35623097453e8adccb553b2cd2ba,66.83509610593319,31978,-1,30,28
657,a13c1966d657438094f1116fd27d2c1e,75.5006019026041,31990,-1,28,26
658,c94c07c0adac438d9fc5fa2e2c2b4811,50.360023975372314,31993,-1,28,25
659,49ae81f8e34c4e06bc213d925cc1ca84,48.56661707162857,31998,-1,26,23
660,52c853ea6b55497b9cd9ddaa03f92133,81.67368173599243,31994,-1,22,19
661,32e69a777d58481ab972dbea3ff75974,50.79874023795128,31991,-1,21,18
662,d34984a371044f33998cde724c33a102,48.48789982497692,31999,-1,24,21
663,53634328fddd46e883f7e1d6ccb7b059,57.310331612825394,31999,-1,24,21
664,856952a195714be0bdd50295c561706d,60.459645465016365,31996,-1,27,24
665,921505c43d8140678c34d83bba358a6f,73.68919998407364,31989,-1,27,24
666,b7054aad1b4d4bc59ecde0d0d0acd369,47.8771086782217,31981,-1,27,24
667,9af33b52e11c458096ce6bee5548c1ea,49.110569059848785,31963,-1,27,24
668,40af6a4135e64e6496a3bde206fd5ed3,84.07552540302277,31977,-1,26,23
669,a78c360914e444f3a489d3c8bfbf1b51,83.92971940338612,31950,-1,26,23
670,ebbbaf52f11b461da3831127ae713d17,74.36806336045265,31923,-1,26,23
671,ebcaba2b04db43e28b301efc7d6f3e9a,48.075439408421516,31871,-1,28,25
672,4f6e2d8e22ce40cebfd0d3de008f4d4e,49.21789839863777,31971,-1,27,24
673,9cb4d97844624443b1f7c3333bb13c5c,83.40517804026604,31946,-1,26,23
674,9cdae13a6a0545d8a2fc50c06d993c7e,47.3914910107851,31970,-1,25,22
675,134c7f63827c4b858a2a4ce0582d8f6e,67.40788742899895,31881,-1,34,10
676,ead426cf94b849149ff45a314c4efe2b,93.87996792793274,31965,-1,36,10
677,d2776ad57f7e47caa2001aea3f60b204,47.459300607442856,31976,-1,38,12
678,42c7b34a5f9e440baf4d8ce1cf75922c,48.65105636417866,31974,-1,43,14
679,4b4c3bc538e64867a9712470e04d61cf,75.5482092499733,31992,-1,45,15
680,0966ed2dfcd744ef831f394b7933f747,55.16725592315197,31973,-1,40,17
681,5c561271e7f64c42bad8343eb42043e4,74.9225877225399,31952,-1,43,20
682,ddff867e8f5944869c55dfeca2151ba8,85.77425219118595,31932,-1,47,25
683,40847c1f1fd34cf2bdf278782dba841a,82.44396559894085,31885,-1,52,28
684,3adeaa8b4f5f4b32a361534424ec6c71,49.45061914622784,31946,-1,57,31
685,6413a3e27b664997a08f7a0b82667d06,65.83449803292751,31917,-1,61,34
686,6609fa8733f14987ab840f3467c609e3,71.82784005999565,31885,-1,63,34
687,ef03db0d15d241bf98a72fcdb87989e2,78.99217307567596,31881,-1,63,33
688,fbac9771eca241c4b18c195395d64e22,48.098575323820114,31866,-1,68,34
689,ef661945febb4f4b9f11bea17dd55c63,47.32132889330387,31901,-1,68,34
690,f274b48b3f8245669f97556d66ce468b,48.102691769599915,31939,-1,70,36
691,dd8165825b8e4514aafd5b92fd9a3d6e,86.54684759676456,31922,-1,71,39
692,603304c79ec14a318fdb1c896b8aa43f,51.206283271312714,31930,-1,68,39
693,04f790baf5a44f359a8b797be0550994,109.72405038774014,31954,-1,73,39
694,b4bff2b0e4774147ac53fb96ff9317b5,56.10240995883942,31911,-1,74,38
695,3425c66163af46cca4c96006d425e0eb,48.06665517389774,31871,-1,75,37
696,cdc90732e957479da6c8a80c9fad6f78,48.53167198598385,31776,-1,74,35
697,8b66733250b94940b0e7477c8b182512,51.46360583603382,31919,-1,73,33
698,3d9f13edf73c4e25a484253ebf80f222,47.66860418021679,31784,-1,73,32
699,2a271f85c90a45a9a6f33d9cc281943e,83.8533453643322,31783,-1,70,28
700,9a476217cc324813a5760c9852643324,47.245362773537636,31579,-1,72,27
701,657b2fe881834950a629c05285b2055a,47.12631180882454,31600,-1,73,27
702,a7eee1088f4a43f4b1c49324e4a6803e,47.004520893096924,31853,-1,72,25
703,93d25b8eaa46429a997327e6e333f627,47.19316586852074,31715,-1,71,25
704,ce130b56a60242dfb4369eb62bac9478,46.712350100278854,31820,-1,73,27
705,789b705cdbcd4e5bb43812186d612d7d,46.834781765937805,31748,-1,77,30
706,43357fafe91d4c018e42f07f16fc383c,70.78243605792522,31703,-1,78,30
707,470df44aab6241f4843137efa2e55b85,62.716903164982796,31763,-1,79,33
708,14684fc1b81a43888b992d553add01cf,57.870328426361084,31848,-1,80,34
709,65afa21300f3456b993fd438e3f5a532,48.482611775398254,31832,-1,76,32
710,fe04ede880b14ae7b07e27d9fb283f08,74.91888105869293,31883,-1,76,32
711,012f334ee21b46be8133515d1ca58bc9,62.40762025117874,31894,-1,73,31
712,98fd9fd58c2f4facb90912ed9387622f,47.39384725689888,31948,-1,72,31
713,6ec76d5f32224d11bdc44c4dcd356461,47.24530875682831,31931,-1,69,30
714,d995c004834a4c4eb5ef3c7dbefc720a,47.24130779504776,31864,-1,63,25
715,f0e4797551024f9487a016ee9d9e29e1,48.76953177154064,31781,-1,94,37
716,6cc2a560dacc42149e0780bfb6efe682,49.289943650364876,31907,-1,104,38
717,b78605983b3543a1a70df4b3805e4dfc,63.96456062793732,31880,-1,108,41
718,f6486e3c8a90429dbf1d3d66a91239d3,50.346145406365395,31889,-1,116,45
719,248f5231a8c94b5da0b58e515ad68298,47.51025512814522,31888,-1,115,46
720,06cc9133c0684cf2b676cf5f7c49e88b,48.68640564382076,31908,-1,113,46
721,2ff5689a089844f0a2097b1883916003,94.53371167182922,31934,-1,117,45
722,e22c0bbea22343e7beffd77c44679a83,77.25836895406246,31958,-1,112,43
723,b16c13a33031451e97116a3149783fa9,83.36665667593479,31950,-1,108,42
724,1cc4743fc70047ad8eac0777e43cfe57,54.09510247409344,31931,-1,100,40
725,72f030bd5dd142d497c090dc04bb5697,53.78842353820801,31965,-1,100,40
726,e8dd2a90a84142b2aa1c42126d3f135b,74.78339783847332,31964,-1,100,40
727,82a88b409fe4435ea678f8f89ba34b74,49.31322857737541,31949,-1,97,34
728,4d53bb70174b4e8db3913f50a7bc1590,48.69265668094158,31995,-1,96,32
729,b66b4277cf6145bbabb891ea7193dfa6,80.15577867627144,31972,-1,94,31
730,6611e3ee45484c5d80bd4703d458e518,50.25923438370228,31983,-1,96,32
731,6d0cc921b3564b00ac7925cf529310ae,48.89065958559513,31969,-1,93,31
732,80406b20df8c43ad98e4a7d6b8de00ae,48.0334646999836,31978,-1,91,32
733,1232e4600cb4400db443ae7e6a710c1c,48.370327800512314,31974,-1,89,32
734,81f15cced544486daa6aa4d6b6bf17d9,60.01058779656887,31984,-1,85,30
735,dbffcc96729b420380ace0e08ad587d5,73.9916954189539,31984,-1,82,29
736,73ac66237c854ee69fc29e9b24860e41,53.991617634892464,31974,-1,77,29
737,9fbcde13d96b43a8aee0f76aee3bfc65,62.96844966709614,31990,-1,72,29
738,b1c6966bd3a547ed82273d837490e63a,70.25548070669174,31986,-1,72,29
739,b173607014c44dfd86cfee252561315f,47.89675399661064,31941,-1,70,29
740,3c23cd7c54034c298278d81d0b3d3954,47.851378098130226,31941,-1,71,28
741,07794b6977294d6185f1b4567cd10e4b,48.27987775206566,31878,-1,71,27
742,f8b5e98950ed483e92ece29c264c072e,64.49140422046185,31811,-1,71,26
743,56b2752879d247359f620173a94838c3,66.96229614317417,31768,-1,74,26
744,bb99cbc063344aa497ce11315ff5bf8d,60.63809059560299,31745,-1,75,24
745,cf5c4b437daf4bb3ad68d0f88ea7bff2,48.19175228476524,31546,-1,75,24
746,8610dd7c403e48dd91ad1bb1ef77b308,47.83826507627964,31909,-1,76,23
747,e9b9031b8f5f41e89bd5eed158feaf14,102.19570249319077,31605,-1,75,23
748,a6be1b51213443ba9991585f56a30c71,80.7834304869175,31954,-1,73,23
749,f540699e07cf47d8bddeb1f0227a7417,58.89132432639599,31882,-1,66,23
750,ba22ee94c0b04c69aca0a5171a8e9863,51.92538723349571,31950,-1,56,19
751,d0113c8f8ab3486180fc0689728adca3,47.036249190568924,31971,-1,46,15
752,b007fc18b89f4f42bf5798e093b43729,78.44565063714981,31966,-1,40,15
753,15c9fc58c4544a929763a1f2a34a2269,90.70901200175285,31988,-1,31,14
754,59e1ec0333a747d58efe81aeb250c113,47.0413900911808,31995,-1,26,14
755,d62b0f9db06440c695781c52ed71909a,83.00579525530338,31631,-1,27,1
756,fe87516995a947d285cd5d815f479eaf,79.76476848125458,31715,-1,31,1
757,60341918a107414c9c44a9bfe169c9e4,48.795489594340324,31879,-1,31,1
758,17d6152bed1f4d97928dedad04c0d7b8,87.85511553287506,31949,-1,33,1
759,020154f4d8cd4e8582c4a02f10d70d7a,48.12483489513397,31948,-1,36,1
760,a3d2c3ca40b3455396e7ae776f523ea0,64.3073357641697,31970,-1,35,2
761,7b8f2d0d1c124c4a9b9d9d3b7509b0b7,74.78633150458336,31953,-1,33,2
762,c93a7e7a083848b9bf26b8438c052426,58.519572019577026,31778,-1,27,2
763,c090b86c7b9c4e97a3e145a70c98c631,74.38390515744686,31520,-1,22,2
764,40ead2f47c8146c581917c05cfda04ea,62.194548547267914,31388,-1,26,1
765,cc71e504f560478ba9686b0ba983f1e6,73.48890416324139,31706,-1,26,1
766,d9d546a04a9a41d8984c39e7c53689b6,81.7637424916029,31890,-1,27,2
767,a43d2cd8447b41858887bf536628b0b9,81.86205849051476,31975,-1,28,2
768,997e5e6c149d4bbcb3c210335f901c3d,71.58281654119492,31975,-1,27,2
769,57267f4d074b42568f79cd015d5c1a4c,49.306103959679604,31930,-1,26,2
770,af571c22d255499db27ca444d6b9cef9,86.70802414417267,31933,-1,29,2
771,814720ee91d54e408e6fd0dd1b356e9c,75.48951171338558,31782,-1,29,2
772,13da317bc2a547f89ee12cdf67c6ce4c,106.56772367656231,31869,-1,31,2
773,cad8d994d6b14ffe963e9dc7768d0a0e,57.119352743029594,31935,-1,33,2
774,5dda1ef89d98493aa39a470b21fa4ebe,47.70118370652199,31898,-1,32,4
775,7b86bda4144e46b08b5c8aea57bfa969,52.75723896920681,31881,-1,28,3
776,7f73470d1234487996a0f254b1e6c610,66.22233986854553,31910,-1,26,3
777,3c4a042965874822affa98f7449566b6,46.49736173450947,31944,-1,24,3
778,b2024b635e624a719d16d85b395447d3,46.520840376615524,31946,-1,23,3
779,50a05815453843d59bc3a77910df455d,68.93645226955414,31914,-1,26,5
780,25a5a54ce55347fe877f2d72b0231a37,94.09365057945251,31883,-1,28,8
781,c76efd09fff94c32b9a77b0c634856af,100.44454783201218,31868,-1,27,8
782,d4437f7299da465a9115120375104a24,48.55180345475674,31945,-1,24,8
783,c4bd1994696342e386e28a05135b09ad,47.95604571700096,31963,-1,26,7
784,c0e4b1016c09468c9b1ce496462eb1ad,60.01885421574116,31711,-1,26,8
785,08078980e5564ecd80cdab0d0c71f2ac,74.4978878647089,31786,-1,25,9
786,de550f4c35284f90844c07a64253639b,69.36071068048477,31976,-1,26,9
787,6f88910ce826420fb9739c7da9d2e54e,51.04482360184193,31951,-1,24,10
788,5f15115414584a23bdc0d0982c46e264,47.817206010222435,31881,-1,25,10
789,82e2c7a48a4640ce8475d8b6930f8a1b,56.48814141750336,31926,-1,24,9
790,ba5d4c21f9d1441a80355fb2b2bd5908,58.37378837168217,31943,-1,23,9
791,05a38d819af84ccd8a76291422820369,62.8870353102684,31948,-1,20,7
792,0c45e7984f2f453fa8650c20bf9a3fa6,49.13369007408619,31964,-1,22,7
793,6cc55ef2e7e84c668c209a5be46c0584,70.85792906582355,31972,-1,20,6
794,2f598ed435a94ed1a58f8523592cefb4,87.79660612344742,31955,-1,15,7
795,e1b5c775be134db696ce22413d195c72,79.81212809681892,31952,-1,62,9
796,ef9b3594550a4e8a9e6442aa7b5c6be1,60.99488399922848,31946,-1,63,9
797,723739bbe19f49cfb531585eecea1dc5,72.86644913256168,31975,-1,67,12
798,a85e915244be4644ba830af4cf4aaf45,47.84350469708443,31996,-1,79,13
799,856ccc626a4a4c0aaac1e62335050ac0,97.62477688491344,31998,-1,76,13
800,e63b580425fc45b5a585a45523bac035,86.53541840612888,31980,-1,73,9
801,f3599aace98a4c0890a8ea374dfd58ff,48.79980906844139,31970,-1,69,9
802,28b65b60537d4f70be13fae042ecace9,48.65414276719093,31933,-1,65,6
803,ae334a760ecd45d8a88a69014d8290ab,49.901336431503296,31860,-1,66,6
804,7bd9965f22864e9dbff830ced43a66da,50.624361261725426,31914,-1,63,7
805,978a078289b64db3a6a318e8547076ba,48.87206666171551,31885,-1,59,9
806,125a63c9e5b14ebfb5839143c88e3a44,55.86979165673256,31862,-1,55,9
807,f82e1e7cf87b4ef1a4d6227b6851441d,46.956831589341164,31893,-1,55,10
808,cd7b7f9917364acc9e25e8d21e4dc297,82.25114271044731,31968,-1,54,12
809,96d66c41d3dc42b193bf1a091ac103a3,58.17137658596039,31978,-1,50,12
810,6f8d7a927c524cb8b3526b9b798a5a53,71.95032015442848,31993,-1,51,13
811,c2102371cbcf4d8f9eb66069a3d5b350,94.97957304120064,31980,-1,49,12
812,73e7a058423243e49848fd0b9b259ce9,69.2290049046278,31986,-1,44,12
813,538100c6eb164041b51302a0bd140187,50.04153214395046,31984,-1,36,9
814,ca08ecf430ce4eceaea30a6a2a8eef95,60.231853276491165,31984,-1,27,6
815,f8d77275b248436794a049c74b69e9f1,75.51574893295765,31972,-1,35,7
816,104e1393ff1d4d7d8d56603527a77080,47.80552349984646,31961,-1,39,7
817,568a082ce58a4b4e81df3974e7ff34de,48.37917350232601,31985,-1,35,6
818,faae4d51453c4a8e9b3fe404724ddfa8,77.65224017202854,31987,-1,32,6
819,07a6e4ffcd6f4d4caad66fb043435c4f,47.52754792571068,31965,-1,29,6
820,139bce92199440ea8929d1a1bd10dbda,47.748103737831116,31966,-1,24,6
821,c1f344cadf354fe0b12446935e54247e,47.70246893167496,31957,-1,20,5
822,4ea2156b82df43cb8e80a3cb344b20a3,70.6381369382143,31974,-1,18,5
823,73b363c5332a423797a2c0728cc1a75d,77.83235237002373,31972,-1,12,4
824,50082a94da544d22b00110cc1bfa100f,48.23718965053558,31950,-1,11,4
825,53b7ed3ff487465f82d3bc490ec3e5f4,81.70014061033726,31967,-1,10,2
826,274efd8b53b44ed59141097b10701786,81.906508654356,31935,-1,8,1
827,9cd7ace836724f68b0fb6ecf42caf46e,46.95272259414196,31945,-1,7,1
828,63da0bd557fe4de0bd2b76c77e9f7fa3,50.39666220545769,31694,-1,7,1
829,989191ea92524bc39ae8ee546e00282c,54.44912239909172,31931,-1,12,2
830,fdd2da37faa44428ba9ce4a760f53276,59.66999568045139,31962,-1,13,3
831,07eba9ddc28840d489afd0c222b0f056,47.62089252471924,31977,-1,14,4
832,08d9dfe15f544635b3cc72c742cd85ad,76.3391051441431,31976,-1,17,4
833,ac086f3a640847fc8579368c4e42ee6f,78.66620272397995,31891,-1,19,5
834,95b0c6a3602544ffb3c3e014b2cdfda6,64.8797657340765,31983,-1,17,2
835,0f39f34febc84a6689f08599105d1421,82.84206688404083,31825,-1,8,2
836,09f3a3ce512a442db7dd47f9ed39e64f,87.19943836331367,31801,-1,8,2
837,42b565bc38af4342b79b8697ab0a45b0,47.56072908639908,31966,-1,10,2
838,213ee1a50ed245eaab655babec4f15d3,47.79657535254955,31955,-1,12,2
839,e15862d8a89d4250947cad3d1eff3dfc,81.24478347599506,31975,-1,13,3
840,86958f43ae42452badc0ca07c865b890,64.224349334836,31948,-1,13,3
841,a1a01ae0cc9f428f8ba4c545e20ee88d,78.28743942081928,31894,-1,13,3
842,f75d70a9a0074c3ea84d4c5a221fcaf4,77.97185517847538,31957,-1,17,5
843,42bb00324869498faffe17be9b403f04,109.86015759408474,31972,-1,19,6
844,aa7d1414139344a49ba47723de8d8d3b,59.13117714226246,31980,-1,18,6
845,70b93dd31d724e7fbab2d20ade9bb4c1,48.677871003746986,31934,-1,19,7
846,3f649706222f4d83aa0a8a1b687f29fa,48.03106747567654,31958,-1,20,8
847,fe4ad01f0ee044a6abb9f33cc1b6709d,73.00682552158833,31955,-1,20,9
848,4afb1a21cfd44947b98f9d2f778657d6,48.321036621928215,31931,-1,21,10
849,d65e5cddfa574daeb9ea9252d66dfa97,46.63955233991146,31959,-1,20,9
850,abe76951d0a0458d84d59e689d8ecfab,48.433827236294746,31960,-1,20,9
851,6bbd9ea66b1544479ac212c19aa22010,98.22540730237961,31944,-1,19,9
852,0da044f464b44e5d8c782a13903d6e50,88.99941854178905,31958,-1,20,9
853,2c9c230704cb4870b5dfae8b435dd0fe,49.42414537072182,31936,-1,19,9
854,b3537c4657784727934760188904dde8,48.16712252795696,31952,-1,16,7
855,398ab5422d3047dcb56b36a8f7d7ebeb,77.04499550163746,31861,-1,13,6
856,b2d77fbfe24e4cdb988949cc2565652b,71.1832232773304,31831,-1,10,4
857,e73a59216865449ab48d31a0880664aa,113.95758017897606,31393,-1,7,2
858,76143fdc216840bf8e2c7b08b0dea88f,76.12095028162003,31839,-1,6,1
859,ead06ddfed704c82bdb77a1da54ca79e,47.574255615472794,31872,-1,6,1
860,378dd1889800438d8851571359dbfc22,48.928944393992424,31886,-1,6,1
861,b731e3bfd7b64247b9d9708e67847933,60.10720878839493,31896,-1,6,1
862,0e4aea0d177c480a9ae050a01368ebde,64.0855673700571,31717,-1,5,0
863,ed8368b711934a1b86f5a4ce354c39b0,50.69618858397007,31552,-1,5,0
864,740e48ba5a5a45afbc1a56b16f586054,73.63299652934074,31027,-1,5,0
865,6060fa4c3b1e443994967da28e86132b,73.91571067273617,30722,-1,5,0
866,029a6b83ae1a42cbbf775fd77415745f,49.06520061194897,30625,-1,5,0
867,eb5ea93bd45246329e50a6d7a93e3832,48.188503831624985,31149,-1,4,0
868,5bb77a2ff3d44094b691ba239cbab83a,72.97690957784653,31400,-1,4,0
869,50d37bbac9f84f70bc2221d28bf7fee3,90.01686610281467,31535,-1,4,0
870,124b2bf95a634996811d0043c9fb7b89,66.1989152431488,31476,-1,4,0
871,d5ad6fac138744c0b7cadc62843cb9be,78.64334434270859,31522,-1,4,0
872,5f1decb5ab4f4691960becd0ddb6d454,78.11710983514786,31512,-1,5,2
873,10ec5f51c91d43d98b7bfc1f3c65183f,62.45414912700653,31815,-1,5,2
874,57a80885dce842049aa03cd95ccca916,59.80314500629902,31913,-1,4,2
875,15c59626df6b4f96bb7ef7c5c1797159,47.82507009804249,31207,-1,19,3
876,e46803a34fa744ad9372b5227798e00a,49.81723055243492,31557,-1,23,5
877,926dde8427454373a0f4b61b1b3c6e2f,50.60243047773838,31727,-1,27,8
878,3219230d0e14480c9089c7c49e339a83,47.23170958459377,31794,-1,31,9
879,7c8ce823cc374a8f9376df6d8f0fed89,47.508882358670235,31939,-1,28,5
880,d7f3a1ff633c493a87a94ab0b39a14a7,51.98283679783344,31940,-1,28,5
881,4735f59f08ee4bff93c237f4df39453a,46.735551208257675,31945,-1,24,5
882,f20177ef6307471083339ad1a6766e2a,48.390207812190056,31887,-1,23,5
883,29560e3766b241d281b8b85cdcd790e8,85.23805812001228,31742,-1,20,4
884,17dd14b176364a539463dbe99d96918a,92.2523457556963,31694,-1,23,5
885,9397c89e75ff4f49882869f914d7ddd4,49.97122846543789,31813,-1,23,6
886,821df5bcd0744d7280b23e6284fb8396,63.083646818995476,31955,-1,22,6
887,14f665de1fa34d0a9d12838a5b77d687,70.79351507127285,31926,-1,21,6
888,3e2926beda084f788675fb82964d17b7,47.36689478158951,31994,-1,18,5
889,3357eff74258482c87f90cf0749ee153,46.828288584947586,31967,-1,16,4
890,23cd0004606a4127acc8505a8de5c282,61.20888888835907,31832,-1,14,3
891,c261faeb1eb0442e98d78100827ede0b,104.30535301566124,31697,-1,13,3
892,ffb196e9479445ffb0de654fe62200f4,61.59052066504955,31926,-1,15,2
893,3435cdd71e3d4e9185ae6b514ae7651c,49.352532252669334,31969,-1,16,3
894,b024c29991134caf93eec0576496374b,47.61473275721073,31925,-1,16,3
895,edc5f9bd039342cb9403a18d2cee773d,56.75337091088295,31949,-1,15,3
896,96dbf7debf4f42589d08185c32c3d67b,69.71739791333675,31974,-1,14,3
897,eb0676ccc9bd45149ae65119cb8d5e7b,47.01157659292221,31936,-1,14,4
898,c040a969ea194be38ab9d25d97c9d9fc,48.1248963624239,31830,-1,13,4
899,3c693de822714eeaae9695ae7ddb013c,114.89326693117619,31928,-1,18,5
900,02b68afcd7504587a003bffe899e4986,76.99843682348728,31945,-1,20,7
901,dabb28a18e6c4a668f15511d7d77dc5b,62.880683690309525,31949,-1,21,7
902,2073ebd27d7844d2a0379ec496b0e9fd,53.703123703598976,31972,-1,26,6
903,4f26f58e358741069b137e90cdede275,47.0158401876688,31948,-1,25,4
904,4b247d4da9d44628818024275c07be5a,48.605119809508324,31910,-1,23,5
905,793bebc8b4ec41bb973b791e463213da,46.74641415476799,31922,-1,23,5
906,35eb563d061a4703a23306c6e6728e61,61.05363555252552,31839,-1,23,5
907,3be888f815ab42dcac53815f09b5b244,84.00068245828152,31875,-1,22,5
908,f69afa3eed11447eb559f49c325f02d7,81.00275509059429,31823,-1,25,4
909,af15c54e76b04b77a7f6c6aa793e7013,91.82392805814743,31844,-1,22,4
910,0f96fbf018914f72874dd2ee2c91e8fb,74.34541918337345,31444,-1,22,4
911,e3957ced101f436190df1a9003cad35c,47.65187203884125,31383,-1,20,4
912,d7188ab6f6494e3e900f16efa4c4a7fa,61.0978789627552,31704,-1,22,4
913,e912d5da843f420c8c4cff156b085376,46.69800214469433,31852,-1,21,3
914,c1b68aa96280460c85bff795ce202a86,59.1974426060915,31917,-1,21,2
915,8e46878ced734164aae0e83567aa02a5,56.93726800382137,31761,-1,15,1
916,6f5b556ef64b47f596df0314f6db9f99,48.14893193542957,31891,-1,15,1
917,4f0f533c84c4493599f2eb3a60882b16,47.968870028853416,31957,-1,17,1
918,76ffdcc4676f4b75b7adf32b0ff47c4a,47.89924994111061,31965,-1,18,1
919,774f588fe35f46338735d6c72c94de28,77.29939557611942,31997,-1,17,1
920,8d966583bc7c4627a2437be13761529c,76.20195671916008,31971,-1,17,1
921,2d30b6e4f3094fcca0fe91fb288a6a0f,96.96894884109497,31994,-1,19,2
922,1525755f9f8948f1a2f056039971fd70,60.504959896206856,31972,-1,19,2
923,6b10154e2b3146ab85b43f3cfe053d6d,73.02251085639,31965,-1,18,2
924,1259283ec9f549d4b26c98ee76c654a6,48.242487013339996,31977,-1,20,3
925,38bde80644fd47f4b08d8de873a8be1b,51.4037050306797,31936,-1,22,4
926,0b47858110f442afa33226467f596df7,69.60904225707054,31958,-1,22,4
927,b11dc3efe66e4cf4b316b6c11b9b0158,75.45615918934345,31974,-1,24,6
928,7ac61a641ce14bbdab9e8af6aaa6081e,47.359831631183624,31964,-1,24,6
929,9c2cb01fe74e49e1b9d3b8ae3fa72299,47.737425193190575,31978,-1,23,7
930,1ecb668fec5d4f27bdcd6832ac687dce,48.27413521707058,31982,-1,23,7
931,ad61033aa6e44659966bb4065f50abbc,107.2634756565094,31987,-1,23,7
932,f9e3162f45db4bf5bc7f9360a831d2e4,83.17204006016254,31981,-1,23,7
933,b660b9573c9e46b086245e5c23ccf7fe,49.768416211009026,31985,-1,23,7
934,75023dda46de40c3953a0a67a31de816,64.64456208050251,31980,-1,23,7
935,38c0c7b30e1142e4bc0833c2d489c493,47.285791486501694,31931,-1,21,6
936,47f40eb09dcb40b9888d81fb4b872ac4,47.8693712502718,31943,-1,23,6
937,47d74378d3e04fa6bb3132928c0f9fa4,47.36648499965668,31946,-1,25,6
938,5fe961cfd2b444b0898c3abb7c969e77,48.302410170435905,31961,-1,30,6
939,c3ab884d58ff4822b6debfdbae4ef0a5,96.81256115436554,31960,-1,36,6
940,e568b88df00a4c19960ff2b83ca5630d,48.558516427874565,31927,-1,40,6
941,d617daef46b24ba39fcc80e8f767b082,48.363976180553436,31908,-1,38,5
942,5a85db16e41543e5bcfe5341d3c85787,47.21435904502869,31875,-1,38,5
943,3d4112671b8c4d8393a0b32d6d75287a,47.518180683255196,31907,-1,37,5
944,c10dfcf73ed84179b8915990fa6464a5,80.71567490696907,31927,-1,43,5
945,e6c7e16f831d4807befccae91f7df830,47.02424816787243,31960,-1,50,5
946,971fe52375054e499551b963e85e1fcf,80.29648289084435,31939,-1,55,5
947,77dda60825f246ecac50f1411e851fdc,58.37954021990299,31956,-1,56,5
948,a9e6b3566fcd4effb8847e22a2a4577e,80.68298175930977,31959,-1,58,5
949,248b69faea5d4dc6ae0106c95d48ece8,80.95315098762512,31966,-1,60,5
950,4996d203a43242c2b26d62b68aa2067b,47.0451470464468,31968,-1,61,5
951,02229f185fe44a0780d24ed8a2b5af49,47.49813303351402,31919,-1,63,5
952,b966442a32c24683829cb74c30e6e21d,48.01356419920921,31931,-1,62,5
953,e13ec49d20974a01942b83317fcbfa46,58.48873406648636,31948,-1,62,5
954,f6dc7d8ea5bd4b84938579f60488bee5,85.05797572433949,31931,-1,59,5
955,6e0955c28ecb405b98d91b089761dbbb,82.36680924892426,31978,-1,28,2
956,59e6f43c31be472393ee5c8dcc45f9cf,109.07521285116673,31990,-1,37,4
957,b5fd72c8c35c4b7bb656f4e9d5b8fe52,61.145467683672905,31998,-1,39,4
958,e19007f8d28a4590b249b6025bd8f4d1,48.269787803292274,32000,-1,42,4
959,88c4bf6c96624c9baf7ca0f98c790034,46.467216685414314,31997,-1,48,4
960,6dab8a84451a4f01aca9352708196964,47.19242453575134,31979,-1,48,4
961,4d1040b4e7804bc395186572f5ee281c,47.042131423950195,31963,-1,49,4
962,8ffab42b57d14c6cb0486620d8675a74,48.47949184477329,31972,-1,50,4
963,c086941272e24fefad3e65d65760aed4,92.11687929928303,31920,-1,51,4
964,5c27958677604dc5ad254f69f31aaf85,75.33479854464531,31780,-1,52,4
965,561cf9acfda645b79bc52ec82537970c,48.39166812598705,31997,-1,53,4
966,7a903ae4cbb0466093fc117258a31efc,61.07504293322563,31939,-1,54,4
967,e35b8b29c8b742ecbff086c39c87875a,71.66974432766438,31970,-1,54,4
968,d0b2eb773b2a4f9c8a25c655d5deffbd,82.51523226499557,31962,-1,52,4
969,852490943ea64291ae0f85dc0d49825a,47.78973199427128,31926,-1,51,4
970,938d0ee9763d44b6a01b7dbbe2240c85,54.056441411376,31943,-1,51,4
971,3a2c3d1efcea439cba29f425cdf5fbe0,160.04201583564281,31873,-1,50,4
972,05699704028c40708d98ab16374fd748,77.25473120808601,31965,-1,44,3
973,c83fb640e909437d80981a7c4338265d,48.01193252205849,31911,-1,46,3
974,636c9024749e46ee8a9987b58e2cf802,56.630317121744156,31974,-1,47,3
975,f9438d42bb944364b5a75d6c5d0bc758,47.75822348892689,31970,-1,47,3
976,349fc724f9d84aeca8afe4af49d05986,56.03383108973503,31979,-1,44,2
977,5b58b84c5f28465e83690772812e8b3d,65.65923616290092,31978,-1,46,1
978,71be7481176747a7aff4ef5143b18e2a,76.59334130585194,31903,-1,46,1
979,4a4ea75ecf81469988905e6bd73bf49d,48.68270829319954,31850,-1,43,0
980,08303db5860e4e67b5b4ab7c30d41902,89.05930072069168,31947,-1,45,0
981,7f06772548b74f3a912afe867ba70a6d,47.77088575065136,31935,-1,42,0
982,bcdcc52ce4614abea760880e5645eefc,49.27867837250233,31957,-1,42,0
983,995b3a75250b4fc5a5b785f90b5e739e,90.06067924201488,31793,-1,37,0
984,267340cfbeb4415f9f74090750e237ab,67.92906112968922,31850,-1,37,0
985,9c3458157e3641dead10c9d1bfa06c5b,69.96653787791729,31920,-1,37,0
986,e4b197f5dff84cfd882d0d0dd29403eb,47.83961549401283,31915,-1,40,0
987,11514e9bc4184a1f8bcdc1fe7aafad2d,65.33779017627239,31905,-1,37,0
988,0d2ebc600fc449f6b7a95f1f69ee52d1,48.60162362456322,31622,-1,36,0
989,f7a001c474d844618d4c6fb15dc16b8c,67.42444075644016,31863,-1,35,0
990,b3f975c461014d0e841c56a20a180f7f,71.91664725542068,31827,-1,27,0
991,2d3694bf122e4349a984883bc48f6018,47.28342592716217,31927,-1,24,0
992,480afd6a2cac456ab71ae46506e30335,71.55116647481918,31804,-1,22,0
993,f6a82d4677144b92bcce7d8a013889a8,47.42001369595528,31924,-1,16,0
994,19ffc60b7e9f429cbca0dbd5e2fc2e03,55.01627177000046,31929,-1,14,1
995,a442b57b3e044dbcbe729bf3db01af36,54.03171293437481,31978,-1,14,1
996,8ddac045b61a412fb54f4d5870e0516f,48.70439134538174,31970,-1,16,1
997,f216d7a4ff5345dbbbb8b27dce4f0953,74.87252540886402,31971,-1,17,1
998,16c4a3eac2a54160a30b559855584cd8,96.91987745463848,31959,-1,17,1
999,442d1845be554fc49b9ee04c70492b29,83.8687140494585,31978,-1,16,1
1000,a92511954d004ec9922e75be59fbb109,66.97001866996288,31917,-1,16,1
1001,665e155d1c3c4abdb5129b35b80c3b1b,48.7532839179039,31975,-1,17,1
1002,abccb4eda68e441d893861429fdd5605,47.49706946313381,31966,-1,16,1
1003,ac83bf9a407f40ec8182fb5d2ba88444,75.29908046126366,31953,-1,15,1
1004,6a85b1377e5c42dfb6e125b2cb0a4ec8,96.10394574701786,31966,-1,15,1
1005,ac22e12d11f84b6a98faa260bdaa64ff,75.95474645495415,31988,-1,17,1
1006,733e12b439b846169b3f8214a89ed8c4,48.98571968078613,31974,-1,16,1
1007,d11f2c7391984c91b68ebd8efaef6f30,48.08228649199009,31965,-1,15,1
1008,a27511294c014c34bea679aae0d35735,47.84644953906536,31940,-1,18,1
1009,7dfa2547d5ff46aeb0229c166234dabf,46.78414389491081,31992,-1,21,1
1010,cbde405b33b946bd9e1796cb78c12731,64.78675082325935,31986,-1,23,2
1011,b83e2b71e78244dea5693836ca0a8ccc,81.26550912857056,31987,-1,24,2
1012,3097b27c66c448d58aee1c54958466ad,48.35752584040165,31971,-1,25,2
1013,9e527ac110c84d6daa076e018aeb7a53,48.53649064898491,31977,-1,24,2
1014,15222be375f74f0d843a4289d18c746a,47.59656824171543,31979,-1,24,2
1015,b2a10e8a03c843f69a00bc872fc18170,79.36404086649418,31953,-1,22,2
1016,894616d89edf41b8bbfd542a150e8fbd,81.44624345004559,31978,-1,21,2
1017,c2e56200cb7d46b6a93fb4ec389f4ba9,55.74840120971203,31986,-1,21,2
1018,7604c6ea363c4a4a8fcf574281a7ac86,49.1329375654459,31985,-1,19,1
1019,d00b9230860e4f4199bcbf9678438447,79.02524247765541,31976,-1,19,1
1020,9568f067471847f3b10432b4e53a43ba,88.29918690025806,31970,-1,20,3
1021,c8b6a861ef0445cd8bef18eb2b7f9e89,47.62507230043411,31963,-1,21,3
1022,046d4e3b185a4b15b5784331d7633565,49.95451681315899,31979,-1,20,4
1023,8b17a8d9c23a4a849ec471da90fec39e,62.10797466337681,31884,-1,21,4
1024,723ad93330684af28bd8f329092efa7b,107.43382945656776,31966,-1,20,4
1025,16a2b81fe8554e7cb545a6df0b594977,51.474498584866524,31967,-1,21,4
1026,6711467d3a2146c0a90f6a69787d8648,50.02966895699501,31951,-1,19,4
1027,5e75205506604b6a992c08ce91a92d22,68.29872727394104,31969,-1,18,3
1028,3164b1a6aa024beea62d3b14fa78d747,50.71740783751011,31971,-1,16,3
1029,68c0cfc033f54e919e5f1975765f55d0,82.67782814800739,31983,-1,14,3
1030,2d04e796e3de4102a0e367a0516e6e4e,81.10149949789047,31982,-1,14,3
1031,a9e8805b699142f78346ca02570450f9,77.63324491679668,31976,-1,16,4
1032,0526f810f7754fe8b8a4ae62fc76c535,71.02405279874802,31930,-1,16,4
1033,8887f956960c40df8e801576ad31ac93,74.61130432784557,31906,-1,17,5
1034,78be3bd5f1f146cdb1b7120bbf8a218c,82.42684416472912,31808,-1,20,3
1035,fd534bf0c87d4d4cb891f0fc6f41a6a9,47.80172370374203,31895,-1,23,4
1036,5369488db9e94abcaacb56ed00a0def6,48.11275191605091,31909,-1,24,5
1037,77b3e8a94b22491a97efb1e8f2b742b7,48.614559695124626,31894,-1,24,5
1038,d773c946a192406c83ed0980f776d1a8,48.73574711382389,31983,-1,24,5
1039,71b80d6861c44bc69bc468d54625bd73,47.94442467391491,31967,-1,26,5
1040,7c8b7e6b9a5c46df898321470c81c8e8,47.448378056287766,31979,-1,26,5
1041,0963783c3e71478fbba311287a1a5b42,46.58312536776066,31966,-1,26,5
1042,22141d99bca241658083cbbf3c7dcaf2,80.6001927703619,31902,-1,27,5
1043,da3ef456918149c5a22ff069dd97b7d7,64.46493230760098,31838,-1,27,5
1044,98592cf269d34c80bdb23c6fa2708db8,93.34957785904408,31803,-1,30,7
1045,ff98be19bcf9436cad14f28ff63cb501,46.61017470061779,31705,-1,30,7
1046,c818a482aa4b41128c8b3bd773ae6504,46.37623392045498,31685,-1,29,7
1047,2a8c82989fcc4edca9772cd20bf34b07,45.6779059022665,31700,-1,30,7
1048,e6bf9e3dc50149ba8cdce44e52f82fb9,47.63163439929485,31738,-1,30,7
1049,18b3ef8c389240f39196a55621eb1930,48.12404327094555,31627,-1,31,7
1050,62f92bfdea694388b2f13c5d04cc7148,95.81549279391766,31597,-1,30,7
1051,a79c34821835458ca58d97b687602ab1,94.14155222475529,31617,-1,29,7
1052,aaac0015dd724fbfa7c52edc33a64dc1,79.38551157712936,31630,-1,30,7
1053,2d800e7c6d03460e8532daba3641f5d2,56.012723594903946,31529,-1,30,7
1054,99ccc70f143b41bf87ef7be9dc4d850a,47.91826568543911,31580,-1,29,7
1055,4b6fcdc1549847c395d07fefcbdc16eb,46.884194016456604,31613,-1,28,7
1056,cb7c92011a4c48a2a201cd2dc9fb7488,55.48315867781639,31577,-1,28,7
1057,1c99c1f837fa457085f86e4afab500ed,107.752600684762,31379,-1,28,7
1058,cac56fc7411b4bfca61e56d4244faecc,55.87274953722954,31563,-1,29,7
1059,1f40bab191dd4d6c94cb3cbde8a474f0,62.105942517519,31660,-1,27,7
1060,0637df67b6fe4c5087e9139089ba1b49,47.70592413842678,31568,-1,27,7
1061,57d5c2256bc947459903ce56c91e9b78,81.22239075601101,31614,-1,26,7
1062,2ab5ae2167d94c37987a69ef23b3cb6b,61.00712530314922,31751,-1,26,7
1063,b90fba92889749a69ec4235b8edec06f,85.07275767624378,31790,-1,26,6
1064,a9549839ca344c5d81df2325736374bf,77.57481560111046,31831,-1,26,6
1065,b1eea1e3d59e4afdaa6d29481480d974,90.53141623735428,31820,-1,26,6
1066,65c8d9839556423b87a4edffb70b434a,81.28701150417328,31914,-1,25,6
1067,f00e0c9a763b4b11b88becf115af6387,49.33140054345131,31901,-1,26,6
1068,702718159551426784c32a0722aac622,63.42301517724991,31873,-1,27,7
1069,facb1d12888a40438207e3505d107cc4,62.99510970711708,31902,-1,26,7
1070,2f9f3852a80347e3b3a3ebaa5946bcea,49.774618819355965,31918,-1,25,6
1071,f59eb1486a3141e3b5cc615dcfa83e52,74.82157275080681,31898,-1,25,6
1072,15e8288c2e60438bb4d65702ff0df804,73.97911138832569,31911,-1,25,6
1073,f9475d1f1f96401c81ce511a93578a96,67.5449762493372,31529,-1,24,7
1074,d96de08343d248809556faa746c70968,49.716830253601074,31681,-1,25,7
1075,05cf2a68a2cf4ff1838034f8ecae0c82,63.63118067383766,31701,-1,25,7
1076,93d437c833f24dd9b14a406d199113ff,55.69460056722164,31832,-1,28,8
1077,73a3e6b8189f445baf70c080117d3bf6,68.85393522679806,31925,-1,28,8
1078,67cc592aa2b94371a450ca2c7f4397ce,48.180580139160156,31927,-1,27,8
1079,421215a3574d445db2bac0574bb34b67,64.5584911108017,31844,-1,29,8
1080,3d905993341a42da8a4a951fb439682b,63.66284005343914,31910,-1,30,8
1081,d66a316ffd914123b6324efc5b30c15b,47.90368862450123,31852,-1,32,8
1082,fd27366f4f1c4df3ae73e27f8d469db1,76.07463374733925,31946,-1,34,8
1083,3ba93f957fe54c8c891a2cd5992e65a9,51.05910263955593,31968,-1,36,9
1084,d8ff67e7cda741f0ac2d7525dd26d208,83.43392424285412,31989,-1,35,9
1085,4a4426ac48d54f9590573ea48b1e76fc,73.07889126241207,31934,-1,40,9
1086,1f1982e0b2a64ec2b2aba3a41175ab6e,47.182125970721245,31937,-1,41,9
1087,112aa7a7edfc4df6b8e9775b14f74e12,47.68117889761925,31952,-1,42,9
1088,5edf36a058ce4849bc6371629bea8a69,48.82538504898548,31932,-1,48,10
1089,b7d899dbb6264d7bada8daff326556ce,71.36338204145432,31939,-1,48,9
1090,2b4441336efa4a649510d33c96ca53aa,46.5839970856905,31911,-1,53,9
1091,1906aa07e1914059914e62ee02ccb50f,66.44299626350403,31953,-1,52,7
1092,7c7ce7a97984492b9a5c76327bc90610,58.648597449064255,31945,-1,52,5
1093,9a2209d8b19045f4a0d52af5d5c23a78,61.28440238535404,31873,-1,52,5
1094,9be682790a634b91b334b633fa43010a,57.48940818011761,31928,-1,55,5
1095,78b6b787491441fa864d6bd9382d5701,89.71390686929226,31933,-1,57,5
1096,1175f341a78a4877bc5257cbc763aef5,90.91615676879883,31881,-1,62,5
1097,296e524f77ca4fad9d95e3dfe54c1259,46.79286107420921,31937,-1,65,5
1098,e8038e0f57c445f0a91111dd2c9052a3,48.70474152266979,31779,-1,62,5
1099,53a80b41beee4a1eb751e3dc89af5765,87.70773001015186,31921,-1,66,5
1100,b687fc34af774f64a1d3f91aa486b740,61.87135726213455,31956,-1,68,5
1101,f91ec82037fb47ccbac160cb5de453bf,66.08359701931477,31943,-1,68,6
1102,d6e16562bd2a4778b4789b3b66431e74,53.52046899497509,31961,-1,70,7
1103,3c1ab7d886244645ba1cbfad95326d21,53.2410591840744,31975,-1,72,7
1104,e5ef83bd8b8e4ba986e7d8a43591994f,73.4526552259922,31904,-1,70,7
1105,1f94fe5edf784708b55707a1a7754fb9,55.93876354396343,31921,-1,75,8
1106,4a7e82f96c7d487686ae95b6384b77a5,81.0127854347229,31868,-1,76,8
1107,3fd8074cf3444290a8cf4ddd3de0ffc4,60.51962822675705,31920,-1,75,6
1108,9157f0c9ea4441a89b91d623f0157fce,48.84438216686249,31940,-1,75,6
1109,557954f121394533b582e88eac8017ad,47.93974943459034,31852,-1,72,6
1110,21efb26e944244799f3e163dcdd7285f,63.26363608241081,31944,-1,69,5
1111,39a5d8e9868d4dcd9cf8386068c903b3,48.2989139854908,31745,-1,63,4
1112,1c81b06c812b47788462c31f58b6c1d0,48.11074957251549,29414,-1,45,8
1113,f73dfd9690d74d3a9af2667bf3dd9481,47.34733887016773,29735,-1,47,9
1114,eb4b6de953e247bcafe77dffd79bc8ed,74.35228303074837,29064,-1,48,9
1115,b04b95006e24460bacaaf80e299dff01,72.01632298529148,29586,-1,48,9
1116,1dd5d04e621f4fe791bff994708af69b,62.188807874917984,29724,-1,49,9
1117,9577cf1a1f31414d90358bd7b104b615,98.7034011632204,29537,-1,48,9
1118,b0a2fb669af14c0289675261bee29949,95.97508050501347,29637,-1,48,9
1119,6b3c851413064994bb0babae7e74efad,47.246767207980156,29474,-1,48,9
1120,fd7fed4b72f645ad886c561410662e33,48.68409037590027,29242,-1,48,9
1121,6bf8421a1f32469f99868bbbeea9a200,47.49682918190956,29142,-1,48,9
1122,5c6f3a7e402c4985916cd6ed07e66f6f,86.8547186255455,29047,-1,48,9
1123,4cd53db3b63b42caba9e8f6a6ea70eae,48.23235422372818,29211,-1,48,9
1124,75ce3975720942779e8f2a56309de167,77.9289435595274,29063,-1,47,9
1125,b006ca82a2654951ae8f42300f66f3c4,73.50483164191246,29306,-1,46,9
1126,98a8d1c359d54ed19060d3f0f5867468,49.682023003697395,29461,-1,47,9
1127,8ef17257025146b19306abed70229687,70.29190845787525,29807,-1,46,9
1128,b85ef7111b8c46069e51bc0d905ad8c8,50.24158954620361,30552,-1,47,9
1129,e7438081ad0545299e8c703a8dd33ffa,50.320638343691826,30813,-1,47,9
1130,6f6e36cd57714b92ad8a0e6dfc57f767,48.01761358976364,31221,-1,49,9
1131,50584518abf2443da57a124020086b69,78.07142101228237,31173,-1,50,9
1132,92c817e6a1b4445ea8505dca77d023bf,47.98416048288345,31374,-1,50,9
1133,b3d9bac351554cc98cdafe751f3d437a,85.86003445088863,31632,-1,47,8
1134,e08e07dcca544d99b739e512f6b704ed,86.99662797152996,31495,-1,46,7
1135,453eb1d22e3147a183224ebd756a9c57,48.176052048802376,31823,-1,47,7
1136,fb879538cc574e5094ccc39fa2953ef5,47.58441261947155,31946,-1,48,8
1137,f5193e87e04547808e974d88fed8159e,74.756795540452,31678,-1,48,7
1138,1981ee55006c4e00823d29de105d1680,75.63058659434319,31746,-1,47,7
1139,89910914b61e442f967bea60eb5ed44f,58.483706787228584,31746,-1,46,8
1140,fd12f683aa444ceea85633f5f72b7d3d,64.25095908343792,31799,-1,42,8
1141,185dd9f6bc6b4cffbb23ac2ed72b3bb6,67.43604131042957,31664,-1,41,10
1142,50c37d323ce248219f6a4f266d41daae,58.72117169201374,31375,-1,41,10
1143,e14e81f029e6490ab1bdba51b6dd7054,73.07963259518147,31667,-1,41,10
1144,1808fbc3531c415fb77531c05b2547ae,67.43386760354042,31670,-1,38,10
1145,c93b4d390af34c32b681f52d224dc01f,62.601396813988686,31512,-1,36,11
1146,3c4da98d05c74a74bf49867b6ccbc754,48.044171184301376,31721,-1,32,9
1147,fd9610de75464b4f9a7a32837634a2c9,63.933271914720535,31350,-1,33,9
1148,9c6aa2cb631841abb2cd4bebea86d03f,74.78745467960835,31571,-1,32,8
1149,848eed388a5c47d5b3cdbeeb15c2f856,47.44360037147999,31807,-1,26,8
1150,2f26712f9c484ced857e42dc425d1d20,59.404220432043076,31851,-1,30,8
1151,c292d90b90ec4dbd826dfd11aa361df1,47.2840778529644,30256,-1,28,8
1152,d5c86824b36b4dbba467399bf3123d90,74.71330277621746,31092,-1,30,8
1153,85b8779598cb46f89538faa1d7117404,57.98983387649059,31411,-1,29,7
1154,8584cdee278d4bf89e6620ab02d15a7b,64.43524733185768,31648,-1,30,7
1155,4dfb0052fe944420acddf5d376755dff,49.25829358398914,31623,-1,30,7
1156,947147c686d04c168ee8604b2f43bd46,64.5266193896532,31381,-1,27,5
1157,4d37ee8f85284d62a1f7465e2b005643,64.58215601742268,30995,-1,29,5
1158,60565417b2584f15965a0e22c6f6d317,71.69903442263603,30829,-1,30,4
1159,2577f859f0fb47a3a21cfc7c95650d26,74.16506670415401,31010,-1,32,5
1160,808fabcc3ed441afbd6bdddc929887f3,51.72246694564819,31357,-1,31,5
1161,ffb68ec5043b45f499086fd8c24dc2b6,47.287674620747566,31412,-1,32,4
1162,16011bbf9d634b099c5ff9a352d26c9e,49.39512349665165,31324,-1,32,4
1163,3f16f295d3e44088aa24a88b740f90bd,84.53834801912308,31415,-1,33,4
1164,beee295d6f3645208fb6763f8c415323,85.55246144533157,31626,-1,35,5
1165,3307d1211dfd442db4a6ae544c2ae197,48.67427237331867,31735,-1,33,5
1166,8a0af59b07f543a0a165180a12472d04,49.60290342569351,31373,-1,33,5
1167,73ce29fbb23b4fdda87da12569830fe0,66.03027693927288,31970,-1,34,6
1168,cdd29238803446ba84398ca3a4292c19,46.953946352005005,31949,-1,30,5
1169,0a535567072a48a38a7213778550dcaf,57.820314541459084,31923,-1,28,5
1170,45731d093e2e4bb590ca10bbfb198eee,47.31236398220062,31881,-1,27,6
1171,19689911bd0e40adb943b0f97ea84a6a,49.271369352936745,31661,-1,23,5
1172,1e4b165a3a904717b30f044322edfa14,47.547053545713425,31642,-1,23,5
1173,a3037fd8331e47d48357d5250fbd8aa6,48.324741423130035,31959,-1,19,5
1174,610ef5fb746c466f810f665b3e9d5b4d,71.26580737531185,31970,-1,16,5
1175,e4437a15cc6a4c82b8cb1e21c439baa5,56.19007535278797,31946,-1,16,5
1176,7760d89f50a947d78929ae468844c25e,106.66349343955517,31960,-1,16,5
1177,674ac51c90f444ffa066c3aa15991728,81.74899592995644,31949,-1,14,5
1178,9573d00b8d3d4ca5badde36566ed0c84,48.8912221044302,31947,-1,14,5
1179,51b0f4727e4748a1b48162866ea48f3a,66.60687550902367,31915,-1,13,5
1180,7fbf9f1634a64bfea374596abdfec3d9,51.479535177350044,31896,-1,13,5
1181,885aeed2512341ccbf84ca64d4e58ded,73.51323030889034,31916,-1,13,5
1182,20d3e54ae277464daafd2a078b830170,48.18123206496239,31769,-1,15,5
1183,f5a38abe0b404babb18bca1f0adf60b6,48.097724094986916,31355,-1,15,5
1184,deeef8bef80344a49ac174c4787ed9a4,64.1852356493473,31453,-1,14,5
1185,50d86a5cd45440c89e895a5d20ea5267,100.98349675536156,31385,-1,15,5
1186,78828ab1fe6e4b8882729099326a5db6,65.65865501761436,31593,-1,14,3
1187,c1c270bc79c94005af29078bd0cda1b5,54.72890846431255,31340,-1,14,3
1188,ded088a5ef664ca687fd0e8c1e4bda1d,48.945102840662,31065,-1,13,3
1189,59b048ee1ed2466c973e45f9e79ce5d1,47.85935580730438,30813,-1,11,3
1190,b9db804449d34414ba98868e9034abd3,48.58871176838875,31671,-1,32,3
1191,3e0c8a049c7e4cf2b1aa8a8387b045c7,91.5876217186451,31791,-1,34,4
1192,e4908d7239ad42cbafe3281cbb86b1b0,63.63900564610958,31852,-1,34,4
1193,3078e2541d58490cb8bad9de7801b7cc,54.3726347386837,31793,-1,34,4
1194,9d0e1d796b20401a862602bb02d613b4,79.74059134721756,31829,-1,34,4
1195,fe944294f6a44b87a4da95136f86bb79,64.34902362525463,31624,-1,37,4
1196,b32f383e87e246669013e90202455df7,51.40857212245464,31693,-1,38,4
1197,ecaea9ca526a43a984e46bff7ea85204,70.64859382808208,31792,-1,38,4
1198,b92936f399d5405fb98d6f8a2298a504,46.943746507167816,31813,-1,39,3
1199,9faf87fc638c492d87ccbdb48388450c,80.14076761901379,31854,-1,38,3
1200,34dc0f073e864d70b6e2b09c5b3ed032,47.54019156098366,31817,-1,37,3
1201,ba6527487d5042b2bd4fb8e503918d29,49.22649264335632,31321,-1,37,3
1202,9f3355442ce347be804a9880d086ca8f,57.2860948741436,31645,-1,38,3
1203,9124545509cb45e1b79168bead041f06,82.26349391043186,31790,-1,39,3
1204,2de4836c1a1e4d1a8c2d73a3af31fd47,58.656152337789536,31752,-1,40,4
1205,a9b8176bf0b546a4bc46afc631979805,71.86030969023705,31382,-1,40,4
1206,73620d31303a47f9a86908f6157370f9,48.17863553762436,31595,-1,42,4
1207,515ffe0f141445ed8e0de6e674b64060,70.27453742921352,31875,-1,40,3
1208,726c4eb7ce3e490e908dfc5a5ad9dd19,55.219996720552444,31984,-1,40,3
1209,d91511762a3649fe9977ef72f1b6982f,86.70379593968391,31988,-1,41,3
1210,cb39369c45bf4fd0be41ab5fb995494b,70.22574730217457,31993,-1,43,2
1211,713882a28f2442098451f77f1362d326,74.5188482105732,31992,-1,46,4
1212,4fbd8ca56cc942cfb092846192fb3bd3,61.84538081288338,31913,-1,46,5
1213,496c5144cca24c2f86607f9d7f26e90e,74.4172353297472,31978,-1,48,6
1214,eaf2f8cfe79e4558900f140452f299a1,48.19101840257645,31987,-1,56,8
1215,0e8782aa721545caabc7073d32fb1fb1,101.65918990969658,31981,-1,57,8
1216,3bb2aa82346340a0903bf05257735f71,53.590038791298866,31948,-1,59,8
1217,4254e88744744d1da84ff59eb26d5e82,47.25276865065098,31933,-1,60,8
1218,950d6f7fe8ca41538582327bf45afcc1,65.85063599050045,31975,-1,61,8
1219,c7686b765fcf4212a0c9f7611a2236f2,66.34558364748955,31969,-1,65,9
1220,56f2d967734747c181e8cac27acef265,61.69458664953709,31977,-1,67,10
1221,487e37c966514fe58858a7003dfe2f18,53.51698026061058,31991,-1,69,10
1222,8ef8d4b6b837492dab9785c3e33d936b,55.81888556480408,31968,-1,70,10
1223,250a57d8617045ad8cb35a00285a1703,72.85526022315025,31572,-1,66,10
1224,3a56f761366a4338a35bccfe7b08befb,71.07728347182274,31969,-1,65,10
1225,8d1c7b2b85fe4befb66efe9e05e0d939,143.22466403245926,31971,-1,65,10
1226,d95b9559fb6f46d89e065b2be43595bb,70.55637054145336,31894,-1,66,9
1227,406d55a941a04eecb7851831d9044178,102.99232788383961,30829,-1,63,9
1228,cae55f0935cb448d9527042acf104ad0,50.622839480638504,31974,-1,57,9
1229,028a3f3a237e469cb099f6d9c8e7f2f4,48.187484964728355,31119,-1,40,6
1230,d20b00f4db5f46d081ce884d84f39d3e,50.38079433143139,31462,-1,40,6
1231,0a66d3360b3e46228e210dd6a651ded2,48.21303300559521,31273,-1,41,6
1232,d8230413dcd947d8bb19287931a618d7,49.2542777210474,31310,-1,43,6
1233,5791344561914f83bd244e26e95b4a2a,47.29153215885162,31409,-1,43,6
1234,6e80e8ce36464a0d8002e1924f3391cb,52.336374297738075,31451,-1,43,6
1235,d22de14af8cc4007994efda8354c939b,77.452152967453,31029,-1,43,6
1236,e30706e0581348c2b5b76deed01672ec,56.34668096899986,31378,-1,43,6
1237,4213954afbbf49db872817069f73ae7e,49.3240300565958,31377,-1,44,6
1238,70fce5a2055144d093d21875e8da0b7e,78.89842428267002,30988,-1,44,6
1239,529080134759454a8176daca17b87a15,104.23003137111664,31324,-1,45,7
1240,30ad11916547467183371af9e1faf298,52.69058234989643,31243,-1,45,7
1241,f965ad5d2ee94318b2dd1ac927a37856,47.484107315540314,31414,-1,45,7
1242,fbbad6309f1543f78634e49c50dfb779,48.373254016041756,31455,-1,45,7
1243,d09b065aa1c74e31b0742ec36052f9c9,129.17106226086617,31485,-1,45,7
1244,b32fbd9e38c74aaf9ca5e733d359281c,47.81466908752918,31503,-1,46,7
1245,5f88b9a41f264ebbac7976bf4c796d21,48.56487549841404,31420,-1,46,7
1246,bdcb762d6df842358056925b1143e961,78.8680650293827,31149,-1,46,7
1247,41a751b9f46a4fcd8529557c46cd919e,50.455836579203606,31677,-1,46,7
1248,de52afcc66d9450da5f07b10977e0493,47.54631221294403,31484,-1,45,6
1249,7586016dd8d4458aba6f7a88b3ab21b4,61.60876341164112,31566,-1,45,6
1250,1a9894a106fe444c9f35126426563d43,47.17222787439823,31589,-1,45,6
1251,fbc2727b0f35414f88d956bc63345af0,76.22903771698475,31568,-1,47,7
1252,9fbc6ac2c75c479cbc125a7a50bbaf64,102.32143849134445,31458,-1,47,7
1253,79a822a6858f451ebde3a7595252f22e,92.32186898589134,31552,-1,47,7
1254,9cae01630a3c475080fedef5d59297be,65.90492092072964,31492,-1,47,7
1255,6be3fbcf5c224508adb27b4b703b6625,84.01423878967762,31354,-1,48,7
1256,1c5d68d702df41fab44824a6b8e360c9,54.34519611299038,31209,-1,48,7
1257,72120150a5014fa6837585f0c4429110,47.15440422296524,31318,-1,48,7
1258,94b913a2bb1e4f18bc10509f644d539e,46.89738713204861,31122,-1,48,7
1259,aa126aada7ec4a46b23162e57a7a023f,48.73277246952057,31324,-1,46,6
1260,5ff472758749447ca27827543e5d50dd,61.69905327260494,31249,-1,45,6
1261,80a992a086714b53b833720d775931c1,47.58577421307564,31262,-1,44,6
1262,149f03b275944abc95aa59709a726bff,46.717118471860886,31335,-1,44,6
1263,4404961302234ce8ad5fddbd17fbcc04,89.78299610316753,31313,-1,44,6
1264,7613f642104247d4a792553d4f2cdfee,84.0227548032999,31350,-1,44,6
1265,9e9808fe898648e1b0bbf09b1a30f0d4,51.89192295074463,31384,-1,43,6
1266,7aca59dc11fb484da90cbabc1eea0be5,49.79674890637398,31452,-1,43,6
1267,94e396a143d64345a09f671443f942bc,106.67938366532326,31295,-1,43,6
1268,3e743a8cf0394f33b45a4c15149d014b,86.71105653047562,31396,-1,42,5
1269,d5324133e1d241658a7b763831b3af2e,48.051707446575165,30179,-1,43,2
1270,0f5cbb909e9544dd861dc2ff63ac4d13,66.98939763009548,30237,-1,46,3
1271,da74550a10a8408299d7e6b1735963ae,108.93878154456615,29949,-1,47,3
1272,cf86af90b622499b8214df0024a6ea29,54.747384041547775,29853,-1,48,3
1273,901cfd30cb2a4fdba55095f9ec0fed34,77.95364037156105,29775,-1,48,3
1274,5c9d217c4af14c608c7b5f9469dd488b,58.025019243359566,29971,-1,48,3
1275,ae3d3b5cb4424e7ab501a5d6f0a4980a,49.31979067623615,29782,-1,49,4
1276,a7795dcadad44c1c85fa27eef18366f6,49.06397871673107,30170,-1,50,5
1277,cffb959327ac42ad866a5f8829e18187,47.29911684989929,30338,-1,50,5
1278,7693424bd4b04229b08c578b256a7de4,64.78399410843849,30958,-1,51,6
1279,48ea4572f95c47a083efa79997c4a506,47.14645817875862,30734,-1,52,6
1280,604a8ce58d0b4f94a93db370813edf94,47.809211537241936,31044,-1,51,6
1281,160fa0f8e77b41409a98341093a7cace,56.14238791167736,31239,-1,56,7
1282,09e58f5b8acb45a9a9c8c186895efa59,81.7874651402235,31621,-1,56,7
1283,47fce09b77e44bb1810cedd61628ab1f,66.07566401362419,31656,-1,61,9
1284,eaad6827a3c44cdab111ea7d912c9947,47.90452681481838,31757,-1,70,13
1285,88a6b5e35eb44deba6b1065d74b0a3c4,76.108667999506,31943,-1,76,16
1286,8ae5818912bf4a8db24b1690d83034ac,47.26771451532841,31946,-1,83,16
1287,023a58306058440988b0ca496bdf9c2e,89.525131508708,31931,-1,82,16
1288,9ce5d3ae2cce4a0aaea1626e752f65d9,63.67137469351292,31961,-1,84,18
1289,59a27b7fc76541ea92d79f7d4c62a2ec,64.24235180020332,31965,-1,88,18
1290,c0efe2319882495b9d13add1d352bee4,100.16234405338764,31965,-1,88,18
1291,72fe05b8fd804c7eb2edba7554f1f796,59.358175843954086,31984,-1,87,19
1292,dce33c96ffdb4802a69f6d7d530a4f09,49.05169457197189,31946,-1,94,23
1293,b2fecdf10a404d94a049c91f20eaddf3,107.8367754817009,31935,-1,95,23
1294,dac52a02f54c4677b0a6b4a28e2c56a1,63.563022762537,31920,-1,91,23
1295,fd612e8660e74196af7da7e6487e5d53,50.53657665848732,31919,-1,92,23
1296,22189c1013dc4263b23764258e8f0c21,48.0132345110178,31959,-1,88,23
1297,22ce804db92749a1aee3a08ffbecfbbd,48.571547493338585,31924,-1,80,23
1298,2cdbffa384a5478babff79039cac4e75,48.4307836741209,31890,-1,75,23
1299,e2c7c91b4ea2462090d866539ff6b9e5,95.35231441259384,31734,-1,67,21
1300,aee1e33b4ca74ae4a761fa072f92b577,76.20593160390854,31809,-1,62,20
1301,717c45682e15432f9862e47775b9b80f,102.98493877053261,31604,-1,53,17
1302,2e743b1fb9a34383b88bec3e7792ad2a,48.29792305827141,31801,-1,50,15
1303,05e8bcefb9e442ceb0c8d16b745974e0,46.04949988424778,31635,-1,47,15
1304,b43de5e578944891bf9433166bd974c2,60.908202081918716,31782,-1,41,14
1305,0ba00e2623814934b1b00ec2b461a125,90.85710532963276,31811,-1,38,13
1306,2ce065a0fa9e4e4da888abc18fa100c8,92.19952672719955,31476,-1,32,10
1307,67b146ff35ba4f84b3e6276a8e8ff65a,86.64986304938793,30778,-1,28,8
1308,21971c1ec4644d608f8c08bbfd4059f7,47.082118690013885,30369,-1,24,6
1309,806011e8a7114eca971fd0f6b95bcd4b,48.40368032455444,31957,-1,36,22
1310,dd0789b8c39340289a053eea9e3b16d7,46.71401344239712,31821,-1,37,23
1311,e14dc295bf8f4cca8bbea7fa0068b6ef,46.63836024701595,31734,-1,37,23
1312,bdc86a9c8b2742039a4d07b1074e2ae4,49.54792186617851,31607,-1,37,23
1313,ded4f73ce5494ba89d258c0217bc50ca,98.28201681375504,31971,-1,38,24
1314,bf5592d0c9e54957a9a3c627013ae32d,50.014553591609,31988,-1,41,26
1315,a687809bdfff490198d3b39bfc4bd42b,47.87901975214481,31974,-1,41,26
1316,5d0fc4d327d2439db96cd66818e1862f,60.24518795311451,31987,-1,43,27
1317,47a1ea38aee04afcb5651a090a9c88fe,50.241950899362564,31972,-1,43,27
1318,d5d6c0c464bc490cb251a7f1d41c6665,58.194730430841446,31853,-1,45,30
1319,b923744651764ed194ddf7526b9b2cf6,60.36712042987347,31877,-1,45,30
1320,62fb6b14e6a2451f96ef753672d3a381,85.44547110795975,31963,-1,46,31
1321,888dd9afb9bc43e2bfbc5e92835a2b26,81.65456727147102,31975,-1,46,31
1322,95024749968b4c5db7c4830da4d2d475,48.37276227772236,31920,-1,46,32
1323,7f11a83e09d4433a8b2049c739c284a7,79.78294230997562,31778,-1,44,30
1324,32dbf4593eee4f7384dcf576b2344059,82.36367255449295,31682,-1,44,31
1325,6ce8c5bbf572476d84ade686fd21a09d,51.70092731714249,31608,-1,44,31
1326,53e9e509e9e94f799620e2d554356c4d,47.82430827617645,31770,-1,40,28
1327,1e9f7d6d4f394cbcab3dc1d83ab86536,70.45848481357098,31957,-1,40,28
1328,1c79e219a67b4dfcb42b0628d6c76eb0,79.74332757294178,31709,-1,37,24
1329,2eb164aac518499f86fb04de8f9e52f2,79.79981414973736,31670,-1,38,26
1330,a0cf9d95c8af48b9aa1aaedc52d1b41c,70.17223536968231,31354,-1,41,30
1331,be3fb86ba1a846719241b051d3ec4385,80.79467341303825,31151,-1,42,31
1332,d43144192b63485894f7ef174cdbecac,83.27186852693558,31269,-1,42,31
1333,cb8f79c86c884d07a82d6cb7fbeaf75c,47.26472124457359,31356,-1,44,33
1334,f41862469f33424eb660258e9392c4f4,47.43351973593235,31873,-1,45,36
1335,c0a6034c27fe43488476d9a15140e398,46.73982039093971,31917,-1,45,38
1336,9bbe4968739d429b9e6a05b60690c67e,47.04934544861317,31973,-1,54,47
1337,0e27960b86db475e9dcf750295deb1b7,96.18722274899483,31979,-1,52,45
1338,3c7b830b41274d04a8ecf415cc802c43,46.6960072517395,31972,-1,48,41
1339,8b06ab55378f4342b38c3b25b115e38e,58.72665345668793,31961,-1,44,38
1340,b13f8b7a3b5d40f197d11b1f68100015,48.795800656080246,31960,-1,42,35
1341,ce77d3d2915543dc8b8b2408d407f7b5,47.44509235024452,31949,-1,34,31
1342,6531528030c2484abde7201ff31c05c6,49.41544309258461,31963,-1,32,29
1343,e26feac8d43d4eed9a11e739b0d4264b,80.45415207743645,31969,-1,28,24
1344,9a95f1a1e26843fa91963c1131b3c53c,74.48743656277657,31943,-1,22,19
1345,6f56f5d8c2f84038a5086ec52f5027a1,104.79554906487465,31914,-1,20,17
1346,4b9f0142681249f9896800b278a1fd0d,87.74194493889809,31891,-1,18,15
1347,2a1c825acff04f808c6451e9e28b2d17,46.828990802168846,31862,-1,16,14
1348,7844c7bf21ce4114a8ef64b3a46a579b,47.53882996737957,31816,-1,15,13
1349,3e8750f331d7499e9b5123e9eb70f2e2,46.710483729839325,31768,-1,23,19
1350,3950bd41f74548429c0f7700ff3d8269,75.21843165159225,31990,-1,30,23
1351,c5f58c19249d4137ae063b0e9ecd8b8e,80.94270154833794,31990,-1,33,24
1352,700c1a25559b4433be532de3475e58a9,47.537535429000854,31997,-1,38,27
1353,747aa46b9a4641fe90db05d97db2acea,66.85850210487843,32000,-1,39,26
1354,f4f86af4da3b49e79497deda5c5f223a,49.27482455968857,32000,-1,44,31
1355,6832e717621341568c759151b5974512,74.31397214531898,31996,-1,45,32
1356,c59e60042a8643e899008da2e446acca,61.242010444402695,31967,-1,50,33
1357,fa65a298c01f44e7a182bbf9e5fe3697,47.406088560819626,31998,-1,49,33
1358,a98fba72bde9433fb882032d18aedb2e,48.551227897405624,31988,-1,49,32
1359,b6b0d9f2f2e14a3aaa2c8aedeb1edb69,47.50377498567104,31959,-1,48,31
1360,796b1988dd254f74bf2fb19ba9c5b8c6,71.49025984108448,31985,-1,44,27
1361,0d0700a2284e477db876c3ee1d864668,70.11456787586212,31998,-1,45,27
1362,de7593d76648450e947ba0c203dee1b0,48.82178083062172,31999,-1,48,27
1363,f753d3f87e5b40af87ff2cbf7c8e7082,48.97516779601574,31979,-1,49,27
1364,b22fa0b3c34f47b6a360b60f35d5d567,49.394140020012856,31979,-1,50,28
1365,0a0d6b8c2e884134a3b48df43d54c36a,55.874086916446686,31974,-1,49,27
1366,8e9c2cba0ee74056aa3746e8391d54a9,48.46047796308994,31939,-1,54,26
1367,fdc39b23ab4242eda6ec5e1e6574fe33,95.90280428528786,31958,-1,55,26
1368,9ee4020153674b9e9943d395ff8cfdf3,49.102216958999634,31892,-1,57,26
1369,5b03af7a953245b5a3b23191ed4da62a,75.01229085028172,31928,-1,61,27
1370,d0ecf474e0e64950aa265cd44b9c9d75,56.52718432247639,31867,-1,62,28
1371,456ec36cb4a44ca78f36fbd90c0c34fa,140.18595963716507,31887,-1,63,27
1372,6bfd42cf0aba4f1a94ec11fa43e2dd92,50.397224724292755,31889,-1,63,27
1373,0af0feb5b1394b928dd13d648de898f5,49.457088112831116,31930,-1,64,27
1374,61d9340c5ad8418dafe7a4af1b96e6b9,70.64701244235039,31945,-1,65,27
1375,9e7683e8586542a1b6032980c45f15ce,47.400807961821556,31977,-1,65,26
1376,cc57c1ea80fe46a7abddfdb15654c872,66.66931323707104,31982,-1,63,25
1377,4cf5d6c3f6ab42aab23f67b5a9782d1a,66.51908904314041,31972,-1,64,25
1378,6d9984d09d52479e837da2fd09e192cc,58.543696999549866,31995,-1,63,24
1379,38a28a3aaf2647f2a8c0e90e31267bf8,49.1824597120285,31997,-1,64,24
1380,6402fd1ffaf041d0b9162bd92a7ba0a2,74.02484491467476,31997,-1,64,23
1381,ce94ef7a0522468e81c0e2b3a2f1e12d,70.54740190505981,31986,-1,56,19
1382,9fcdc52b791045e99c623c5fc643331f,48.39576780796051,31981,-1,57,18
1383,1c9a906c40f6417bbe1cea06d6e55501,84.65965837240219,31964,-1,57,18
1384,a771effa2a2648d78096c3e92b95b129,86.92149631679058,31988,-1,58,17
1385,b9ea04a6121d4a8bb00199b885aa5ef0,86.46441251039505,31990,-1,54,15
1386,87e772078a494d42bd34cd16172808bc,48.094067722558975,31957,-1,55,15
1387,f40544fd4f5d42abbcfa948eeaf86850,56.58425949513912,31946,-1,49,13
1388,281b92269fd648d4b52d06ac06ca6d65,49.78791065514088,31978,-1,44,11
1389,f1b7b463072e4630b2c1d5ba8b6cd50b,49.31062273681164,31894,-1,32,10
1390,2b7d769dbb254adba7274534d0b262ec,48.40167984366417,31949,-1,37,13
1391,90162f90eceb4ada9e595bc1adb71b5f,71.41959853470325,31967,-1,38,14
1392,a460d7665ac3476b85f72a3fb7b978dd,71.33225537836552,31993,-1,39,15
1393,17d84afea74b48c3b81ee85db30b0208,79.64656502008438,31989,-1,40,16
1394,d597cf6460ff4fafa395a514a4cf1454,98.10312651097775,31973,-1,45,22
1395,08ec4b7fcdb5494c8da174770c1d9245,86.38578653335571,31989,-1,45,22
1396,ba0f5725ccc141f692bcf26d28af5e3b,48.007482662796974,31994,-1,47,24
1397,0f512a2cf5e24a84bb7a13774295ece8,49.16886426508427,31981,-1,47,24
1398,115f9017609d4716a72ab019458777c3,49.56529103219509,31947,-1,47,24
1399,45266b136cf846b0a7d398d2360f9a17,61.82502955198288,31952,-1,50,26
1400,8c394cbb9706486aae5c0edc1d704178,47.81951941549778,31990,-1,49,26
1401,088886ce0f6c461eaae9de7bf3d49c5b,54.381825029850006,31991,-1,50,26
1402,345ffff158a245bc80572dbde4344f28,59.401318430900574,31994,-1,51,28
1403,bfc227cc4c704194980635622f569dda,50.04025064408779,31982,-1,52,30
1404,6252789dfad34bd6a33ba8d40be600d5,56.890107691287994,31989,-1,56,33
1405,49823b270a62468397f3265172dcc6bf,84.61972884833813,31986,-1,56,33
1406,a9ea79ca0927482ab7735941e5927d5c,49.127887934446335,31982,-1,55,33
1407,601d27a0eac84e048dc7596015eb21ea,46.70318216085434,31983,-1,56,33
1408,9d2eedd225094283bb507db7856e60e5,46.70458473265171,31984,-1,50,30
1409,620c129c962d48aa9e1b0b6f46188169,50.30929856002331,31974,-1,51,30
1410,84fd8f6d5b2c406e9ddd1c3b72690917,73.88488948345184,31967,-1,51,30
1411,5376e3a2874542d8b440faa899e52b97,104.0621530264616,31971,-1,54,30
1412,64534e97d83d450ea2481cd290bfa353,81.15234971046448,31982,-1,53,29
1413,4c8a92a8f97844a7977b03a414fcd8a2,47.72642441093922,31985,-1,52,29
1414,b6060b7c1f5c4ab3b69718904ef68701,47.7127768099308,31966,-1,49,28
1415,4f2578e3107f4ad79f88a61b28893916,47.41801880300045,31968,-1,48,27
1416,85f85a515fdb490082530ecff0eb529d,80.12265153229237,31843,-1,46,26
1417,04720abe20094543bec51f2a0e0ff6a1,84.06198769807816,31649,-1,43,23
1418,d58ef648436446b59653b0c805451f1e,58.44574421644211,31946,-1,41,23
1419,c15223452559436a995d74245e0cc39b,49.79370720684528,31924,-1,43,25
1420,9709a4b7190f4e7a8f6edcd05316b811,66.67658686637878,31900,-1,44,24
1421,34875eefe5f943d38f5495664ff53bb0,47.50769957900047,31891,-1,45,24
1422,3d827c0fa2a5480f91c019a5839ad07f,56.13652430474758,31971,-1,43,22
1423,4207bb5acb624c199bee66bf8bc73d0e,63.964299857616425,31980,-1,41,21
1424,e9eb134c214948ba90dd16ac5856244f,49.46082644164562,31976,-1,40,20
1425,f3491dccffc3428aac243872cbfe5072,46.28315940499306,31940,-1,38,19
1426,43ec12dec5924e3391c8d1ae4b7ddf7e,55.37266470491886,31831,-1,36,18
1427,0228b4e5617c49ec8ac0b433fd1c80ba,49.16830733418465,31303,-1,31,15
1428,8d56b71c09c04ece827107b3c103498f,86.33347414433956,31240,-1,41,8
1429,d737436932b14faaab01d8f80d3caf1d,51.014017313718796,31558,-1,54,9
1430,ec718fc75e8148c0afc3aabbcdac9ff5,47.6470161229372,31685,-1,61,10
1431,e59d473a2d8244d49f874c2e139d0362,46.58588021993637,31707,-1,68,11
1432,dc3e689ebb54483d9794ac6164de1646,47.94741980731487,31890,-1,73,11
1433,f644a6fcf700456db690440944fbe3d2,47.22137004137039,31812,-1,80,9
1434,77d0e39819774014a8344a6d482edd2d,54.998429492115974,31734,-1,82,9
1435,135bf33890ba4ca2984a931444923eda,151.75825357437134,31553,-1,82,8
1436,7d89f1b76a494872898db431e958d153,60.06138399243355,31551,-1,87,8
1437,cef8438abb7d46a2b08f0e1787364bca,49.51131157577038,31527,-1,93,8
1438,70189da84ffc4c839decca4e41777135,51.369739696383476,31617,-1,98,8
1439,d0cc76c904c542b39553f012e4791ef0,69.41945292055607,31584,-1,102,6
1440,6a01e06e2d684e48b59aac7eddf08f0f,47.62723669409752,31871,-1,97,5
1441,627e704445a44e158f8bd7566d764de3,47.80472069978714,31894,-1,101,5
1442,113bdf9278314c72b7f8988a67f0dff9,51.88175477087498,31703,-1,100,5
1443,43d141efa6e3497488b3e705abdeba6d,51.22934468090534,31764,-1,103,4
1444,9441883a38584e2da507d89224c1358a,49.45947602391243,31291,-1,98,3
1445,5d773ca713f54023b34cd4718a5ee293,61.539484187960625,31198,-1,96,1
1446,0c223ae827e44e55a13833ca984ca4c3,94.19982321560383,31331,-1,96,1
1447,a0d6bf47e19e4503a03522e9a025792f,88.39940465986729,31365,-1,95,1
1448,49ea7c2d93f3483d91f083cac4964885,81.27840422093868,31416,-1,92,0
1449,6a467240b14745cd8ab11701bd4f08d3,77.61258631944656,31467,-1,91,0
1450,f2cec7af043c47fb9b039cb02d0c0885,64.53585624694824,31432,-1,91,0
1451,881f8db01fc649c5b7a1fda8db95d4b8,104.82843220233917,31570,-1,92,0
1452,9d2797d705214019a87cb95bfbfd8559,48.78264293074608,31691,-1,91,0
1453,c3c95f1b08e14207b2f83f3d992db7c8,49.608465284109116,31611,-1,95,0
1454,392281ad20b845ac94e29000da3c5026,47.98111319541931,31660,-1,95,0
1455,20d02a3110fb47348e175a61ad157875,51.67202092707157,31644,-1,90,0
1456,f388949b408541ccb23bbd460af1b9a7,48.81501942873001,31567,-1,96,0
1457,f144de57463a4699871e7ef0e75dec52,53.146444261074066,31174,-1,97,0
1458,d948e055e4e24a539b84b3880bcfe772,75.01872256398201,31017,-1,95,0
1459,31544f5b29294f42a2d75cf8d0a07857,93.87144260108471,31040,-1,98,0
1460,aa0a917a785d453cb7803ddd67c2fc9b,112.86451853811741,31246,-1,91,0
1461,2ddec9d9e7a94e099b2a8e698b60e82b,62.495507299900055,31062,-1,89,0
1462,9c763119cef842a9b027b3e2ce4b71f1,50.35494454205036,31327,-1,83,0
1463,9901bc499cd84de788240b468a950879,48.327719792723656,31313,-1,83,0
1464,1eecdb7bda554115a6161c16d4fb3782,48.843393102288246,31286,-1,77,0
1465,0490bd92372a4a2d98c7136ba6ebcfce,75.75054094195366,31446,-1,71,0
1466,b38a121a8c4549a69abe0fdeff766bba,47.012435272336006,31486,-1,60,0
1467,04ebf63518914e0883bdffdb0b6c3f4c,76.12381689250469,31203,-1,80,2
1468,99cd0464cb684d94970b3a01f53ece23,83.67271348834038,31652,-1,85,3
1469,22dab782087e453c9281a752f2189c5a,55.76598457992077,31487,-1,90,4
1470,5e10fe792690427ebf26e32eba6281dd,49.38727803528309,31801,-1,94,4
1471,cd6b9c4674704ef6877790b0f0f95118,90.05706198513508,31871,-1,97,5
1472,3865cf60faba423283e6f9057eafbfac,60.63446402549744,31871,-1,103,5
1473,830cac6f99a749d0bf708f8db07e4808,72.79128953814507,31877,-1,103,7
1474,ff5533eda7bd4589882a70f15d3c0e0a,69.39063966274261,31795,-1,108,8
1475,06db60bb02bb407bae46b9279c300141,48.13098907470703,31761,-1,106,8
1476,a7ef3c78cb2c44a99d7286763815dc2a,60.94108521938324,31687,-1,105,8
1477,01bbf47bcb1c44ab8ae4fedd8a0e0520,86.57776564359665,31618,-1,103,8
1478,66317c99b4524905bfb5cd70dac8932a,75.94890519976616,31777,-1,101,8
1479,ab806497110f4c1a98c1afade677a8ea,96.94789722561836,31723,-1,92,8
1480,ae239c877672435abcdd6b538ab68b37,72.48523272573948,31625,-1,91,8
1481,53f457e6ff1c4a3eba3839fe03284d86,49.16336573660374,31539,-1,96,8
1482,277ab77dca7f48eb818a8964db956b23,72.19567336142063,31269,-1,95,8
1483,ea8c4861b69d47fb97c204ae450369ce,75.81011578440666,31405,-1,92,9
1484,2407ae77aea14b3390082b2eef09b1ad,81.25967904925346,31524,-1,76,8
1485,51acaadfd72a45e18cdcfaa04398c477,79.22175340354443,31855,-1,73,7
1486,ec97abd93d564699a1da061a0c4c707a,85.67778766155243,31765,-1,73,8
1487,42bcae21690d4c27b3a0250c65d4dfbf,78.88009957969189,31871,-1,73,8
1488,701105242dac4e1ab8716b6f85896a9a,75.02611540257931,31921,-1,74,8
1489,94d3fc9d266743588dca2efc73d9fbce,54.19451929628849,31914,-1,69,6
1490,5a88a123c7674dd3a6d800e80b1598b2,67.57414154708385,31808,-1,62,6
1491,16a1238aae1e4ed68ed53ab18eb862ea,66.59760884940624,31926,-1,55,3
1492,6f6010108c3541bca021e4b8f6c68caf,62.50359117984772,31945,-1,54,3
1493,7dcd4a2e50d442d0b400ff82a96af263,48.0644516646862,31924,-1,55,3
1494,7cfef11e34da4f469f0c17178908379d,86.58406138420105,31886,-1,53,3
1495,8255767d23a3456d861591793f5df935,49.21545460820198,31869,-1,52,3
1496,16333de9bc924f1b9f893c6285077c6c,48.17443899810314,31854,-1,53,3
1497,a8cef1a65463495c89787bda79bd0e8e,60.180747881531715,31829,-1,55,3
1498,fd1751275e654f459c2f633b1212bd41,66.91405549645424,31808,-1,56,5
1499,b9b1530598a34cac9cde45d3cc6a5429,49.795908853411674,31890,-1,56,5
1500,b988f7f03263462d94d39a722dc820ca,50.749028101563454,31852,-1,56,5
1501,77a603db4aa247329c0a1aae2a46d18f,47.586049884557724,31872,-1,57,5
1502,e333147a745b4edb91c01a0c06309f9f,48.83652739226818,31914,-1,57,5
1503,e884c9e0f2414843a89451f7ce015f49,112.55485378205776,31840,-1,55,5
1504,6b34f819cc564c1783f63d88ccf60e07,54.99451979994774,31853,-1,55,4
1505,f510104ab7344de79f2daad23e3b6af1,47.34167642891407,31826,-1,54,4
1506,b4ee26d84a884b6fb2b47dd16f612a66,76.42564550042152,31886,-1,52,3
1507,ad8905836f364a87a7233eb0aef915ea,69.40435618162155,31631,-1,57,6
1508,7981b28d102547d09ceb7469faeda088,47.740381211042404,31730,-1,56,6
1509,5ab01f7610a24878894087740852f716,68.63484159111977,31862,-1,56,6
1510,82605117b0e642168d96e48f5d5e3147,80.1026951521635,31819,-1,56,6
1511,4d4ba963c97e44678faa54ba4895a066,76.98178850114346,31833,-1,52,6
1512,9a8659f4a28e4afe943fc93b2148437d,48.37628826498985,31806,-1,52,8
1513,ca7db2bbb0c0413e80a942a0e3ff3773,48.50023612380028,31795,-1,53,8
1514,49f1b7a6ca754bcba3cebd40105d804d,52.03082598745823,31827,-1,52,8
1515,6a1602032a0449e9a15300faafe36c47,49.00158755481243,31832,-1,51,9
1516,9c9f22a58fdc45f2b8a119cda3554f1f,84.8214440047741,31788,-1,53,9
1517,05e312eae68c454c86cea669ee26ced1,76.97157748043537,31878,-1,52,9
1518,84c24cd1d7914f72bb2fa17a6c5c41e5,76.46295800805092,31879,-1,51,9
1519,4ca5fbe7d222477da81019f6f1bbc004,74.48268122971058,31934,-1,50,9
1520,e8bdfe0cd07e443983dd9574a28ff052,65.85094891488552,31936,-1,50,9
1521,f06ba08d5dab4f7bb4523d369a769fc2,47.31794446706772,31921,-1,49,9
1522,3212edb0603244e89934a93c5cbc1bd3,49.70022663474083,31933,-1,49,9
1523,9fd3b3fb914d42c9a41ae1cfdb712c10,70.95371931791306,31947,-1,47,8
1524,88c395f034714bac91e39650b6c8476b,93.10540370643139,31935,-1,45,7
1525,ed4ab567cccb41848a4800223d46a71e,52.33318731188774,31959,-1,41,7
1526,95be92f4ae2f41cbb460e84b2665ad9f,47.72763513028622,31962,-1,35,5
1527,9578a444b9294e68bc29d1380abbff49,46.918220818042755,31973,-1,34,4
1528,2000b45e38be453386b6b65c7f310810,73.71698506176472,31982,-1,34,2
1529,2d4012e701194ca6a79709cfbfb6bb93,69.44895908236504,31316,-1,31,2
1530,d2304980faca4c3eae8ec846962d9cac,63.491107895970345,31972,-1,26,0
1531,3fa862e6d584466ab55bc7f9756294c4,99.45397637784481,31979,-1,25,1
1532,0edf95e4da554301b3f8103eb85961ab,70.536894723773,31982,-1,20,1
1533,a6d48d66de814c4cae095613b5ebfe0f,47.43813909590244,31964,-1,21,1
1534,bb228f1f38484616b591ec833f9a2e76,48.99546690285206,31987,-1,19,1
1535,90a76bbbe58d4c76beed59cc12dc378b,63.82260099053383,31958,-1,20,2
1536,efd5303be8db46169c61670a5f16af2e,78.28571647405624,31994,-1,21,2
1537,8f0808f02e6f4e30915c719e16fcc8b6,85.39853058755398,31911,-1,23,2
1538,c801d6facd9448ff8f82e4099afff661,48.515232279896736,31973,-1,24,2
1539,6bdd8aca8e1142eca705815657551092,49.3602491915226,31937,-1,25,2
1540,5d6dc0be4bc645b396e714c7ba65e48a,50.40529742836952,31936,-1,24,2
1541,adaf88dea3a543999a80c876f3d2cd11,48.199908807873726,31937,-1,23,1
1542,f1d0227607bb44878de81446034d7072,59.26121398806572,31930,-1,22,1
1543,51eebb8043b844fa91ab2a70361882fc,75.1108955591917,31934,-1,25,1
1544,d21cfbfa6fd64323a6880d66a4452020,80.58964647352695,31943,-1,24,1
1545,353045dd55ba445ca3a6dffb746f306e,80.89673332870007,31933,-1,26,1
1546,1ed7231fca1748c3b697f29af4d9bc76,49.96843263506889,31959,-1,30,1
1547,339ead96177c4e338fde8235c188cfaa,49.32931810617447,31820,-1,46,8
1548,e3f82cd4e586448c98105270a72938a1,47.719500958919525,31832,-1,46,10
1549,ed00e1196ea74e0795313afc75d39dcf,77.4670522660017,31908,-1,48,10
1550,f5b3786fe6734f288e15a434c6dafbc9,71.7274397611618,31688,-1,47,11
1551,3203d9abb16544eaa3633b5235026e5b,72.07380421459675,31686,-1,49,13
1552,ac36a8528a9d419a898b46731b638978,47.35936224460602,31829,-1,51,14
1553,72c604b557dc4a22843df9083359d696,78.79533991217613,31870,-1,52,14
1554,a3038b1605344cad9343f34733768319,62.16917000710964,31903,-1,52,14
1555,220d9d5837dc4b4797c5e9ddfd34fa2f,60.97243167459965,31912,-1,58,16
1556,d96d796d308546eda47d7e3c50c11b8b,74.01946745812893,31784,-1,59,17
1557,b6e313eb6953481594bae8fb1be7751f,81.18301630020142,31808,-1,58,17
1558,3c61eda50f694585bac0614e4660eca1,70.83041779696941,31839,-1,58,17
1559,56918c22ccc740f48eb2112ccde344c7,47.54135198891163,31897,-1,59,17
1560,04cf60d1c1864314a88648fb0959a142,48.232730478048325,31945,-1,57,16
1561,151d7b90415e45768947c3ddfbcd400f,46.73529230058193,31975,-1,57,16
1562,fcc71bcf364f4ec788608ed7d2d59467,50.28979107737541,31976,-1,58,17
1563,4aa6b088a8ed4f2ebc26e7026d441d34,47.6858988404274,31955,-1,57,16
1564,e9dee57addc44ab391d5f9f0f9d64488,83.40954594314098,31961,-1,58,17
1565,4c0d754392d242679064511cd77f8ad3,74.98331181704998,31917,-1,58,17
1566,be8d80abd39640f3855c62885d2130ff,56.77371844649315,31865,-1,58,17
1567,22dcaf42d89647e4886652573c2f70a0,47.935256734490395,31763,-1,58,17
1568,ccd733959138440885578f1afeaaa4a7,47.53103479743004,31948,-1,57,16
1569,1a9c83c482c84c9e874e21aab1820190,58.00327844917774,31886,-1,58,16
1570,9ae2f0e4335246f9a1ac3e274d363a6b,47.52521403133869,31914,-1,59,16
1571,d504f7d211994a1caca2a752c303596a,48.21373336017132,31876,-1,62,16
1572,049dbeaf7e564c0d9fde9c76f0e038b2,64.60669077932835,31870,-1,60,17
1573,2ae3fe8215f948d1b61900c805c91ede,84.02883633971214,31872,-1,62,17
1574,ea76cd58df7c456fa7ac6d782c7cfbd0,66.52950868010521,31950,-1,64,17
1575,9e24321bb09543faabbf39ce2648d13a,47.72321693599224,31867,-1,62,16
1576,36cc659c3aba45e8a1128c22bc0f91ff,70.51588408648968,31958,-1,58,14
1577,a42f9468a2d54dd786875764ec2d3496,88.75141851603985,31983,-1,55,14
1578,3b63e8f8098e4e049dcff5532a349c18,48.31034690141678,31984,-1,50,12
1579,0141260a339d4b37addb55818bbae718,101.80255025625229,31957,-1,48,10
1580,c89c96c3b3234df3a0dd098d7f24f518,59.55391377210617,31907,-1,46,8
1581,0e62201c3a3d4da289925f1c2b0fb94f,48.13332110643387,31697,-1,40,5
1582,e3abe5d16fc64de797f8dfdc468a8cfa,47.35150560736656,31621,-1,39,4
1583,a295a63b9748438399bde0551aea5da9,74.45444539189339,31545,-1,39,4
1584,efb40ffbe4114a2d92a1b4f3e44affda,84.83504503965378,31845,-1,39,4
1585,8d2cb1af003e4f009f779d79cfbe27b2,66.2947166711092,31909,-1,34,3
1586,4d0d06979c984a72bfb9e6c5e3a35f84,105.1056832075119,31015,-1,38,5
1587,2f66ecc47ea444a382fe2fdd0b72bfbe,48.848751932382584,31248,-1,40,6
1588,4b5202b4625f48799812af5d212e68a4,84.37470905482769,31865,-1,39,7
1589,337b3416809642ddae453ed60595cf5b,75.89687779545784,31959,-1,40,7
1590,b38d8cf878e54d3a8f025af620fa2f97,48.1996163725853,31937,-1,40,8
1591,d71c3cf6e5184dab8100dd12a7205d43,64.1434770077467,31932,-1,37,7
1592,e3831bdcf3024b5eb47f2684694f8504,47.49597795307636,31927,-1,37,7
1593,fad35ef9ea5445cea6b6488e5435b9a7,47.32512682676315,31933,-1,39,7
1594,dc01868069094fb68ff4b7b5f38f37ac,47.983407974243164,31861,-1,36,6
1595,1183d8d6cbc84ad4b5a6d1e7a88e1bef,93.85530278086662,31889,-1,36,6
1596,03f6a362b0774343b475ec45be465a87,72.93885573744774,31868,-1,37,7
1597,fe6cb26795a641bb96d5fada8f535b1c,49.181507900357246,31869,-1,41,8
1598,aa7788b50c4f4147a029b32bb407e87c,76.34302228689194,31797,-1,38,7
1599,318d1d9419e74d52a15f07e9fd14f4ba,47.19433933496475,31493,-1,38,7
1600,3ed3c3b3ff7b447a8395949963fddca7,47.748735174536705,31503,-1,38,7
1601,58472a3476754fb5ab1f0e0a9d9e5408,46.980876475572586,31276,-1,38,7
1602,ddec5b390999402ebe6b59d8119543bb,69.53504122793674,31413,-1,46,8
1603,4723346fc05c40478a04e6331dc5bd58,49.610067158937454,31683,-1,45,6
1604,b125762977ad472daebf8a989f653b49,48.2651200145483,31970,-1,48,7
1605,ecc7ca4626144d729a463f92d9379ff4,61.58643960952759,31825,-1,55,7
1606,494438a3d3b346999f23e5dbc1f201bb,98.4435398131609,31963,-1,59,6
1607,cb41477fed2340119045080e131e971f,90.25447629392147,31857,-1,60,5
1608,c42868f6a88b4f0db5e64d3b206977df,49.49790798127651,31862,-1,62,4
1609,3065a32165974e269345cf9d08578cce,62.88597360253334,31935,-1,65,4
1610,e47ae59682f540af83fc19cf625899c0,86.5259300917387,31863,-1,68,4
1611,3b5b12f948e64b729a1041ad4016f194,67.95714236795902,31969,-1,71,4
1612,5a9cb38d50ba4282b6f26249a06ed700,49.48737844824791,31950,-1,69,5
1613,02fa71fc16d449c382c24b1b7deef3ba,64.80403430759907,31988,-1,69,5
1614,f4ee84975f4448c49532330e9efd9749,60.88802218437195,31997,-1,66,6
1615,2e137fee62e241aca2966876af1e201f,69.66334581375122,31950,-1,64,6
1616,8855fe65f4964e3e857cc84222b54d66,49.39347691833973,31958,-1,63,8
1617,49c0071f7edc432b891c53d6c5d4bdae,48.67573454976082,31814,-1,65,9
1618,9f4eea927ef549e19872cf4afd8990f5,48.40581491589546,31793,-1,66,10
1619,d5fc40696a104448993f0ac24c29032d,75.29982179403305,31932,-1,63,10
1620,f41444b8ff1f4d3898f1cbbd6bddd99f,48.917150124907494,31896,-1,54,10
1621,92eb4f29f5c7465fa7331dd289f09db9,47.58793115615845,31930,-1,51,10
1622,6fa14caf18644b2ea65bbf35502ef860,63.25550191104412,31708,-1,52,11
1623,c203f9ea49814408adc70881944e6d1e,93.02059561014175,31893,-1,46,10
1624,4e4cc533a39b48b49e9535e95f3b7167,47.007134184241295,31977,-1,41,9
1625,daf998de0f354de4850f63d06a79d2b5,79.71543446183205,31972,-1,40,9
1626,80c91574d0174206a74435200aba8ba8,77.729607000947,31816,-1,22,3
1627,69d6788855054c9c98a508fc3afd4515,71.3022779673338,31965,-1,27,5
1628,000868a72138448191b4092f75ed7776,50.415415316820145,31607,-1,26,5
1629,783ff0de60574dbcb9ba4773fcbb10e2,84.17602255940437,32000,-1,25,5
1630,ae99f920a69243f48718491110582d6e,47.344231978058815,31986,-1,27,6
1631,76c845595338445bb73dcdb37eaa04e4,47.83281311392784,31922,-1,27,6
1632,4e50f9842b0745b7a969d46d1ef61143,72.62005656957626,31981,-1,27,6
1633,946040cd49c64a8f9e58d32175b9936f,48.78916032612324,30871,-1,35,6
1634,25a862fb3f4b4193a4f64d5051eebc19,61.469292268157005,31024,-1,40,6
1635,29264103ba0544269fb5fa858b13c967,50.02451874315739,31881,-1,40,6
1636,d15bdc1730e54d4aa57f24f160279c4c,81.79015293717384,31967,-1,42,6
1637,d968a5eaaae446f6848302351550dd71,92.17887744307518,31989,-1,47,7
1638,eda44beb548b46c9b5fcda5794cab0ab,98.08745980262756,31998,-1,45,6
1639,14211c38e68d4943869764ff48b6c735,47.29864560067654,31997,-1,47,6
1640,48d75ea2edd5402fadd17321c07af99e,47.76192642748356,31950,-1,43,6
1641,f809c8838a2f44a58dd0ffc76329e430,74.89858567714691,31985,-1,38,6
1642,210e97b9404e433abf8cd271278b9f38,48.42240363359451,31976,-1,35,6
1643,65cda5e5171247e9a7a18afc9a8447d5,90.75595252215862,31966,-1,34,6
1644,70ad915cfc344423b3a48003cc7fa223,50.09305104613304,31937,-1,27,5
1645,77673232b11a4e85acc28a1a5bb1c289,68.03036481142044,31977,-1,25,5
1646,5697c1f2afd9450c965500e989819d69,54.37558330595493,31986,-1,25,5
1647,7a4691919fd44e7e9695cd367bcad6cb,50.28474144637585,31995,-1,22,5
1648,befb06465a7f4b0793dcaa467854a6dc,74.27796348929405,31988,-1,21,5
1649,55318b9eaf1c4633aff259d87b1bd334,81.7901510745287,31965,-1,24,5
1650,9f184af29f1a48cfb0f33ed7788925be,70.20443677902222,31985,-1,27,5
1651,0ebd7d84007c47c6ba92625f93f0f3c1,84.4778548926115,31993,-1,27,3
1652,82505189b90a43dab7a3f77131cfea67,48.759665340185165,31985,-1,28,3
1653,47ef14127cae442f804d140ab0d33246,81.70550130307674,31991,-1,28,2
1654,3511eec3e52940aaaa964b145ed5dbc7,50.031645223498344,31958,-1,30,2
1655,e0a1a4a516cc4802aef8f376903d812c,82.80204236507416,31961,-1,30,2
1656,d9e2096706904142955c3e37878356b7,88.86712789535522,31975,-1,31,2
1657,7f7fc8127993448a873bf72886a77a37,62.47718073427677,31993,-1,32,2
1658,d6c233c225ac4292ad903829c6acc3a2,73.47921654582024,31997,-1,32,2
1659,355be35606a1455e83b171ce89822e54,78.9542868733406,31999,-1,32,2
1660,cbfdfa1a34184ff895e94ae3ec7928bd,53.860658779740334,31983,-1,31,2
1661,f5402402488241e18b6485fc79d02722,49.440618604421616,31998,-1,33,2
1662,dc75bab3f7164bfeb399c768fde0f620,47.06362076103687,31996,-1,30,2
1663,1e8243d75efb4224b030c1b62d5d4ff1,46.71332240104675,31996,-1,28,2
1664,bd08b6c8ca814798bc6e62220b14ab0c,80.53378947079182,31989,-1,25,1
1665,741bbef66bca4f969a3d114ea0236f54,85.85252799093723,31986,-1,19,1
1666,fd8420396768425eabec9bdddf7e64b6,49.02280867099762,31951,-1,37,9
1667,6eb8a3ff0abf4f3a9380a48f2a0b87ef,47.48719185590744,31969,-1,38,10
1668,b10f0cd792b64d16a1a5e8349b20504c,65.53230807185173,31976,-1,40,11
1669,163b70e627854893b88575caf85a56ea,54.1711263358593,31967,-1,41,11
1670,f56a544064a548a39a81f18cc8f633c5,86.05204336345196,31969,-1,42,11
1671,f286cdaef36648cba3b6a24d2178dc8a,66.32776744663715,31953,-1,42,11
1672,877f55a6d8324fefb5e0f5e0bac3d7c1,47.152286395430565,31926,-1,42,11
1673,49f8376cd6b34f07b20ed6d5b5b42acd,46.97265103459358,31977,-1,44,11
1674,cc50000970584ba5aaf14760b1ced696,71.54056802392006,31973,-1,43,10
1675,21b99febc5c14f7385e787fe81e96670,50.04839599132538,31969,-1,44,10
1676,cd908fdce67249f3a8a14b987f00592e,84.26173590123653,31895,-1,45,10
1677,6b9af38cbf654171870cb14b4ae89fd6,69.5473849773407,31876,-1,46,10
1678,a0edf6edd121431785948038c54e036e,48.11346344649792,31877,-1,46,10
1679,9281ea172d9e43528e65fca81e2006d4,93.64491514861584,31829,-1,46,10
1680,6180726fc8744ea2b129ebaad6f79cee,50.19437149167061,31832,-1,45,10
1681,1ac0914c98b8488cb3521efeba354496,88.62767554819584,31733,-1,46,12
1682,2f5de0aeca704127925cf8490ff5a21d,98.36063534021378,31658,-1,46,12
1683,e4df3ac5874d49b7a3553035cd735902,47.72958904504776,31824,-1,46,12
1684,dc878ebb5b1e43eb9442d9361854613e,51.00206471979618,31898,-1,46,12
1685,e617edf72860495abd928aaf57dfa5fa,48.98677207529545,31903,-1,47,13
1686,7c0aa537b98344bea85226ba8148ae98,47.40753024816513,31897,-1,48,14
1687,02651ca22b08484294d473d9c26cd9af,86.12118661403656,31937,-1,48,14
1688,37b3d16060b442d5b6175cbebefd09a7,77.93356291949749,31947,-1,48,14
1689,9c75ddb5976343c3b7b33e8148d3eeb0,47.36814834177494,31637,-1,49,14
1690,5e4e25f87ec84942ac459a55fe064330,48.21627587080002,31922,-1,49,14
1691,c1ab33c3994041ceae32b0fe1b51e611,63.79175744950771,31953,-1,50,14
1692,23dc1b528c734082b8b3bfd9757f0eb3,65.57458825409412,31923,-1,51,15
1693,3064a6b9b3f04e5d8e51eefb4be8506a,46.7376671731472,31951,-1,51,15
1694,1c8ec6c1dd614d3fb8b8849dc8756a9a,61.03172525763512,31973,-1,49,15
1695,57a79294b87e4b55a7bcf58f7f8c6326,73.2328724116087,31981,-1,48,16
1696,3be45164a35e465cbfbc3c20ef060718,57.82744660973549,31929,-1,47,16
1697,7d1d71e3ce5745f7b49b9c2e5991a45b,49.471817910671234,31926,-1,46,16
1698,77f6617716654cfb8e313f0cd69e04a6,87.61048316955566,31956,-1,46,16
1699,08254b97198045d98009af51d144d147,86.14005148410797,31874,-1,44,16
1700,1b5a6659994e466991ba17e9998fc05e,48.17759245634079,31907,-1,41,16
1701,b214d0d42c404d4f925aa56ee9cac607,47.521837055683136,31969,-1,45,17
1702,fd96de719c3a4ca3869bf96166095368,76.60014554858208,31965,-1,45,17
1703,d41e43b5f85b4c8298180efc246d529e,90.45243263244629,31969,-1,43,17
1704,df87d08ce3644995bc7ad5721a725899,67.40315817296505,31985,-1,34,13
1705,20684b77c01641e7a5ada48308a0b1e1,49.11747761070728,31961,-1,25,9
1706,418cbb70159341c1ada4f3ba1fb69713,47.0564179122448,31790,-1,47,11
1707,1a89f57231644ef9a941a51bc4322bdd,47.287316992878914,31790,-1,52,12
1708,25a777903d554457b6e4e5e437f21125,58.359360322356224,31817,-1,55,13
1709,92bf51f4b2c447b5a8e068e25cf1f980,63.149260357022285,31674,-1,58,15
1710,66acf00fb96648bd8d7493be238ecc8d,46.70749045908451,31838,-1,61,16
1711,a893b19c605e41f8b9f625cd5d968960,47.20785282552242,31879,-1,61,16
1712,96d621f9ae4d44f0bf45688877a2d8fc,49.18404296040535,31924,-1,61,16
1713,9c1fc0d8c93b4a8584cc4f41d2863667,81.23733848333359,31870,-1,61,16
1714,8010cad5488d4f449a45b8ba24f97fb3,86.08882501721382,31815,-1,61,15
1715,b416110f0fcc4aeaad2c3ea13ff0f519,51.05824954807758,31833,-1,61,15
1716,88918bab1cb841f3a0fbb92a1110fc47,55.009037256240845,31800,-1,61,15
1717,eb9d7bc242d14e92a46c1037126cb204,47.66192100942135,31624,-1,61,15
1718,1b9f1ac3f22b410ab8d5252ebddd78d7,62.581077218055725,31758,-1,62,17
1719,e79bf81d98084e178032acbcdd9cb909,57.27464333176613,31814,-1,64,18
1720,780457151a8a4d3a83b09dd1c7e9403b,52.20809206366539,31811,-1,66,18
1721,60321e7996b64926bfb9afd9c53b4170,64.2896518111229,31758,-1,65,18
1722,0799844f6afa4ac1840181d0c8b26f08,64.24297392368317,31789,-1,65,18
1723,6489d3f46b87471086ba9c5c1ef9266b,49.1129606962204,30978,-1,65,18
1724,abc3bcd0053842e482d2296fc55cc405,84.33529362082481,31083,-1,65,18
1725,76919271ab6d402b908a31648191a5a4,55.46250380575657,31299,-1,65,18
1726,a1914259fc2542dbaf82def95b83f9d5,82.45779946446419,31663,-1,65,18
1727,586d6516ca7e4c528a6a59eb470e17a8,54.37241680920124,31659,-1,65,18
1728,113f0ef12c2d455ebd676580a8bb9d57,132.56612978875637,31459,-1,65,18
1729,f5fa686f58434bb3b199e4d87be19261,49.05560053884983,31797,-1,65,18
1730,4e39dbe32cc443a4bfd5fb620628472c,50.44748820364475,31622,-1,65,17
1731,18e40c605a454373ad2074ec5429745c,54.8500157892704,31756,-1,63,16
1732,2ee49140790544d8b01f52813ba9444c,49.43230375647545,31738,-1,63,16
1733,1fde5dec10c4471d97b84c10742a01b5,47.22016863524914,31835,-1,64,16
1734,64b2cd57232f4358992168b0952c9e15,84.28279496729374,31851,-1,66,18
1735,62fda3b441504bb69459b4d413dd239e,93.63827295601368,31871,-1,66,18
1736,a684d7f8873c40a1aef81b519339e1a4,128.72352078557014,31826,-1,66,18
1737,c95a25401bd845719d68ea6771a30788,48.78631420433521,31838,-1,66,18
1738,c277f8cfa79f44d184ae3e5e9e2a1f42,68.08135844767094,31774,-1,67,18
1739,23d04168ebfa4aabbd7ab5024c7f096f,98.29945676028728,31832,-1,66,18
1740,1e0daf978bb4479a81c170e2623b5952,74.03905130922794,31860,-1,65,18
1741,fe3e9f5a937641989dba37c2778909b7,51.297541707754135,31836,-1,65,18
1742,1055581a282140f69b2fcb6906629785,49.40096288919449,31834,-1,62,18
1743,c48c3dfec8b5454ab97303a00365a77b,60.483118519186974,31836,-1,62,18
1744,aa05cb2306d44741a5ca0230e8b307a9,71.81827165186405,31821,-1,62,18
1745,72faff2c0c1749869c925e55b30e7b78,74.52401705086231,31771,-1,60,18
1746,c525629d7b3749d8968b486bb5412adf,78.4181971102953,31762,-1,75,16
1747,273f8288e5bf48ef835a1b71839f95ff,48.45288395881653,31784,-1,80,17
1748,005d3e821c4e4e0ab03f1ea1dcbf9cc8,48.36237244307995,31820,-1,81,17
1749,f1a2b04d085842dfa616d66eb41f1dac,68.20559501647949,31849,-1,85,17
1750,14ab15e6c6fa4ac5a925b3b3d5057a69,47.370342537760735,31799,-1,85,17
1751,686d05b40a9c4e0787ad4d7d9a34b7e2,48.91876317560673,31774,-1,86,17
1752,8613eaa60fdb40e7b7564f4bd1a0a713,80.14730177819729,31857,-1,88,17
1753,c7b18ce7027c4cc3b2068fbf46860b3f,74.20148886740208,31817,-1,92,17
1754,ed00973ef2814a90b76417d73362c2ed,119.61630918085575,31867,-1,97,18
1755,c81a1a2b42f04905a14373fcb4842658,91.51567704975605,31930,-1,101,18
1756,f2b4bd49dd73457395591ff69ac90dec,48.2522863894701,31910,-1,106,18
1757,d8866c75f88a4dbaa461260b81409544,51.028335466980934,31725,-1,105,18
1758,80dda70f1eb04a0cabbbafe1318e4a88,63.75604681670666,31808,-1,107,18
1759,bd5f50d1b5ce496f9c86018e9681c854,83.85966904461384,31583,-1,110,19
1760,ece036de967b4e73bc8d76d60d2d6852,82.21556432545185,31820,-1,112,19
1761,a29623dd054b4177a9d98b83c0fd23bd,89.33253772556782,31765,-1,111,20
1762,319d9da83ce44598bb9514917fd8d0fe,47.740669921040535,31781,-1,115,21
1763,94126983bc0c4de89fb27cefb81f24ef,49.98938366770744,31644,-1,119,20
1764,68cc30fac5f043d09cf991e05c47c75e,51.508549600839615,31836,-1,119,20
1765,ad830c774eb7484a87fd2c776c570c2f,55.457744747400284,31938,-1,111,20
1766,7a80523f99c3434ba5f65a3ddad2b2ea,51.909225061535835,31928,-1,111,20
1767,699e94e9f1cc4dffa7c58c00fd3a740f,69.32832300662994,31987,-1,110,18
1768,1a5aaf6004d64cd889d07fad3210717a,57.56031349301338,31996,-1,101,18
1769,ecb02ec960ee419e93ba9b7ca097f39e,81.8498358130455,31984,-1,100,16
1770,1e4c26347efc4a52874cdce79c1e3560,48.26958104968071,31998,-1,98,16
1771,6f86c8245d654d66b0ea21fc3b86be8e,87.56988681852818,31997,-1,93,17
1772,645e0c2f9b724c5b95fe434930c2682a,78.02771218121052,31997,-1,94,16
1773,01176d20420b404ea52769d01ad61b0c,48.711635172367096,31988,-1,88,15
1774,d2d9f427368a4a5f87ee755944004705,87.19479106366634,31934,-1,76,13
1775,dbdccd9cbc164e7897ad372ea8d43bde,53.48591133952141,31986,-1,68,11
1776,c9efa9b7f6684fc08357f49151990ccd,74.4677446782589,31989,-1,62,15
1777,6648ade33185426ea5864cdf7e0f028c,71.06605172157288,31962,-1,55,11
1778,13ccb50e48444e128c76ca469117d676,49.664510414004326,31986,-1,49,11
1779,2314ea963c6f415fafe75d8e578be1d6,64.09724056720734,31988,-1,45,10
1780,39c9dbd0165243af98884b726f6cfd33,89.55329097807407,31983,-1,38,7
1781,920e1cc30e614027b343ce9829eef500,48.081131651997566,31977,-1,35,5
1782,716255464b314cfa9c5544d3e9011e08,70.57454437017441,31990,-1,35,5
1783,22545686b0f8403dacb13f9d2b6ffd94,47.19783551990986,31970,-1,33,5
1784,cbdb9a1e000b407392830452576cf1ee,60.168975964188576,31963,-1,23,3
1785,c35efe5eaf784275b8c7e31fb50aa902,95.05566954612732,31972,-1,3,2
1786,bbfbdfbb51634a7885c8c8aa5c7d3ada,63.5993592441082,31974,-1,3,2
1787,23fecfb4d87245d78c134c66b5f7ba26,72.7771520614624,31970,-1,3,2
1788,5a6a4091ef044f29919e180ded9f0ac9,94.5234727114439,31966,-1,3,2
1789,3f065eea5a9a43a9959e9304d6613472,47.325246036052704,31963,-1,4,2
1790,89bc1e54d10a47f8bbb13552df6fc114,48.0673685669899,31953,-1,4,2
1791,5bda3cb5fba04f078ed6559d6ad53ad2,47.24564589560032,31962,-1,4,2
1792,d05a95e0449b48b1a964849f3d7849f4,56.31905980408192,31975,-1,4,2
1793,4f678fa48380438fa73e79931cc86e45,47.99744486808777,31963,-1,4,2
1794,86b84392b77545d98db8135f590fd829,62.22234107553959,31975,-1,4,2
1795,bcba1b4aa79c4de0b93e7e729efde8ed,79.95825260877609,31963,-1,4,2
1796,0ed1a404c1fb4f7a87a30d3ee45f7f97,48.373743891716,31976,-1,4,2
1797,88759370eff4419f9b3fd987b3035355,48.69157448410988,31983,-1,5,2
1798,51ce7845929f48568a0929e663b8b6e4,47.67736233770847,31978,-1,5,2
1799,d28733ecd5204cd28a17965a6bb72df8,86.51513792574406,31976,-1,6,2
1800,6c6c21246e5249edb225218c1e0cd1ce,81.43118396401405,31979,-1,6,2
1801,ae94b61493d74e4ab194621a930441bd,69.5953480899334,31976,-1,6,2
1802,f777d3dbcc5547bc8adbfa529ab4fa3c,58.45581367611885,31982,-1,6,2
1803,cd57d8203af0414d97e5987b2bed7259,73.6582763493061,31973,-1,6,2
1804,eb0fe3d48c3a430a92fb9a7dae1b2409,47.14655876159668,31987,-1,7,2
1805,b78469963c894087b7093a07df2b3fcc,72.56359606981277,31990,-1,7,2
1806,4e112424cadb4c508f24240f07da8a24,57.414740324020386,31985,-1,9,4
1807,5ad76231ff724caa85e151d89bc8770a,86.14073134958744,31973,-1,10,5
1808,9b6aa502f94d4a9c87f86360d0d2f45c,48.303231596946716,31993,-1,10,5
1809,02e898c7625f48c88379bafee924c290,65.70081599056721,31980,-1,10,5
1810,d4cc2c0085ee4242bd780d2e30f0a8b0,48.43468964099884,31976,-1,10,5
1811,d37198617cdd43daa8f0b5ad25bc2852,78.44001799821854,31971,-1,10,5
1812,bae1dbffebc641a99ba5f2eaf128bd98,76.84658281505108,31984,-1,10,5
1813,a62dd256787942f39fe7ce42fa130152,48.85360971093178,31987,-1,10,5
1814,64d019bf33ba4dcb9eca5e5ab2ef967e,49.83417131006718,31990,-1,9,5
1815,a4a9d61254d148fba35d53277b5246f8,46.93635180592537,31970,-1,9,5
1816,08beb6614eef4f7cbc320082a06d725d,74.90694150328636,31978,-1,9,5
1817,4abbb74395314826bf1f12d601b61800,47.2730565816164,31975,-1,9,5
1818,0af54713a83e4d54b852eb2239039136,48.15489239990711,31977,-1,9,5
1819,5e63770fc35945f1a6a7b1ecd2d9e459,86.02306805551052,31980,-1,9,5
1820,e6c01889665a4affaf5bbedf91b8f2d0,79.10465449094772,31983,-1,9,5
1821,0243c409f6504a7fb4a0a46051150f1b,47.311170026659966,31987,-1,9,5
1822,b6f68fbeb0184bff886f36e6bac5408a,47.82802425324917,31969,-1,9,5
1823,d51bc02e54794cf38c6ea68071c70de2,87.71223947405815,31965,-1,9,5
1824,06ff524a14914fb79aa7afe3af23a755,50.12783594429493,31931,-1,8,4
1825,269601cc1e4d45a3a36fbf291d45a447,52.077656611800194,31800,-1,50,1
1826,4ef689e811144b91bc3972cf5c9f24a7,75.72368532419205,31773,-1,52,1
1827,e6b62fb271c944cd9a7871b3972a8721,73.6723430454731,31813,-1,49,1
1828,edd33328448f40b49f0f7e1da07b9ca8,92.28981658816338,31844,-1,49,1
1829,7d47b2309e5f4eddac3ca1b82f16bba6,47.10589163005352,31986,-1,47,1
1830,0d03e6ff8bd54867b2fd69df2de63748,57.69873596727848,31977,-1,47,1
1831,1ae51c77dcb94e98b0349b2213b4b146,50.64349062740803,31965,-1,46,1
1832,42de34837ddf4633adc4aedf2e824c5e,49.431128427386284,31942,-1,45,1
1833,f087c45005124bc5a0ed2e8eb39892fe,82.42090046405792,31954,-1,47,1
1834,deb3daf1fd634c4b83a80182cabeef46,86.38697490096092,31941,-1,47,1
1835,3a58d50af7664817bbe31b231a5e17ae,52.33921855688095,31957,-1,47,1
1836,f70d94a083f3437e8fd693d8648b6587,57.89734795689583,31925,-1,43,1
1837,c61759978d3c4a799a1f91e2f98db722,85.51928959786892,31935,-1,41,1
1838,21272b5266a646fb92504d5eeebf11bc,69.08621452748775,31961,-1,40,1
1839,a11122da55ec4b27b580c23e8473e874,47.41407372057438,31962,-1,38,1
1840,63e40c4a678d4bf49031458d5ba6e01b,56.74537643790245,31955,-1,35,1
1841,c5e587ca7daf4f0db1f369a55a833f14,86.09222993254662,31922,-1,35,1
1842,953507dae9794a6da9229055585a371a,47.452326864004135,31965,-1,35,1
1843,c91a97e6c7fc40e995491ae7272db9ab,49.70310442149639,31971,-1,35,1
1844,1463c5e376a945f1950fce5247eb2953,48.85879158973694,31981,-1,35,1
1845,9f7efc90664f4c3f84ce0014bbeb3fde,81.92514441907406,31992,-1,33,1
1846,10a3ee039c4c482ab220e69c1e420031,70.03203965723515,31962,-1,30,1
1847,da52113f2bed429f9666830c6fe3f2b4,49.874166026711464,31896,-1,31,1
1848,15aade949000400ea701dbd79710f8f0,81.77274093031883,31927,-1,38,1
1849,305eabe98b6a445799cad8d843047cae,64.05474990606308,31890,-1,42,1
1850,2a8814846e6940cbac163a9974837204,49.78365637362003,31823,-1,43,1
1851,bbe3c0605629491ba2dc5eef6ff2d3d4,83.60309153795242,31820,-1,44,1
1852,ca6d6807f08a4a7b86f748820069eae7,48.61410893499851,31878,-1,43,1
1853,ba27f0e4ca2a40d88ef1d44d2ebdc9e4,48.098064959049225,31727,-1,43,1
1854,d2695a8237424836a115110981fa9e98,48.06610383093357,31767,-1,43,1
1855,b7efe50e943141a4b447b2995bb5a6e9,55.609190836548805,31886,-1,43,1
1856,108269b3def84196a54f082bcf5ea972,69.99354809522629,31969,-1,44,1
1857,f954522c65fe49208c969909442ca375,114.31553587317467,31905,-1,45,1
1858,ba53f1ae83484a8abb8f8777f7a073e2,56.59285560250282,31925,-1,41,1
1859,84c4e9822b544011b42d5dce27f19b95,70.66189125180244,31956,-1,45,1
1860,57e687deea9c413e85a3a923495b9bdc,48.80446754395962,31958,-1,45,1
1861,17769836674942518240fa777b091210,48.912541940808296,31957,-1,49,1
1862,9c3ecb17cd3145278b959c88fdbc12a1,48.436522483825684,31988,-1,44,1
1863,bda4f0fb063b43648614009183ddb205,90.6105563044548,31971,-1,37,1
1864,b98e65c90a7a445a907a3bb1467b551b,66.88011065125465,31905,-1,19,8
1865,b8625dc52082469babded72ca4f0f823,47.71291837096214,31949,-1,20,7
1866,54e8477902df471d8b43705b1a120f37,52.09888331592083,31974,-1,21,7
1867,d7e01a57f86548e2808351f913e21706,101.04271583259106,31948,-1,22,7
1868,7531f8e54ec6433b8c5f52eabbfec701,56.65692873299122,31979,-1,24,7
1869,0de7fa322bc7487c9d5073e234566032,49.35336299240589,31985,-1,22,7
1870,8998453f5b16454294476995463f32d6,70.64411416649818,31998,-1,22,7
1871,e259859ceada447494eb61a30a121ca0,47.721050679683685,31803,-1,21,6
1872,e3ea9ec04e084b96b497f4edc4024bfe,79.44706827402115,31995,-1,17,6
1873,bad735b92fba419ebd141e001451eb73,48.52724447846413,31990,-1,18,6
1874,c4a291f361bb4e84bba77b62db710b8e,50.81217549741268,31763,-1,17,5
1875,8135e2527da0405d9887a6a9b456586f,58.14649909734726,31822,-1,17,5
1876,ece0178703b54e2ebca795f26eed56a5,60.86842343211174,31857,-1,18,5
1877,c7c62f68bd0a45e9877829a30e36a62b,93.63739006221294,31981,-1,19,5
1878,91b4d539792443d6a3aff6f939477159,74.63435642421246,31981,-1,18,5
1879,141a69c7937849e59d9942e0eafc8be5,47.40697890520096,31977,-1,19,5
1880,142934bfdfef4609878a306af32fefa8,64.14420902729034,31970,-1,17,3
1881,db32a1f21a8b49989746a09ceab49905,48.53449761867523,31908,-1,17,2
1882,256938d7a50d45ce82c031a72f57d326,48.21481741964817,31867,-1,18,2
1883,fa9853c0f9bf414f8ccc9654ae9b0775,50.977958366274834,31895,-1,18,2
1884,81ddc3fd101e41d0931e7c87381ca697,74.64142888784409,31916,-1,18,2
1885,89f10c1e72e34cd1b8fd94dda57dbe0e,51.24391056597233,31889,-1,18,2
1886,c0118a0cdb484aa782b3bedc0cfaa757,48.10698889195919,31895,-1,18,2
1887,6323d1a186e7440084cd1a90e7ea610c,72.00515270233154,31860,-1,18,2
1888,e54e8d4a4e38433ead078b6644b4ce70,55.905841290950775,31903,-1,16,2
1889,3b195d69951a4207b2e0d0ad5e4411c7,47.58600704371929,31935,-1,16,2
1890,5001ffaf66384b63a0e51b5083a3bc30,48.099104315042496,31913,-1,15,1
1891,4c3a27cfaff14d6aba675b5f051efc39,49.818130210042,31824,-1,15,1
1892,b027772a1e11420ea815686a03e356a1,65.00418297946453,31816,-1,15,1
1893,d5f7ce1b4817415bb884f5d970eda7be,62.29916773736477,31949,-1,15,1
1894,3725400736c64108b7888c90a91b64c8,47.45006375014782,31958,-1,14,0
1895,b3eab5cc4f404f19a5b89ea533605161,74.9086756259203,31931,-1,14,0
1896,ab857edfbfc94a369e6dce819fe16aec,56.416284292936325,31914,-1,14,0
1897,60d7dd6be0a34d54987cd8c567e07eda,104.70716096460819,31929,-1,14,0
1898,a3a83aabf393401697bc995d75363802,91.13702550530434,31893,-1,14,0
1899,ddcc64ec946847d5a8c502adcc11d3c5,75.10652579367161,31894,-1,14,0
1900,89c964f19d8240f9bf5d815120a9529b,48.87017235159874,31902,-1,14,0
1901,5d44dad07b0945f2b8b8c1082e650c46,55.91348744928837,31918,-1,14,0
1902,f51bc0dad84247818c349c797e285f20,77.73780450224876,31921,-1,14,0
1903,09361337f2bf4e819aac2a310481e62f,60.23789569735527,31930,-1,41,3
1904,05c9723974374ae8bb8dea4fdf4dac5f,47.84725978970528,31905,-1,42,3
1905,4e87276d0d1347a48550a74799631d6a,82.34022930264473,31940,-1,44,3
1906,cf936389418543b79f3e178e33d2934b,49.92996342480183,31944,-1,45,3
1907,72505908976e4fbe8addb92ed4dcd250,71.89937680959702,31961,-1,45,3
1908,6c9ad4d2b6084ccea4a7aff96cb9eef0,87.39829622209072,31961,-1,45,3
1909,5c7c23122dd94c70b8ab5528f27ba117,48.57008904218674,31898,-1,46,3
1910,f17eff26a49243a182f6843ff4f2d68d,48.22620749473572,31897,-1,47,3
1911,f666b893286a4511afd9c799841d427b,47.621916979551315,31929,-1,49,3
1912,5280125457214cad869cd0aaa4aba5f8,46.75140418112278,31926,-1,49,3
1913,c0ab12380dbd49d9aad1098df78e3800,83.67960713803768,31906,-1,49,3
1914,d6f57f68244a4136aa87ae54bf0aaef1,48.65530505776405,31869,-1,49,3
1915,8809e3930d5c4bfa88c2494ad3be72d9,49.56505447626114,31928,-1,49,3
1916,8d265c91cc944ba790c09e74d2811d08,60.6823842972517,31919,-1,49,3
1917,6eff23054ff6444eb949a80286c66bcc,49.80788007378578,31929,-1,50,3
1918,1d374f780d43407790ff6053b90f3716,64.15955908596516,31985,-1,51,3
1919,7461eb9987354c5db09f9203786b2324,49.38058741390705,31924,-1,52,3
1920,ddfc5088c6fe45e7a4b435875838119f,59.04732085764408,31870,-1,53,3
1921,716e5c98631a463a8aff6291bccdf4ae,58.249905705451965,31985,-1,54,3
1922,ddbf483cd9a34b7495867ad4e743dda8,48.90500754117966,31984,-1,55,3
1923,c762677107ea48979e06437ebc5c0c95,85.00512689352036,31883,-1,56,3
1924,bb0abb64c37b49058b885392c22d3b29,69.25456412136555,31950,-1,58,3
1925,18dfc351d10541f5bd12a9b434a4e771,74.98464919626713,31990,-1,56,1
1926,cd5b545ae3a84977b537cad727c55d3e,75.1437358558178,31996,-1,53,1
1927,58976dcd6bc449b4a23cadab4fb49646,62.768423929810524,31997,-1,53,1
1928,f2758f85e46f41fcb5375f13b498fd60,47.5296825170517,32000,-1,54,1
1929,4fc9bbe6198c4b8e837fd2ae0de6a4e2,47.5674606859684,31999,-1,57,1
1930,934013e218544a9c8b7d34297becce68,47.40252159535885,32000,-1,54,1
1931,501491486c9e46d6b30d01c7db5b4f32,49.35058765113354,32000,-1,54,1
1932,9489e07f0ebf455ca35819c3090818ad,62.83695064485073,32000,-1,53,1
1933,2629f4e9f2c843e18b1e29011654e6c8,48.702796921133995,31999,-1,50,1
1934,795dceace16443a2a3a793971435f58c,88.73108215630054,31999,-1,44,0
1935,b3105c6e9a3a4a30bddd24b48b111d78,84.87826026976109,31995,-1,42,0
1936,65dd7b1dddac43749bdf45eed19a279b,47.47348465025425,31972,-1,40,0
1937,f7b89f7f3cf545178bfa58cf334653ac,46.768415719270706,31897,-1,39,0
1938,b4a5b2fdb2ac4fe6a4b65ce2eb850c32,50.917815417051315,31574,-1,37,0
1939,15f9009a938b40a4b3c6ef83b55c19c2,106.05429671704769,31974,-1,38,0
1940,a5e717fe82f4463190f06759630fa3f3,68.45076568424702,31995,-1,36,0
1941,a18be1888ea5465eb6530ae4b1eb69d7,48.3804177492857,31995,-1,34,0
1942,097c7295f13a4746a2c46d036c21bd3e,84.28593911230564,31958,-1,49,10
1943,2bb5509e49344af9a6dd61dddab5a859,47.709010541439056,31950,-1,49,10
1944,b92ee1ed90c242d18bce9a8fdbbeb8d8,47.41284064948559,31967,-1,48,10
1945,c05110b8ec93423dbf2f39b916f16979,46.78887501358986,31965,-1,48,10
1946,8398a7b012a04b00a72951ce2792e9d6,119.11630630493164,31970,-1,48,10
1947,d11353f29481498487eef6a6661060a4,81.10197447240353,31943,-1,46,9
1948,4135ed4dd5fd46b486b5994b5736c0f6,50.58562010526657,31926,-1,49,10
1949,70ea11fab78d40d89ee2915fcc20bd9a,51.2231532484293,31940,-1,47,10
1950,b6354702127042f6b3a3ca6143296331,46.162113547325134,31927,-1,49,10
1951,e301e136efc44b5f89f8824f57d1d1b5,72.61158898472786,31937,-1,46,9
1952,fc992f0933a44ad2a8787d4eb50af15c,84.28367972373962,31930,-1,50,11
1953,255afd1fb1a34c9ebc1a577e49fbccd4,53.74054238200188,31931,-1,48,10
1954,fad2408ec620496882c5eac75d7226af,70.6691313534975,31936,-1,51,10
1955,cd46f5df303a4d60abd7e4447d344d4c,99.72657077014446,31929,-1,53,11
1956,ea5943fafc5646aab115dbe5c8d30631,53.03352698683739,31916,-1,53,12
1957,ad8a760fd8104effa036a20e260be50d,87.33790181577206,31963,-1,51,11
1958,74efe709d705423592fe052bbe3963cb,61.50655075907707,31940,-1,53,10
1959,1a69f00de8854f129d656b0f35d8ce97,49.63596723973751,31955,-1,53,13
1960,efb2d46049fd431f8b39b7c5149f9749,76.87551528215408,31978,-1,46,11
1961,ae16009cac6f4ff9ad4748088427c927,71.36127725243568,31992,-1,50,12
1962,e076002814294765abad22d58bdedbf4,47.923363745212555,31983,-1,48,12
1963,2081bd77ff3b4d69b1641d7d1425cde4,65.22748433053493,31992,-1,48,12
1964,d557b9adf90b44b0b128ceb13e23e386,49.579691141843796,31926,-1,48,10
1965,a7e83e3b5cd24948a58c93c66ba54d77,50.6635345518589,31951,-1,43,9
1966,8fa01e4bfb3a4eabbd59a5ef46185f2e,59.08014997839928,31953,-1,44,13
1967,5efe5833716e44e8b36d93d9c1144d5c,71.21196761727333,31911,-1,48,15
1968,e92d597382bd4a3c98b1a48908f85bdf,48.27483557164669,31802,-1,49,14
1969,1393101dcc194c64a63320e6f2d5acc4,47.25545458495617,31992,-1,48,12
1970,e2f07f5c5b964adfa922566c6bcc0d9c,80.5513747036457,31964,-1,50,11
1971,26f23947fce24749b747ab531507952d,68.92544031143188,31947,-1,45,8
1972,2152a1319102465a8f95673c8bf5dc95,67.68657453358173,31720,-1,48,10
1973,191374a2316d4e348b3d2f89057aa6aa,47.58726246654987,31656,-1,40,4
1974,db792f2f25d34cecb4ef462c2a4a8880,66.09394773840904,31685,-1,40,5
1975,87e52fd5dabd4c1fa075f42c0a89e72e,84.11736413836479,31685,-1,41,7
1976,4f77a18fec2e42899e71e123c81c925e,55.35685643553734,31988,-1,40,7
1977,6fd0afc617ad4aad9ff17f252751b6b4,46.67442664504051,31982,-1,32,3
1978,de76993a17914ac2a539c9e55c6009dc,73.47923517227173,31990,-1,34,4
1979,6b167511ce50433d8cd908436b29e5f8,86.70603856444359,31992,-1,30,1
1980,5a8754b66df14818afbac0a76cf12368,75.45108906924725,31994,-1,30,3
1981,7876ea81dbe74b31a262426af050eb8a,46.96818254888058,31996,-1,25,3
1982,5b90526901414d2aa5db2b9fdaf858eb,46.99159786105156,31981,-1,24,3
1983,aa9848eff6fd40a88148dadfa611b10b,69.16410103440285,31961,-1,19,2
1984,5a2d3dfe7075436fb5826dfc45e53495,46.995531767606735,31992,-1,23,3
1985,f56b256d74d5484fbb1be4ac42546a7c,83.96177180111408,31874,-1,22,3
1986,509430f5472a4a47bde26cf3bee935fb,72.69368134438992,31828,-1,23,4
1987,fb51300f4f894631bbf2a1c0970e0701,49.17854256927967,31885,-1,21,3
1988,bca4a3f7ae0748c3b7b2f6e537c1518c,50.626495853066444,31914,-1,21,3
1989,9e597bf087df4d7fae593e7793e87e4e,63.74722719192505,31972,-1,24,2
1990,ca025b0fd09d40f8bc1dacec54d6b937,47.68684878945351,31983,-1,23,2
1991,c735e5f28290490b9fe269fcc6f1f895,74.50617477297783,31987,-1,26,2
1992,bc73130bbe4e4361922e99edbed1d8e6,84.40473675727844,31990,-1,24,2
1993,f984bba40e134fb7ac6e7abf11a20b69,50.93786306679249,31954,-1,23,2
1994,9831d9d23688450281465c2786c5e3a3,67.7323006093502,31926,-1,26,3
1995,9410ca9b3f9c4f528756dc5a009f20fd,47.91903682053089,31950,-1,25,3
1996,2e70460e06f942f08adadadf3e434050,49.17231202125549,31967,-1,25,3
1997,f748001963c7443f88b5988cebcbcc22,47.98212833702564,31971,-1,26,3
1998,815d072a4ff24e4db5f487150c37da38,70.88148407638073,31971,-1,28,3
1999,0aaca2f368ea4089a3e025efcae32588,79.93702404201031,31967,-1,27,3
